,re,re1,re2,re3,re4,re5,中国:产量:纯碱,re期货持仓量:纯碱,re期货持仓量(活跃合约):纯碱,期货持仓量:纯碱,期货持仓量(活跃合约):纯碱,中国:开工率:纯碱,中国:固定资产投资完成额:累计同比,中国:固定资产投资完成额:制造业:累计同比,中国:规模以上工业增加值:金属制品业:累计同比,中国:规模以上工业增加值:金属制品业:当月同比,中国:规模以上工业增加值:通用设备制造业:当月同比,中国:规模以上工业增加值:通用设备制造业:累计同比,中国:规模以上工业增加值:专用设备制造业:当月同比,中国:规模以上工业增加值:专用设备制造业:累计同比,中国:产量:工业锅炉:当月同比,中国:产量:工业锅炉:累计同比,中国:产量:金属切削机床:累计同比,中国:产量:金属切削机床:当月同比,中国:产量:汽车:当月同比,中国:产量:汽车:累计同比,中国:PPI:全部工业品:当月同比,中国:PPI:全部工业品:累计同比,year_x,month_x,weekly,pred,pos,reMonth,asset
53,0.04847396768402157,0.06095238095238087,-0.01869158878504673,-0.020744356314826073,0.014860681114551078,-0.007375537799631182,55.0,0.1090367987797296,0.03241029535407236,401346.0,304528.0,78.52,2.6,-3.5,4.3,13.8,10.2,4.4,10.5,6.0,50.9,21.0,4.1,25.7,8.1,-2.7,-1.5,-2.0,2020,12,103,-0.011478413894230008,-1,-0.04847396768402157,-0.04847396768402157
54,-0.013127853881278573,0.04847396768402157,0.06095238095238087,-0.01869158878504673,-0.020744356314826073,0.014860681114551078,52.65,-0.22864560753065932,-0.3985413492355383,309580.0,183161.0,75.17,2.6,-3.5,4.3,13.8,10.2,4.4,10.5,6.0,50.9,21.0,4.1,25.7,8.1,-2.7,-1.5,-2.0,2020,12,104,-0.010324465409297599,-1,0.013127853881278573,-0.035346113802742996
55,-0.0080971659919028,-0.013127853881278573,0.04847396768402157,0.06095238095238087,-0.01869158878504673,-0.020744356314826073,46.95,-0.15560113702435563,-0.15913322159193277,261409.0,154014.0,66.26,2.6,-3.5,4.3,13.8,10.2,4.4,10.5,6.0,50.9,21.0,4.1,25.7,8.1,-2.7,-1.5,-2.0,2020,12,105,-0.015022428847517868,-1,0.0080971659919028,-0.027248947810840196
57,0.005830903790087438,-0.0080971659919028,-0.013127853881278573,0.04847396768402157,0.06095238095238087,-0.01869158878504673,49.38,-0.11129303122692791,0.14118197047021708,232316.0,175758.0,69.54,2.9,-2.2,5.2,13.0,11.1,5.1,8.7,6.3,13.4,-1.2,5.9,32.4,6.5,-1.4,-0.4,-1.8,2021,1,106,-0.016839073792076293,-1,-0.005830903790087438,-0.033079851600927634
58,0.012753623188405783,0.005830903790087438,-0.0080971659919028,-0.013127853881278573,0.04847396768402157,0.06095238095238087,51.6,0.09515487525611666,0.14341879174774408,254422.0,200965.0,72.66,2.9,-2.2,5.2,13.0,11.1,5.1,8.7,6.3,13.4,-1.2,5.9,32.4,6.5,-1.4,-0.4,-1.8,2021,1,107,-0.021088798498534303,-1,-0.012753623188405783,-0.04583347478933342
59,0.011448196908986796,0.012753623188405783,0.005830903790087438,-0.0080971659919028,-0.013127853881278573,0.04847396768402157,53.19,-0.08781866348035938,-0.10744657029831062,232079.0,179372.0,74.89,2.9,-2.2,5.2,13.0,11.1,5.1,8.7,6.3,13.4,-1.2,5.9,32.4,6.5,-1.4,-0.4,-1.8,2021,1,108,-0.021864139411923618,-1,-0.011448196908986796,-0.05728167169832021
60,-0.009620826259196358,0.011448196908986796,0.012753623188405783,0.005830903790087438,-0.0080971659919028,-0.013127853881278573,52.56,0.00932871996173712,-0.01172423789666166,234244.0,177269.0,74.42,2.9,-2.2,5.2,13.0,11.1,5.1,8.7,6.3,13.4,-1.2,5.9,32.4,6.5,-1.4,0.3,0.3,2021,2,109,0.0032291818182241514,1,-0.009620826259196358,-0.06690249795751657
61,0.03314285714285714,-0.009620826259196358,0.011448196908986796,0.012753623188405783,0.005830903790087438,-0.0080971659919028,54.92,0.02114461843206228,0.021504041879854885,239197.0,181081.0,77.77,2.9,-2.2,5.2,13.0,11.1,5.1,8.7,6.3,13.4,-1.2,5.9,32.4,6.5,-1.4,0.3,0.3,2021,2,110,0.005093222973371334,1,0.03314285714285714,-0.03375964081465943
62,0.11172566371681425,0.03314285714285714,-0.009620826259196358,0.011448196908986796,0.012753623188405783,0.005830903790087438,54.92,0.11073717479734269,0.09366526582026835,265685.0,198042.0,80.82,2.9,-2.2,5.2,13.0,11.1,5.1,8.7,6.3,13.4,-1.2,5.9,32.4,6.5,-1.4,0.3,0.3,2021,2,111,0.0063865308930767814,1,0.11172566371681425,0.07796602290215482
64,0.017910447761193993,0.11172566371681425,0.03314285714285714,-0.009620826259196358,0.011448196908986796,0.012753623188405783,58.48,0.15170220373750865,0.19409519192898483,305990.0,236481.0,82.82,35.0,37.3,59.5,13.0,11.1,62.4,8.7,59.2,13.4,59.0,85.4,32.4,6.5,89.9,1.7,1.0,2021,3,113,0.01485644370994139,1,0.017910447761193993,0.09587647066334881
65,0.025415444770283457,0.017910447761193993,0.11172566371681425,0.03314285714285714,-0.009620826259196358,0.011448196908986796,58.51,0.11728487859080361,-0.0031207581158739783,341878.0,235743.0,82.86,35.0,37.3,59.5,13.0,11.1,62.4,8.7,59.2,13.4,59.0,85.4,32.4,6.5,89.9,1.7,1.0,2021,3,114,0.01293071553399055,1,0.025415444770283457,0.12129191543363227
66,-0.011439466158245981,0.025415444770283457,0.017910447761193993,0.11172566371681425,0.03314285714285714,-0.009620826259196358,57.45,0.47168873106780773,0.43809996479216773,503138.0,339022.0,81.35,35.0,37.3,59.5,13.0,11.1,62.4,8.7,59.2,13.4,59.0,85.4,32.4,6.5,89.9,1.7,1.0,2021,3,115,0.015093302949427616,1,-0.011439466158245981,0.10985244927538629
67,-0.005785920925747368,-0.011439466158245981,0.025415444770283457,0.017910447761193993,0.11172566371681425,0.03314285714285714,58.5,0.11385743076452193,0.025346437694308888,560424.0,347615.0,82.5,35.0,37.3,59.5,13.0,11.1,62.4,8.7,59.2,13.4,59.0,85.4,32.4,6.5,89.9,1.7,1.0,2021,3,116,0.007516043728762325,1,-0.005785920925747368,0.10406652834963892
68,-0.07225994180407369,-0.005785920925747368,-0.011439466158245981,0.025415444770283457,0.017910447761193993,0.11172566371681425,59.82,0.017900732302685185,-0.05830013089193509,570456.0,327349.0,84.35,25.6,29.8,40.2,22.5,20.2,39.9,17.9,37.2,62.3,63.2,67.4,42.9,69.8,81.7,4.4,2.1,2021,4,117,0.0034759271798018554,1,-0.07225994180407369,0.03180658654556523
69,-0.004704652378463181,-0.07225994180407369,-0.005785920925747368,-0.011439466158245981,0.025415444770283457,0.017910447761193993,58.43,-0.12801863772140187,-0.18597887881129926,497427.0,266469.0,82.23,25.6,29.8,40.2,22.5,20.2,39.9,17.9,37.2,62.3,63.2,67.4,42.9,69.8,81.7,4.4,2.1,2021,4,118,0.004945665424839811,1,-0.004704652378463181,0.02710193416710205
70,0.00997899159663862,-0.004704652378463181,-0.07225994180407369,-0.005785920925747368,-0.011439466158245981,0.025415444770283457,59.3,-0.10261606225637132,-0.27064311420840703,446383.0,194351.0,83.63,25.6,29.8,40.2,22.5,20.2,39.9,17.9,37.2,62.3,63.2,67.4,42.9,69.8,81.7,4.4,2.1,2021,4,119,-0.007227614688697719,-1,-0.00997899159663862,0.01712294257046343
71,0.08528341133645356,0.00997899159663862,-0.004704652378463181,-0.07225994180407369,-0.005785920925747368,-0.011439466158245981,58.54,-0.04232240027061962,0.46081059526320933,427491.0,283910.0,82.55,25.6,29.8,40.2,22.5,20.2,39.9,17.9,37.2,62.3,63.2,67.4,42.9,69.8,81.7,4.4,2.1,2021,4,120,0.007018743314665399,1,0.08528341133645356,0.10240635390691699
72,0.035936751317680926,0.08528341133645356,0.00997899159663862,-0.004704652378463181,-0.07225994180407369,-0.005785920925747368,59.94,0.05166190633253098,0.2561551195801486,449576.0,356635.0,84.52,25.6,29.8,40.2,22.5,20.2,39.9,17.9,37.2,62.3,63.2,67.4,42.9,69.8,81.7,4.4,2.1,2021,4,121,0.013721652058486066,1,0.035936751317680926,0.13834310522459792
73,0.01803885291396856,0.035936751317680926,0.08528341133645356,0.00997899159663862,-0.004704652378463181,-0.07225994180407369,59.85,-0.05301662010427599,-0.024422729120809783,425741.0,347925.0,84.4,19.9,23.8,33.9,21.0,14.9,31.6,10.2,28.2,19.1,32.2,57.7,37.2,6.8,53.4,6.8,3.3,2021,5,122,0.03872469296499349,1,0.01803885291396856,0.15638195813856648
74,-0.051794638800545245,0.01803885291396856,0.035936751317680926,0.08528341133645356,0.00997899159663862,-0.004704652378463181,59.59,0.0023206597438347742,-0.004440612200905414,426729.0,346380.0,83.98,19.9,23.8,33.9,21.0,14.9,31.6,10.2,28.2,19.1,32.2,57.7,37.2,6.8,53.4,6.8,3.3,2021,5,123,0.03817036721505247,1,-0.051794638800545245,0.10458731933802123
75,0.04264494489698123,-0.051794638800545245,0.01803885291396856,0.035936751317680926,0.08528341133645356,0.00997899159663862,56.36,0.009012745794169108,-0.01994341474680983,430575.0,339472.0,79.91,19.9,23.8,33.9,21.0,14.9,31.6,10.2,28.2,19.1,32.2,57.7,37.2,6.8,53.4,6.8,3.3,2021,5,124,0.02267976669210091,1,0.04264494489698123,0.14723226423500246
76,0.03170955882352944,0.04264494489698123,-0.051794638800545245,0.01803885291396856,0.035936751317680926,0.08528341133645356,57.29,0.32428496777564875,0.36763267662723287,570204.0,464273.0,81.23,19.9,23.8,33.9,21.0,14.9,31.6,10.2,28.2,19.1,32.2,57.7,37.2,6.8,53.4,6.8,3.3,2021,5,125,0.028575188145210328,1,0.03170955882352944,0.1789418230585319
77,-0.031180400890868598,0.03170955882352944,0.04264494489698123,-0.051794638800545245,0.01803885291396856,0.035936751317680926,56.77,-0.05767234182853853,-0.09004615818710116,537319.0,422467.0,80.49,15.4,20.4,30.5,19.2,13.8,27.2,5.9,22.6,11.9,27.4,48.8,31.8,-4.0,38.4,9.0,4.4,2021,6,126,0.03562062201612139,1,-0.031180400890868598,0.1477614221676633
78,0.0045977011494253706,-0.031180400890868598,0.03170955882352944,0.04264494489698123,-0.051794638800545245,0.01803885291396856,56.29,-0.015467534183604137,-0.09705136732573194,529008.0,381466.0,79.33,15.4,20.4,30.5,19.2,13.8,27.2,5.9,22.6,11.9,27.4,48.8,31.8,-4.0,38.4,9.0,4.4,2021,6,127,0.02668700359420306,1,0.0045977011494253706,0.15235912331708867
79,0.04485125858123573,0.0045977011494253706,-0.031180400890868598,0.03170955882352944,0.04264494489698123,-0.051794638800545245,55.8,-0.07147907025980704,-0.05702998432363571,491195.0,359711.0,78.64,15.4,20.4,30.5,19.2,13.8,27.2,5.9,22.6,11.9,27.4,48.8,31.8,-4.0,38.4,9.0,4.4,2021,6,128,0.02042263618183268,1,0.04485125858123573,0.1972103818983244
80,-0.007446342531756467,0.04485125858123573,0.0045977011494253706,-0.031180400890868598,0.03170955882352944,0.04264494489698123,55.77,0.09418051893850721,0.11050815793790014,537456.0,399462.0,78.6,15.4,20.4,30.5,19.2,13.8,27.2,5.9,22.6,11.9,27.4,48.8,31.8,-4.0,38.4,9.0,4.4,2021,6,129,0.019343602588596256,1,-0.007446342531756467,0.18976403936656794
81,0.0026478375992939895,-0.007446342531756467,0.04485125858123573,0.0045977011494253706,-0.031180400890868598,0.03170955882352944,55.46,-0.08578562710249771,-0.12463763762260238,491350.0,349674.0,78.16,12.6,19.2,28.2,19.7,13.9,24.3,10.5,20.1,0.6,22.0,45.6,29.5,-13.1,26.4,8.8,5.1,2021,7,130,0.015862831725270834,1,0.0026478375992939895,0.19241187696586193
82,0.026848591549295753,0.0026478375992939895,-0.007446342531756467,0.04485125858123573,0.0045977011494253706,-0.031180400890868598,56.05,0.05310267629998977,0.007243890023278743,517442.0,352207.0,78.99,12.6,19.2,28.2,19.7,13.9,24.3,10.5,20.1,0.6,22.0,45.6,29.5,-13.1,26.4,8.8,5.1,2021,7,131,0.056397111860674275,1,0.026848591549295753,0.21926046851515768
83,0.002571795970852886,0.026848591549295753,0.0026478375992939895,-0.007446342531756467,0.04485125858123573,0.0045977011494253706,53.35,0.0859767858040128,-0.017711175530298995,561930.0,345969.0,75.19,12.6,19.2,28.2,19.7,13.9,24.3,10.5,20.1,0.6,22.0,45.6,29.5,-13.1,26.4,8.8,5.1,2021,7,132,0.05786102296267776,1,0.002571795970852886,0.22183226448601057
84,-0.00042753313381782565,0.002571795970852886,0.026848591549295753,0.0026478375992939895,-0.007446342531756467,0.04485125858123573,48.38,-0.06264125424874989,-0.134295269229324,526730.0,299507.0,68.19,12.6,19.2,28.2,19.7,13.9,24.3,10.5,20.1,0.6,22.0,45.6,29.5,-13.1,26.4,8.8,5.1,2021,7,133,0.06231539321427873,1,-0.00042753313381782565,0.22140473135219274
85,0.0055603079555175405,-0.00042753313381782565,0.002571795970852886,0.026848591549295753,0.0026478375992939895,-0.007446342531756467,50.78,-0.01847625918402218,-0.05188860360525793,516998.0,283966.0,71.56,12.6,19.2,28.2,19.7,13.9,24.3,10.5,20.1,0.6,22.0,45.6,29.5,-13.1,26.4,8.8,5.1,2021,7,134,0.0507785878801047,1,0.0055603079555175405,0.22696503930771028
86,0.04934070608251817,0.0055603079555175405,-0.00042753313381782565,0.002571795970852886,0.026848591549295753,0.0026478375992939895,54.67,0.027477862583607626,-0.06098265285280635,531204.0,266649.0,77.04,10.3,17.3,25.5,12.7,7.6,21.5,5.3,17.8,-2.0,18.2,44.2,27.5,-15.8,18.9,9.0,5.7,2021,8,135,0.06358567937105629,1,0.04934070608251817,0.27630574539022845
87,0.006080259424402046,0.04934070608251817,0.0055603079555175405,-0.00042753313381782565,0.002571795970852886,0.026848591549295753,54.73,-0.03423731749007919,0.1036268652798249,513017.0,294281.0,77.14,10.3,17.3,25.5,12.7,7.6,21.5,5.3,17.8,-2.0,18.2,44.2,27.5,-15.8,18.9,9.0,5.7,2021,8,136,0.05628395118023125,1,0.006080259424402046,0.2823860048146305
88,-0.0149073327961321,0.006080259424402046,0.04934070608251817,0.0055603079555175405,-0.00042753313381782565,0.002571795970852886,51.0,0.08850388973464818,0.2714106585202578,558421.0,374152.0,71.67,10.3,17.3,25.5,12.7,7.6,21.5,5.3,17.8,-2.0,18.2,44.2,27.5,-15.8,18.9,9.0,5.7,2021,8,137,0.002005288053367445,1,-0.0149073327961321,0.2674786720184984
89,0.03885480572597144,-0.0149073327961321,0.006080259424402046,0.04934070608251817,0.0055603079555175405,-0.00042753313381782565,55.28,0.09855288393523876,0.21378744467489152,613455.0,454141.0,77.67,10.3,17.3,25.5,12.7,7.6,21.5,5.3,17.8,-2.0,18.2,44.2,27.5,-15.8,18.9,9.0,5.7,2021,8,138,-0.0921753496707793,-1,-0.03885480572597144,0.22862386629252696
90,0.08779527559055111,0.03885480572597144,-0.0149073327961321,0.006080259424402046,0.04934070608251817,0.0055603079555175405,55.21,-0.08538197585804985,-0.09584027867996947,561077.0,410616.0,77.58,8.9,15.7,23.5,11.8,6.7,19.4,8.7,16.5,-7.7,14.5,40.6,23.1,-19.1,13.5,9.5,6.2,2021,9,139,-0.09594343112556249,-1,-0.08779527559055111,0.14082859070197584
91,0.019905899384726755,0.08779527559055111,0.03885480572597144,-0.0149073327961321,0.006080259424402046,0.04934070608251817,54.99,-0.05285905499601662,-0.04385606016326693,531419.0,392608.0,77.27,8.9,15.7,23.5,11.8,6.7,19.4,8.7,16.5,-7.7,14.5,40.6,23.1,-19.1,13.5,9.5,6.2,2021,9,140,-0.10164243571578277,-1,-0.019905899384726755,0.12092269131724909
92,0.03406671398154715,0.019905899384726755,0.08779527559055111,0.03885480572597144,-0.0149073327961321,0.006080259424402046,54.36,-0.018736627783349835,-0.02703459939685382,521462.0,381994.0,76.39,8.9,15.7,23.5,11.8,6.7,19.4,8.7,16.5,-7.7,14.5,40.6,23.1,-19.1,13.5,9.5,6.2,2021,9,141,-0.10613047413682851,-1,-0.03406671398154715,0.08685597733570194
93,-0.0041180507892930596,0.03406671398154715,0.019905899384726755,0.08779527559055111,0.03885480572597144,-0.0149073327961321,56.46,0.10901081958033365,0.12325586265752864,578307.0,429077.0,79.33,8.9,15.7,23.5,11.8,6.7,19.4,8.7,16.5,-7.7,14.5,40.6,23.1,-19.1,13.5,9.5,6.2,2021,9,142,-0.14799665072768808,-1,0.0041180507892930596,0.090974028124995
94,0.01447277739490005,-0.0041180507892930596,0.03406671398154715,0.019905899384726755,0.08779527559055111,0.03885480572597144,51.63,-0.09227278936620165,-0.0924006646825628,524945.0,389430.0,72.55,8.9,15.7,23.5,11.8,6.7,19.4,8.7,16.5,-7.7,14.5,40.6,23.1,-19.1,13.5,9.5,6.2,2021,9,143,-0.138117832137471,-1,-0.01447277739490005,0.07650125073009495
95,-0.036684782608695676,0.01447277739490005,-0.0041180507892930596,0.03406671398154715,0.019905899384726755,0.08779527559055111,51.85,0.02031831906199688,0.01973397016151801,535611.0,397115.0,72.86,7.3,14.8,21.2,6.8,3.0,17.1,8.8,15.5,-0.7,12.5,38.4,2.1,-13.7,9.4,10.7,6.7,2021,10,144,-0.18585454409058916,-1,0.036684782608695676,0.11318603333879063
97,-0.11600846262341324,-0.036684782608695676,0.01447277739490005,-0.0041180507892930596,0.03406671398154715,0.019905899384726755,52.66,-0.16899764941347362,-0.20329375621671308,445094.0,316384.0,73.99,7.3,14.8,21.2,6.8,3.0,17.1,8.8,15.5,-0.7,12.5,38.4,2.1,-13.7,9.4,10.7,6.7,2021,10,146,-0.1825382970015811,-1,0.11600846262341324,0.22919449596220387
98,-0.041483845233346583,-0.11600846262341324,-0.036684782608695676,0.01447277739490005,-0.0041180507892930596,0.03406671398154715,53.69,-0.050456757448988254,-0.10825136542935165,422636.0,282135.0,75.44,7.3,14.8,21.2,6.8,3.0,17.1,8.8,15.5,-0.7,12.5,38.4,2.1,-13.7,9.4,10.7,6.7,2021,10,147,-0.15638299489519367,-1,0.041483845233346583,0.27067834119555045
99,-0.028714107365792718,-0.041483845233346583,-0.11600846262341324,-0.036684782608695676,0.01447277739490005,-0.0041180507892930596,54.46,-0.21697394448177632,-0.28036223793574,330935.0,203035.0,76.53,6.1,14.2,19.4,6.7,1.0,15.2,7.2,14.6,-6.7,10.0,31.9,4.8,-8.3,7.1,13.5,7.3,2021,11,148,-0.1699581374854988,-1,0.028714107365792718,0.29939244856134317
100,-0.0047129391602399595,-0.028714107365792718,-0.041483845233346583,-0.11600846262341324,-0.036684782608695676,0.01447277739490005,53.99,0.33452490670373347,0.6167803580663433,441641.0,328263.0,75.86,6.1,14.2,19.4,6.7,1.0,15.2,7.2,14.6,-6.7,10.0,31.9,4.8,-8.3,7.1,13.5,7.3,2021,11,149,-0.10501002795592677,-1,0.0047129391602399595,0.30410538772158313
101,0.00516573396470088,-0.0047129391602399595,-0.028714107365792718,-0.041483845233346583,-0.11600846262341324,-0.036684782608695676,56.31,0.162824556596874,0.1611634573497469,513551.0,381167.0,79.13,6.1,14.2,19.4,6.7,1.0,15.2,7.2,14.6,-6.7,10.0,31.9,4.8,-8.3,7.1,13.5,7.3,2021,11,150,-0.11237621579164508,-1,-0.00516573396470088,0.29893965375688225
102,0.07580299785867228,0.00516573396470088,-0.0047129391602399595,-0.028714107365792718,-0.041483845233346583,-0.11600846262341324,53.62,-0.06644130767927625,-0.07435585976750347,479430.0,352825.0,75.35,6.1,14.2,19.4,6.7,1.0,15.2,7.2,14.6,-6.7,10.0,31.9,4.8,-8.3,7.1,13.5,7.3,2021,11,151,-0.12009264692049587,-1,-0.07580299785867228,0.22313665589820997
103,-0.07722929936305734,0.07580299785867228,0.00516573396470088,-0.0047129391602399595,-0.028714107365792718,-0.041483845233346583,53.44,-0.022989800387960724,-0.10459292850563306,468408.0,315922.0,75.09,5.2,13.7,17.5,3.5,2.8,13.8,4.0,13.3,5.2,14.8,29.9,2.1,-7.1,5.3,12.9,7.9,2021,12,152,-0.15961589411013505,-1,0.07722929936305734,0.3003659552612673
104,0.03796376186367567,-0.07722929936305734,0.07580299785867228,0.00516573396470088,-0.0047129391602399595,-0.028714107365792718,58.29,-0.06453988830250545,-0.2591145915764018,438177.0,234062.0,81.91,5.2,13.7,17.5,3.5,2.8,13.8,4.0,13.3,5.2,14.8,29.9,2.1,-7.1,5.3,12.9,7.9,2021,12,153,-0.1654398385776119,-1,-0.03796376186367567,0.26240219339759163
105,-0.0228595178719867,0.03796376186367567,-0.07722929936305734,0.07580299785867228,0.00516573396470088,-0.0047129391602399595,59.2,-0.04438617271102774,0.03149165605694226,418728.0,241433.0,83.19,5.2,13.7,17.5,3.5,2.8,13.8,4.0,13.3,5.2,14.8,29.9,2.1,-7.1,5.3,12.9,7.9,2021,12,154,-0.19657709727451866,-1,0.0228595178719867,0.28526171126957833
106,-0.032752020416843886,-0.0228595178719867,0.03796376186367567,-0.07722929936305734,0.07580299785867228,0.00516573396470088,58.74,0.15161871190844645,0.617666184821462,482215.0,390558.0,82.54,5.2,13.7,17.5,3.5,2.8,13.8,4.0,13.3,5.2,14.8,29.9,2.1,-7.1,5.3,12.9,7.9,2021,12,155,-0.18838997303968075,-1,0.032752020416843886,0.3180137316864222
107,0.17810026385224265,-0.032752020416843886,-0.0228595178719867,0.03796376186367567,-0.07722929936305734,0.07580299785867228,56.68,-0.14612776458633592,-0.0944443590964722,411750.0,353672.0,79.65,5.2,13.7,17.5,3.5,2.8,13.8,4.0,13.3,5.2,14.8,29.9,2.1,-7.1,5.3,12.9,7.9,2021,12,156,-0.2094453590715124,-1,-0.17810026385224265,0.13991346783417957
109,0.04665920119447553,0.17810026385224265,-0.032752020416843886,-0.0228595178719867,0.03796376186367567,-0.07722929936305734,55.14,0.1589508196721312,0.1856267954488906,477198.0,419323.0,82.38,4.9,13.5,16.0,4.6,1.5,12.4,7.4,12.6,5.9,10.2,29.2,5.8,3.4,4.8,10.3,8.1,2022,1,158,-0.15359843283018318,-1,-0.04665920119447553,0.09325426663970404
110,0.049572039942938684,0.04665920119447553,0.17810026385224265,-0.032752020416843886,-0.0228595178719867,0.03796376186367567,55.42,-0.014170218651377464,-0.09059841697211934,470436.0,381333.0,82.81,4.9,13.5,16.0,4.6,1.5,12.4,7.4,12.6,5.9,10.2,29.2,5.8,3.4,4.8,10.3,8.1,2022,1,159,-0.18857667685532098,-1,-0.049572039942938684,0.04368222669676536
111,-0.014950730547060864,0.049572039942938684,0.04665920119447553,0.17810026385224265,-0.032752020416843886,-0.0228595178719867,54.92,0.20601527094014904,0.11650709484885913,567353.0,425761.0,82.06,4.9,13.5,16.0,4.6,1.5,12.4,7.4,12.6,5.9,10.2,29.2,5.8,3.4,4.8,10.3,8.1,2022,1,160,-0.08555888979375696,-1,0.014950730547060864,0.05863295724382622
113,-0.06553984132459467,-0.014950730547060864,0.049572039942938684,0.04665920119447553,0.17810026385224265,-0.032752020416843886,55.9,0.04215541294396963,-0.07885409889585937,591270.0,392188.0,83.52,4.9,13.5,16.0,4.6,1.5,12.4,7.4,12.6,5.9,10.2,29.2,5.8,3.4,4.8,9.1,9.1,2022,2,163,-0.545186257312316,-1,0.06553984132459467,0.1241727985684209
114,0.04466592838685868,-0.06553984132459467,-0.014950730547060864,0.049572039942938684,0.04665920119447553,0.17810026385224265,55.8,0.2981734233091482,0.3742822319907799,767571.0,538977.0,84.99,4.9,13.5,16.0,4.6,1.5,12.4,7.4,12.6,5.9,10.2,29.2,5.8,3.4,4.8,9.1,9.1,2022,2,164,-0.0877885372691259,-1,-0.04466592838685868,0.07950687018156222
115,-0.04452296819787982,0.04466592838685868,-0.06553984132459467,-0.014950730547060864,0.049572039942938684,0.04665920119447553,55.65,-0.0027463257470644598,-0.054347402579330795,765463.0,509685.0,84.77,12.2,20.9,6.8,4.6,1.5,5.0,7.4,8.8,5.9,-5.9,7.2,5.8,3.4,11.1,8.8,8.9,2022,3,165,-0.18409469094097244,-1,0.04452296819787982,0.12402983837944204
116,-0.014423076923076872,-0.04452296819787982,0.04466592838685868,-0.06553984132459467,-0.014950730547060864,0.049572039942938684,57.62,-0.025758266565464316,-0.03428392046067674,745746.0,492211.0,87.77,12.2,20.9,6.8,4.6,1.5,5.0,7.4,8.8,5.9,-5.9,7.2,5.8,3.4,11.1,8.8,8.9,2022,3,166,-0.15213200124172852,-1,0.014423076923076872,0.1384529153025189
117,0.0900562851782365,-0.014423076923076872,-0.04452296819787982,0.04466592838685868,-0.06553984132459467,-0.014950730547060864,58.07,-0.05073577330619272,-0.177224808059958,707910.0,404979.0,88.46,12.2,20.9,6.8,4.6,1.5,5.0,7.4,8.8,5.9,-5.9,7.2,5.8,3.4,11.1,8.8,8.9,2022,3,167,-0.15632409854087329,-1,-0.0900562851782365,0.048396630124282414
118,0.04647160068846823,0.0900562851782365,-0.014423076923076872,-0.04452296819787982,0.04466592838685868,-0.06553984132459467,58.92,-0.043129776384003615,-0.077922558947501,677378.0,373422.0,89.75,12.2,20.9,6.8,4.6,1.5,5.0,7.4,8.8,5.9,-5.9,7.2,5.8,3.4,11.1,8.8,8.9,2022,3,168,-0.12810392368436896,-1,-0.04647160068846823,0.001925029435814185
119,-0.03157894736842104,0.04647160068846823,0.0900562851782365,-0.014423076923076872,-0.04452296819787982,0.04466592838685868,57.29,0.10710711006262374,-0.03487207502503875,749930.0,360400.0,86.42,9.3,15.6,4.9,2.1,-0.7,2.6,7.6,8.2,-6.5,-6.2,1.5,3.6,-4.9,4.9,8.3,8.7,2022,4,169,-0.22704495728221105,-1,0.03157894736842104,0.033503976804235225
120,0.06487771739130443,-0.03157894736842104,0.04647160068846823,0.0900562851782365,-0.014423076923076872,-0.04452296819787982,56.77,-0.04844052111530406,-0.08164816870144287,713603.0,330974.0,85.64,9.3,15.6,4.9,2.1,-0.7,2.6,7.6,8.2,-6.5,-6.2,1.5,3.6,-4.9,4.9,8.3,8.7,2022,4,170,-0.01159088430573703,-1,-0.06487771739130443,-0.03137374058706921
121,-0.009250398724082953,0.06487771739130443,-0.03157894736842104,0.04647160068846823,0.0900562851782365,-0.014423076923076872,57.3,0.18724276663635098,0.596234145280294,847220.0,528312.0,86.45,9.3,15.6,4.9,2.1,-0.7,2.6,7.6,8.2,-6.5,-6.2,1.5,3.6,-4.9,4.9,8.3,8.7,2022,4,171,-0.15355435143737795,-1,0.009250398724082953,-0.022123341862986257
122,-0.03283966516419834,-0.009250398724082953,0.06487771739130443,-0.03157894736842104,0.04647160068846823,0.0900562851782365,58.34,0.06293170605037646,0.1387399869773922,900537.0,601610.0,88.01,9.3,15.6,4.9,2.1,-0.7,2.6,7.6,8.2,-6.5,-6.2,1.5,3.6,-4.9,4.9,8.3,8.7,2022,4,172,-0.2478333937329381,-1,0.03283966516419834,0.010716323301212083
123,-0.007323568575232975,-0.03283966516419834,-0.009250398724082953,0.06487771739130443,-0.03157894736842104,0.04647160068846823,58.85,0.061585476221410085,0.12349196323199418,955997.0,675904.0,88.78,9.3,15.6,4.9,2.1,-0.7,2.6,7.6,8.2,-6.5,-6.2,1.5,3.6,-4.9,4.9,8.3,8.7,2022,4,173,0.007204386256452053,1,-0.007323568575232975,0.003392754725979108
124,0.0013413816230718467,-0.007323568575232975,-0.03283966516419834,-0.009250398724082953,0.06487771739130443,-0.03157894736842104,59.23,-0.14114374835904298,-0.17619070163810246,821064.0,556816.0,89.35,6.8,12.2,1.5,-6.6,-15.8,-2.7,-5.5,4.3,-10.0,-7.4,-5.2,-19.0,-43.5,-7.8,8.0,8.5,2022,5,174,0.16208319145697098,1,0.0013413816230718467,0.004734136349050955
126,0.01841929002009368,0.0013413816230718467,-0.007323568575232975,-0.03283966516419834,-0.009250398724082953,0.06487771739130443,56.63,0.09184302319916604,0.16454448148041734,896473.0,648437.0,85.43,6.8,12.2,1.5,-6.6,-15.8,-2.7,-5.5,4.3,-10.0,-7.4,-5.2,-19.0,-43.5,-7.8,8.0,8.5,2022,5,176,0.27844540696132447,1,0.01841929002009368,0.023153426369144636
127,0.028280170996382692,0.01841929002009368,0.0013413816230718467,-0.007323568575232975,-0.03283966516419834,-0.009250398724082953,57.62,-0.046439770076734055,-0.10856875841446434,854841.0,578037.0,86.93,6.8,12.2,1.5,-6.6,-15.8,-2.7,-5.5,4.3,-10.0,-7.4,-5.2,-19.0,-43.5,-7.8,8.0,8.5,2022,5,177,0.31202930460938144,1,0.028280170996382692,0.05143359736552733
128,-0.03741605372561563,0.028280170996382692,0.01841929002009368,0.0013413816230718467,-0.007323568575232975,-0.03283966516419834,59.7,0.061672287595003095,0.06589024578011449,907561.0,616124.0,90.06,6.2,10.6,0.6,-2.3,-6.8,-3.6,1.1,3.6,6.9,-5.4,-8.7,-18.0,-4.8,-7.2,6.4,8.1,2022,6,178,0.31686415744192203,1,-0.03741605372561563,0.0140175436399117
129,-0.040863787375415295,-0.03741605372561563,0.028280170996382692,0.01841929002009368,0.0013413816230718467,-0.007323568575232975,58.77,0.02018707282485699,0.011184436899065675,925882.0,623015.0,88.66,6.2,10.6,0.6,-2.3,-6.8,-3.6,1.1,3.6,6.9,-5.4,-8.7,-18.0,-4.8,-7.2,6.4,8.1,2022,6,179,0.3653299947927929,1,-0.040863787375415295,-0.026846243735503594
130,-0.06096293730516111,-0.040863787375415295,-0.03741605372561563,0.028280170996382692,0.01841929002009368,0.0013413816230718467,60.36,0.03444067386556826,0.056608588878277466,957770.0,658283.0,91.79,6.2,10.6,0.6,-2.3,-6.8,-3.6,1.1,3.6,6.9,-5.4,-8.7,-18.0,-4.8,-7.2,6.4,8.1,2022,6,180,0.38632268647230955,1,-0.06096293730516111,-0.08780918104066471
131,0.012172630025820697,-0.06096293730516111,-0.040863787375415295,-0.03741605372561563,0.028280170996382692,0.01841929002009368,59.23,-0.04512356828883757,-0.08867462778166835,914552.0,599910.0,90.08,6.2,10.6,0.6,-2.3,-6.8,-3.6,1.1,3.6,6.9,-5.4,-8.7,-18.0,-4.8,-7.2,6.4,8.1,2022,6,181,0.40575273789125293,1,0.012172630025820697,-0.07563655101484401
132,-0.06887755102040816,0.012172630025820697,-0.06096293730516111,-0.040863787375415295,-0.03741605372561563,0.028280170996382692,56.98,0.05947611508148243,0.05494157456951876,968946.0,632870.0,89.66,6.1,10.4,0.5,0.1,1.1,-2.7,6.0,4.1,21.9,-1.0,-7.3,-11.7,26.8,-2.1,6.1,7.7,2022,7,182,0.1084039147825866,1,-0.06887755102040816,-0.14451410203525217
133,-0.04031311154598827,-0.06887755102040816,0.012172630025820697,-0.06096293730516111,-0.040863787375415295,-0.03741605372561563,56.08,0.011598169557436533,-0.020786259421366138,980184.0,619715.0,85.28,6.1,10.4,0.5,0.1,1.1,-2.7,6.0,4.1,21.9,-1.0,-7.3,-11.7,26.8,-2.1,6.1,7.7,2022,7,183,-0.022525253598412516,-1,0.04031311154598827,-0.1042009904892639
134,0.03629690048939649,-0.04031311154598827,-0.06887755102040816,0.012172630025820697,-0.06096293730516111,-0.040863787375415295,53.18,-0.08719995429429572,-0.16239884463019294,894712.0,519074.0,80.87,6.1,10.4,0.5,0.1,1.1,-2.7,6.0,4.1,21.9,-1.0,-7.3,-11.7,26.8,-2.1,6.1,7.7,2022,7,184,-0.007578866524321888,-1,-0.03629690048939649,-0.1404978909786604
135,0.03266430539157805,0.03629690048939649,-0.04031311154598827,-0.06887755102040816,0.012172630025820697,-0.06096293730516111,52.37,0.12888057833135136,0.11335570650812787,1010023.0,577914.0,79.64,6.1,10.4,0.5,0.1,1.1,-2.7,6.0,4.1,21.9,-1.0,-7.3,-11.7,26.8,-2.1,6.1,7.7,2022,7,185,-0.020648260519808035,-1,-0.03266430539157805,-0.17316219637023844
136,-0.015243902439024404,0.03266430539157805,0.03629690048939649,-0.04031311154598827,-0.06887755102040816,0.012172630025820697,53.86,-0.06614304822761463,-0.11447724055828379,943217.0,511756.0,81.91,6.1,10.4,0.5,0.1,1.1,-2.7,6.0,4.1,21.9,-1.0,-7.3,-11.7,26.8,-2.1,6.1,7.7,2022,7,186,-0.30163424792222493,-1,0.015243902439024404,-0.15791829393121404
137,0.012770897832817374,-0.015243902439024404,0.03266430539157805,0.03629690048939649,-0.04031311154598827,-0.06887755102040816,50.32,-0.05388791762659073,-0.14877988729003666,892389.0,435617.0,76.53,5.7,9.9,0.1,-2.3,-0.4,-2.2,4.0,4.1,30.3,-0.3,-10.1,-14.8,31.5,2.9,4.2,7.2,2022,8,187,-0.1959510080568579,-1,-0.012770897832817374,-0.1706891917640314
138,-0.00420328620557886,0.012770897832817374,-0.015243902439024404,0.03266430539157805,0.03629690048939649,-0.04031311154598827,48.32,-0.09348501606362247,-0.23158416682544525,808964.0,334735.0,73.48,5.7,9.9,0.1,-2.3,-0.4,-2.2,4.0,4.1,30.3,-0.3,-10.1,-14.8,31.5,2.9,4.2,7.2,2022,8,188,-0.008607952171843652,-1,0.00420328620557886,-0.16648590555845255
139,0.03491941673062171,-0.00420328620557886,0.012770897832817374,-0.015243902439024404,0.03266430539157805,0.03629690048939649,51.8,-0.050930572930315776,0.062138706738166016,767763.0,355535.0,78.78,5.7,9.9,0.1,-2.3,-0.4,-2.2,4.0,4.1,30.3,-0.3,-10.1,-14.8,31.5,2.9,4.2,7.2,2022,8,189,-0.059346702628320765,-1,-0.03491941673062171,-0.20140532228907426
140,-0.0315164998146088,0.03491941673062171,-0.00420328620557886,0.012770897832817374,-0.015243902439024404,0.03266430539157805,47.38,-0.02738214787636284,0.13905803929289662,746740.0,404975.0,72.05,5.7,9.9,0.1,-2.3,-0.4,-2.2,4.0,4.1,30.3,-0.3,-10.1,-14.8,31.5,2.9,4.2,7.2,2022,8,190,-0.08044265201453006,-1,0.0315164998146088,-0.16988882247446546
141,-0.27335375191424194,-0.0315164998146088,0.03491941673062171,-0.00420328620557886,0.012770897832817374,-0.015243902439024404,46.18,0.10399201864102636,0.2071535279955552,824395.0,488867.0,70.23,5.8,10.0,-0.2,-2.3,0.8,-1.9,4.5,4.3,8.0,2.9,-10.5,-13.5,39.0,6.1,2.3,6.6,2022,9,191,-0.09519535261422778,-1,0.27335375191424194,0.10346492943977648
143,0.007376185458377149,-0.27335375191424194,-0.0315164998146088,0.03491941673062171,-0.00420328620557886,0.012770897832817374,51.05,-0.03176026055470982,0.008920626673512455,798212.0,493228.0,77.64,5.8,10.0,-0.2,-2.3,0.8,-1.9,4.5,4.3,8.0,2.9,-10.5,-13.5,39.0,6.1,2.3,6.6,2022,9,193,-0.4056219364178999,-1,-0.007376185458377149,0.09608874398139933
144,0.05439330543933063,0.007376185458377149,-0.27335375191424194,-0.0315164998146088,0.03491941673062171,-0.00420328620557886,54.15,0.03846096024615009,0.01957918041960305,828912.0,502885.0,82.35,5.8,10.0,-0.2,-2.3,0.8,-1.9,4.5,4.3,8.0,2.9,-10.5,-13.5,39.0,6.1,2.3,6.6,2022,9,194,-0.6715173670350463,-1,-0.05439330543933063,0.0416954385420687
145,-0.021329365079365115,0.05439330543933063,0.007376185458377149,-0.27335375191424194,-0.0315164998146088,0.03491941673062171,54.61,0.0361256683459763,0.046863597045050165,858857.0,526452.0,83.05,5.8,10.0,-0.2,-2.3,0.8,-1.9,4.5,4.3,8.0,2.9,-10.5,-13.5,39.0,6.1,2.3,6.6,2022,9,195,-0.7332412405451605,-1,0.021329365079365115,0.06302480362143381
147,-0.06183476938672072,-0.021329365079365115,0.05439330543933063,0.007376185458377149,-0.27335375191424194,-0.0315164998146088,59.71,-0.08167948797064006,-0.06332391177163355,788706.0,493115.0,89.94,5.9,10.1,-0.1,1.3,2.3,-1.4,4.9,4.4,16.4,4.6,-11.1,-12.0,25.4,8.1,0.9,5.9,2022,10,198,-0.7063143546768265,-1,0.06183476938672072,0.12485957300815453
148,0.0054024851431657694,-0.06183476938672072,-0.021329365079365115,0.05439330543933063,0.007376185458377149,-0.27335375191424194,57.98,0.07824588629983786,0.08242499214179255,850419.0,533760.0,87.33,5.9,10.1,-0.1,1.3,2.3,-1.4,4.9,4.4,16.4,4.6,-11.1,-12.0,25.4,8.1,0.9,5.9,2022,10,199,-0.7213846491834521,-1,-0.0054024851431657694,0.11945708786498876
149,0.04245029554003232,0.0054024851431657694,-0.06183476938672072,-0.021329365079365115,0.05439330543933063,0.007376185458377149,59.28,0.00430964030671932,-0.03530425659472425,854084.0,514916.0,82.29,5.8,9.7,-0.4,-3.1,2.0,-1.0,3.0,4.2,9.4,4.9,-12.5,-8.5,8.6,8.1,-1.3,5.2,2022,11,200,-0.8085010654469527,-1,-0.04245029554003232,0.07700679232495644
150,0.035051546391752675,0.04245029554003232,0.0054024851431657694,-0.06183476938672072,-0.021329365079365115,0.05439330543933063,58.87,0.023393483544944083,-0.01834085559586418,874064.0,505472.0,88.67,5.8,9.7,-0.4,-3.1,2.0,-1.0,3.0,4.2,9.4,4.9,-12.5,-8.5,8.6,8.1,-1.3,5.2,2022,11,201,-0.5828349713818645,-1,-0.035051546391752675,0.041955245933203766
151,-0.002490039840637448,0.035051546391752675,0.04245029554003232,0.0054024851431657694,-0.06183476938672072,-0.021329365079365115,60.79,-0.024143540976404476,-0.0686843188148899,852961.0,470754.0,91.55,5.8,9.7,-0.4,-3.1,2.0,-1.0,3.0,4.2,9.4,4.9,-12.5,-8.5,8.6,8.1,-1.3,5.2,2022,11,202,-0.6692712523082944,-1,0.002490039840637448,0.044445285773841214
152,0.08587119321018477,-0.002490039840637448,0.035051546391752675,0.04245029554003232,0.0054024851431657694,-0.06183476938672072,59.3,0.11713548450632572,0.06210249939458823,952873.0,499989.0,89.32,5.8,9.7,-0.4,-3.1,2.0,-1.0,3.0,4.2,9.4,4.9,-12.5,-8.5,8.6,8.1,-1.3,5.2,2022,11,203,-0.6087580786186655,-1,-0.08587119321018477,-0.041425907436343556
153,0.05057471264367819,0.08587119321018477,-0.002490039840637448,0.035051546391752675,0.04245029554003232,0.0054024851431657694,59.79,0.23506175534410145,0.2677558906295938,1176857.0,633864.0,90.05,5.3,9.3,-0.4,-0.3,-0.9,-1.0,2.3,4.0,-15.2,1.5,-12.5,-13.2,-9.9,5.6,-1.3,4.6,2022,12,204,-0.6720099564997544,-1,-0.05057471264367819,-0.09200062008002174
154,0.04463894967177251,0.05057471264367819,0.08587119321018477,-0.002490039840637448,0.035051546391752675,0.04245029554003232,61.16,0.11766425317604434,-0.029918089684853544,1315331.0,614900.0,91.53,5.3,9.3,-0.4,-0.3,-0.9,-1.0,2.3,4.0,-15.2,1.5,-12.5,-13.2,-9.9,5.6,-1.3,4.6,2022,12,205,-0.6182403025588112,-1,-0.04463894967177251,-0.13663956975179425
155,-0.034771679932970256,0.04463894967177251,0.05057471264367819,0.08587119321018477,-0.002490039840637448,0.035051546391752675,60.58,-0.04253758179500067,-0.022530492763050858,1259380.0,601046.0,90.67,5.3,9.3,-0.4,-0.3,-0.9,-1.0,2.3,4.0,-15.2,1.5,-12.5,-13.2,-9.9,5.6,-1.3,4.6,2022,12,206,-0.5406907327482188,-1,0.034771679932970256,-0.101867889818824
156,0.03342013888888884,-0.034771679932970256,0.04463894967177251,0.05057471264367819,0.08587119321018477,-0.002490039840637448,60.71,0.0039392399434643455,0.1452135111122943,1264341.0,688326.0,90.87,5.3,9.3,-0.4,-0.3,-0.9,-1.0,2.3,4.0,-15.2,1.5,-12.5,-13.2,-9.9,5.6,-1.3,4.6,2022,12,207,-0.47086148513145243,-1,-0.03342013888888884,-0.13528802870771284
157,0.0037799244015119804,0.03342013888888884,-0.034771679932970256,0.04463894967177251,0.05057471264367819,0.08587119321018477,59.99,-0.022298572932460514,0.05411825210728627,1236148.0,725577.0,89.78,5.3,9.3,-0.4,-0.3,-0.9,-1.0,2.3,4.0,-15.2,1.5,-12.5,-13.2,-9.9,5.6,-1.3,4.6,2022,12,208,-0.5865550444694119,-1,-0.0037799244015119804,-0.13906795310922482
159,0.05648535564853563,0.0037799244015119804,0.03342013888888884,-0.034771679932970256,0.04463894967177251,0.05057471264367819,61.67,-0.08434265152716336,0.02488364432720447,1131888.0,743632.0,92.29,5.1,9.1,-0.4,-1.2,-3.4,-1.2,-0.5,3.6,-13.7,-1.1,-13.1,-11.7,-16.7,3.4,-0.7,4.1,2023,1,210,-0.37819371607372987,-1,-0.05648535564853563,-0.19555330875776045
160,0.01544554455445546,0.05648535564853563,0.0037799244015119804,0.03342013888888884,-0.034771679932970256,0.04463894967177251,60.9,0.12490988507696876,0.1259171202960605,1273272.0,837268.0,91.14,5.1,9.1,-0.4,-1.2,-3.4,-1.2,-0.5,3.6,-13.7,-1.1,-13.1,-11.7,-16.7,3.4,-0.7,4.1,2023,1,211,-0.42078826780351813,-1,-0.01544554455445546,-0.2109988533122159
162,-0.030421216848673938,0.01544554455445546,0.05648535564853563,0.0037799244015119804,0.03342013888888884,-0.034771679932970256,61.29,-0.009641302094132276,-0.051030255545416736,1260996.0,794542.0,91.72,5.1,9.1,-0.4,-1.2,-3.4,-1.2,-0.5,3.6,-13.7,-1.1,-13.1,-11.7,-16.7,3.4,-0.8,-0.8,2023,2,214,0.019462821110920486,1,-0.030421216848673938,-0.24142007016088984
163,0.017699115044247815,-0.030421216848673938,0.01544554455445546,0.05648535564853563,0.0037799244015119804,0.03342013888888884,61.52,0.03069954226658922,-0.004680683966360455,1299708.0,790823.0,92.07,5.1,9.1,-0.4,-1.2,-3.4,-1.2,-0.5,3.6,-13.7,-1.1,-13.1,-11.7,-16.7,3.4,-0.8,-0.8,2023,2,215,-0.011463925856731772,-1,-0.017699115044247815,-0.25911918520513766
164,0.017391304347825987,0.017699115044247815,-0.030421216848673938,0.01544554455445546,0.05648535564853563,0.0037799244015119804,60.83,0.02290976126945443,-0.0273689561380992,1329484.0,769179.0,91.04,5.1,9.1,-0.4,-1.2,-3.4,-1.2,-0.5,3.6,-13.7,-1.1,-13.1,-11.7,-16.7,3.4,-0.8,-0.8,2023,2,216,-0.010878764615315523,-1,-0.017391304347825987,-0.27651048955296365
165,-0.029526029526029562,0.017391304347825987,0.017699115044247815,-0.030421216848673938,0.01544554455445546,0.05648535564853563,60.61,-0.01783022586206373,-0.08237744400198133,1305779.0,705816.0,90.71,5.5,8.1,-0.8,-1.2,-3.4,-1.3,-0.5,3.9,-13.7,23.2,-11.8,-11.7,-16.7,-14.0,-1.4,-1.1,2023,3,217,-0.016816006568459087,-1,0.029526029526029562,-0.24698446002693408
166,-0.04923939151321055,-0.029526029526029562,0.017391304347825987,0.017699115044247815,-0.030421216848673938,0.01544554455445546,62.36,-0.007285306319063212,-0.08692350414272276,1296266.0,644464.0,93.32,5.5,8.1,-0.8,-1.2,-3.4,-1.3,-0.5,3.9,-13.7,23.2,-11.8,-11.7,-16.7,-14.0,-1.4,-1.1,2023,3,218,-0.017223724210302375,-1,0.04923939151321055,-0.19774506851372353
167,0.05052631578947375,-0.04923939151321055,-0.029526029526029562,0.017391304347825987,0.017699115044247815,-0.030421216848673938,62.33,0.06450759334889589,-0.009047828893468113,1379885.0,638633.0,93.28,5.5,8.1,-0.8,-1.2,-3.4,-1.3,-0.5,3.9,-13.7,23.2,-11.8,-11.7,-16.7,-14.0,-1.4,-1.1,2023,3,219,-0.016489461628890516,-1,-0.05052631578947375,-0.24827138430319728
168,-0.012825651302605157,0.05052631578947375,-0.04923939151321055,-0.029526029526029562,0.017391304347825987,0.017699115044247815,62.2,0.013530837714737176,-0.07620495652432613,1398556.0,589966.0,90.09,5.5,8.1,-0.8,-1.2,-3.4,-1.3,-0.5,3.9,-13.7,23.2,-11.8,-11.7,-16.7,-14.0,-1.4,-1.1,2023,3,220,-0.01514356922583875,-1,0.012825651302605157,-0.23544573300059213
169,-0.01218026796589522,-0.012825651302605157,0.05052631578947375,-0.04923939151321055,-0.029526029526029562,0.017391304347825987,61.75,0.01268808685529943,-0.11256750389005465,1416301.0,523555.0,92.42,5.5,8.1,-0.8,-1.2,-3.4,-1.3,-0.5,3.9,-13.7,23.2,-11.8,-11.7,-16.7,-14.0,-1.4,-1.1,2023,3,221,-0.012787287629465032,-1,0.01218026796589522,-0.2232654650346969
170,-0.034936292642827826,-0.01218026796589522,-0.012825651302605157,0.05052631578947375,-0.04923939151321055,-0.029526029526029562,62.66,0.026859403474261523,0.1885971865420062,1454342.0,622296.0,93.78,5.1,7.0,1.6,4.8,4.6,1.1,7.3,5.5,-2.6,-4.1,-6.8,0.0,11.2,-5.1,-2.5,-1.6,2023,4,222,-0.013864955600553126,-1,0.034936292642827826,-0.18832917239186908
171,-0.05195911413969334,-0.034936292642827826,-0.01218026796589522,-0.012825651302605157,0.05052631578947375,-0.04923939151321055,61.18,-0.03172912561144492,0.07634469770012986,1408197.0,669805.0,91.57,5.1,7.0,1.6,4.8,4.6,1.1,7.3,5.5,-2.6,-4.1,-6.8,0.0,11.2,-5.1,-2.5,-1.6,2023,4,223,-0.013408614222722177,-1,0.05195911413969334,-0.13637005825217574
172,-0.05929919137466311,-0.05195911413969334,-0.034936292642827826,-0.01218026796589522,-0.012825651302605157,0.05052631578947375,60.63,0.050681119189999624,0.1261382044027739,1479566.0,754293.0,90.73,5.1,7.0,1.6,4.8,4.6,1.1,7.3,5.5,-2.6,-4.1,-6.8,0.0,11.2,-5.1,-2.5,-1.6,2023,4,224,-0.013578858693349695,-1,0.05929919137466311,-0.07707086687751263
173,-0.028175740210124145,-0.05929919137466311,-0.05195911413969334,-0.034936292642827826,-0.01218026796589522,-0.012825651302605157,62.1,0.036637094931892156,0.054370118773473974,1533773.0,795304.0,92.94,5.1,7.0,1.6,4.8,4.6,1.1,7.3,5.5,-2.6,-4.1,-6.8,0.0,11.2,-5.1,-2.5,-1.6,2023,4,225,-0.013202522947584023,-1,0.028175740210124145,-0.04889512666738849
174,-0.07911547911547911,-0.028175740210124145,-0.05929919137466311,-0.05195911413969334,-0.034936292642827826,-0.01218026796589522,63.05,0.038351829116825,0.07576348163721036,1592596.0,855559.0,94.36,4.7,6.4,1.8,2.7,13.5,4.0,9.1,6.4,-10.6,4.3,-3.0,-1.9,59.8,4.3,-3.6,-2.1,2023,5,226,-0.01651547522563657,-1,0.07911547911547911,0.030220352448090626
175,-0.0699039487726788,-0.07911547911547911,-0.028175740210124145,-0.05929919137466311,-0.05195911413969334,-0.034936292642827826,62.5,-0.021684093141010052,-0.01306280455234532,1558062.0,844383.0,93.54,4.7,6.4,1.8,2.7,13.5,4.0,9.1,6.4,-10.6,4.3,-3.0,-1.9,59.8,4.3,-3.6,-2.1,2023,5,227,-0.016740954341171236,-1,0.0699039487726788,0.10012430122076943
176,-0.07630522088353409,-0.0699039487726788,-0.07911547911547911,-0.028175740210124145,-0.05929919137466311,-0.05195911413969334,60.93,0.04370108506593451,0.05029471223366655,1626151.0,886851.0,91.19,4.7,6.4,1.8,2.7,13.5,4.0,9.1,6.4,-10.6,4.3,-3.0,-1.9,59.8,4.3,-3.6,-2.1,2023,5,228,-0.016843703286859878,-1,0.07630522088353409,0.17642952210430352
177,0.0627329192546584,-0.07630522088353409,-0.0699039487726788,-0.07911547911547911,-0.028175740210124145,-0.05929919137466311,58.73,0.22588800179073165,0.19553904770925445,1993479.0,1060265.0,87.33,4.7,6.4,1.8,2.7,13.5,4.0,9.1,6.4,-10.6,4.3,-3.0,-1.9,59.8,4.3,-3.6,-2.1,2023,5,229,-0.016718763487419956,-1,-0.0627329192546584,0.11369660284964511
178,-0.03214494447691407,0.0627329192546584,-0.07630522088353409,-0.0699039487726788,-0.07911547911547911,-0.028175740210124145,59.99,0.23507747009123237,0.2369294468835621,2462101.0,1311473.0,89.22,4.0,6.0,1.3,-0.1,6.1,4.5,3.9,5.9,3.9,-1.2,-2.0,1.9,17.3,7.1,-4.6,-2.6,2023,6,230,-0.03469129592305738,-1,0.03214494447691407,0.14584154732655918
179,0.024758454106280192,-0.03214494447691407,0.0627329192546584,-0.07630522088353409,-0.0699039487726788,-0.07911547911547911,60.62,0.049872040180317434,-0.07031787920910304,2584891.0,1219253.0,90.14,4.0,6.0,1.3,-0.1,6.1,4.5,3.9,5.9,3.9,-1.2,-2.0,1.9,17.3,7.1,-4.6,-2.6,2023,6,231,-0.03540872648964942,-1,-0.024758454106280192,0.12108309322027899
180,-0.015321154979375362,0.024758454106280192,-0.03214494447691407,0.0627329192546584,-0.07630522088353409,-0.0699039487726788,60.25,0.030234156875473595,-0.07391657022783626,2663043.0,1129130.0,89.6,4.0,6.0,1.3,-0.1,6.1,4.5,3.9,5.9,3.9,-1.2,-2.0,1.9,17.3,7.1,-4.6,-2.6,2023,6,232,-0.03768780941840444,-1,0.015321154979375362,0.13640424819965435
181,0.010173548773189767,-0.015321154979375362,0.024758454106280192,-0.03214494447691407,0.0627329192546584,-0.07630522088353409,60.55,0.09193280018384975,0.0746282536111873,2907864.0,1213395.0,90.05,4.0,6.0,1.3,-0.1,6.1,4.5,3.9,5.9,3.9,-1.2,-2.0,1.9,17.3,7.1,-4.6,-2.6,2023,6,233,-0.03723108704049275,-1,-0.010173548773189767,0.1262306994264646
182,0.004739336492890933,0.010173548773189767,-0.015321154979375362,0.024758454106280192,-0.03214494447691407,0.0627329192546584,61.03,-0.012437651829659169,-0.06538101772300031,2871697.0,1134062.0,91.34,4.0,6.0,1.3,-0.1,6.1,4.5,3.9,5.9,3.9,-1.2,-2.0,1.9,17.3,7.1,-4.6,-2.6,2023,6,234,-0.03788221938917341,-1,-0.004739336492890933,0.12149136293357365
183,0.09316037735849059,0.004739336492890933,0.010173548773189767,-0.015321154979375362,0.024758454106280192,-0.03214494447691407,60.34,0.026857290306045556,-0.05561512509898048,2948823.0,1070991.0,90.3,3.8,6.0,1.5,2.4,-0.2,3.6,3.4,5.5,-0.7,-1.2,-2.9,0.0,0.8,6.1,-5.4,-3.1,2023,7,235,-0.04319134507755543,-1,-0.09316037735849059,0.028330985575083067
184,0.07335490830636471,0.09316037735849059,0.004739336492890933,0.010173548773189767,-0.015321154979375362,0.024758454106280192,56.02,0.01447764074005109,0.032933049857561736,2991515.0,1106262.0,83.84,3.8,6.0,1.5,2.4,-0.2,3.6,3.4,5.5,-0.7,-1.2,-2.9,0.0,0.8,6.1,-5.4,-3.1,2023,7,236,-0.042884034828575626,-1,-0.07335490830636471,-0.04502392273128164
185,0.048241206030150696,0.07335490830636471,0.09316037735849059,0.004739336492890933,0.010173548773189767,-0.015321154979375362,56.54,0.07232154944902502,0.0890756439252185,3207866.0,1204803.0,84.62,3.8,6.0,1.5,2.4,-0.2,3.6,3.4,5.5,-0.7,-1.2,-2.9,0.0,0.8,6.1,-5.4,-3.1,2023,7,237,-0.041115127119153445,-1,-0.048241206030150696,-0.09326512876143234
186,-0.046979865771812124,0.048241206030150696,0.07335490830636471,0.09316037735849059,0.004739336492890933,0.010173548773189767,56.88,-0.10829130643237594,-0.24000355244799354,2860482.0,915646.0,85.13,3.8,6.0,1.5,2.4,-0.2,3.6,3.4,5.5,-0.7,-1.2,-2.9,0.0,0.8,6.1,-5.4,-3.1,2023,7,238,-0.04092396665422815,-1,0.046979865771812124,-0.04628526298962021
187,0.03420523138832987,-0.046979865771812124,0.048241206030150696,0.07335490830636471,0.09316037735849059,0.004739336492890933,54.72,0.06278067822136268,0.023574612896250402,3040065.0,937232.0,81.9,3.4,5.7,1.6,1.4,-1.4,2.8,1.5,4.9,-15.8,-3.2,-1.7,-2.1,-3.8,4.5,-4.4,-3.2,2023,8,239,-0.04892242076093267,-1,-0.03420523138832987,-0.08049049437795008
188,0.1532101167315174,0.03420523138832987,-0.046979865771812124,0.048241206030150696,0.07335490830636471,0.09316037735849059,54.1,-0.10800426964555032,-0.33469407788039673,2711725.0,623546.0,79.42,3.4,5.7,1.6,1.4,-1.4,2.8,1.5,4.9,-15.8,-3.2,-1.7,-2.1,-3.8,4.5,-4.4,-3.2,2023,8,240,-0.05155127578021116,-1,-0.1532101167315174,-0.2337006111094675
189,0.2547448334036271,0.1532101167315174,0.03420523138832987,-0.046979865771812124,0.048241206030150696,0.07335490830636471,54.81,0.19596861776175678,1.0365778948144966,3243138.0,1269900.0,78.3,3.4,5.7,1.6,1.4,-1.4,2.8,1.5,4.9,-15.8,-3.2,-1.7,-2.1,-3.8,4.5,-4.4,-3.2,2023,8,241,-0.05584769223266928,-1,-0.2547448334036271,-0.4884454445130946
190,0.09243697478991586,0.2547448334036271,0.1532101167315174,0.03420523138832987,-0.046979865771812124,0.048241206030150696,55.95,-0.03900543239294785,-0.0008551854476730458,3116638.0,1268814.0,79.93,3.4,5.7,1.6,1.4,-1.4,2.8,1.5,4.9,-15.8,-3.2,-1.7,-2.1,-3.8,4.5,-4.4,-3.2,2023,8,242,-0.03757915814313504,-1,-0.09243697478991586,-0.5808824193030104
191,0.09046153846153837,0.09243697478991586,0.2547448334036271,0.1532101167315174,0.03420523138832987,-0.046979865771812124,57.01,-0.18621091060302797,-0.20746145613147393,2536286.0,1005584.0,81.44,3.2,5.9,1.6,1.4,-0.8,2.4,-0.5,4.2,-3.3,-2.4,-1.0,0.0,4.5,4.8,-3.0,-3.2,2023,9,243,-0.034626291827273385,-1,-0.09046153846153837,-0.6713439577645488
192,-0.019469525959367906,0.09046153846153837,0.09243697478991586,0.2547448334036271,0.1532101167315174,0.03420523138832987,56.92,-0.13909235788077523,-0.0398146748556063,2183508.0,965547.0,81.32,3.2,5.9,1.6,1.4,-0.8,2.4,-0.5,4.2,-3.3,-2.4,-1.0,0.0,4.5,4.8,-3.0,-3.2,2023,9,244,-0.0263845122411005,-1,0.019469525959367906,-0.6518744318051809
193,-0.019469525959367906,-0.019469525959367906,0.09046153846153837,0.09243697478991586,0.2547448334036271,0.1532101167315174,55.28,-0.283360995242518,-0.16603748963023035,1564787.0,805230.0,78.5,3.2,5.9,1.6,1.4,-0.8,2.4,-0.5,4.2,-3.3,-2.4,-1.0,0.0,4.5,4.8,-3.0,-3.2,2023,9,245,-0.02856738282864676,-1,0.019469525959367906,-0.632404905845813
