,re,中国:产量:纯碱,re期货持仓量:纯碱,re期货持仓量(活跃合约):纯碱,期货持仓量:纯碱,期货持仓量(活跃合约):纯碱,中国:固定资产投资完成额:累计同比,中国:固定资产投资完成额:制造业:累计同比,中国:规模以上工业增加值:金属制品业:累计同比,中国:规模以上工业增加值:金属制品业:当月同比,中国:规模以上工业增加值:通用设备制造业:当月同比,中国:规模以上工业增加值:通用设备制造业:累计同比,中国:规模以上工业增加值:专用设备制造业:当月同比,中国:规模以上工业增加值:专用设备制造业:累计同比,中国:产量:工业锅炉:当月同比,中国:产量:工业锅炉:累计同比,中国:产量:金属切削机床:累计同比,中国:产量:金属切削机床:当月同比,中国:产量:汽车:当月同比,中国:产量:汽车:累计同比,中国:PPI:全部工业品:当月同比,中国:PPI:全部工业品:累计同比,year_x,month_x,weekly,pred,pos,reMonth,asset,asset0
53,0.04847396768402157,55.0,0.1090367987797296,0.03241029535407236,401346.0,304528.0,2.6,-3.5,4.3,13.8,10.2,4.4,10.5,6.0,50.9,21.0,4.1,25.7,8.1,-2.7,-1.5,-2.0,2020,12,103,0.06033646,1,0.04847396768402157,0.04847396768402157,0.04847396768402157
54,-0.013127853881278573,52.65,-0.22864560753065932,-0.3985413492355383,309580.0,183161.0,2.6,-3.5,4.3,13.8,10.2,4.4,10.5,6.0,50.9,21.0,4.1,25.7,8.1,-2.7,-1.5,-2.0,2020,12,104,0.004153973,1,-0.013127853881278573,0.035346113802742996,0.035346113802742996
55,-0.0080971659919028,46.95,-0.15560113702435563,-0.15913322159193277,261409.0,154014.0,2.6,-3.5,4.3,13.8,10.2,4.4,10.5,6.0,50.9,21.0,4.1,25.7,8.1,-2.7,-1.5,-2.0,2020,12,105,-0.011208736,-1,0.0080971659919028,0.043443279794645795,0.027248947810840196
57,0.005830903790087438,49.38,-0.11129303122692791,0.14118197047021708,232316.0,175758.0,2.9,-2.2,5.2,13.0,11.1,5.1,8.7,6.3,13.4,-1.2,5.9,32.4,6.5,-1.4,-0.4,-1.8,2021,1,106,-0.0013683514,-1,-0.005830903790087438,0.03761237600455836,0.033079851600927634
58,0.012753623188405783,51.6,0.09515487525611666,0.14341879174774408,254422.0,200965.0,2.9,-2.2,5.2,13.0,11.1,5.1,8.7,6.3,13.4,-1.2,5.9,32.4,6.5,-1.4,-0.4,-1.8,2021,1,107,-0.006070183,-1,-0.012753623188405783,0.024858752816152574,0.04583347478933342
59,0.011448196908986796,53.19,-0.08781866348035938,-0.10744657029831062,232079.0,179372.0,2.9,-2.2,5.2,13.0,11.1,5.1,8.7,6.3,13.4,-1.2,5.9,32.4,6.5,-1.4,-0.4,-1.8,2021,1,108,-0.0021326905,-1,-0.011448196908986796,0.013410555907165778,0.05728167169832021
60,-0.009620826259196358,52.56,0.00932871996173712,-0.01172423789666166,234244.0,177269.0,2.9,-2.2,5.2,13.0,11.1,5.1,8.7,6.3,13.4,-1.2,5.9,32.4,6.5,-1.4,0.3,0.3,2021,2,109,0.0032025015,1,-0.009620826259196358,0.00378972964796942,0.047660845439123856
61,0.03314285714285714,54.92,0.02114461843206228,0.021504041879854885,239197.0,181081.0,2.9,-2.2,5.2,13.0,11.1,5.1,8.7,6.3,13.4,-1.2,5.9,32.4,6.5,-1.4,0.3,0.3,2021,2,110,0.0027845534,1,0.03314285714285714,0.03693258679082656,0.080803702581981
62,0.11172566371681425,54.92,0.11073717479734269,0.09366526582026835,265685.0,198042.0,2.9,-2.2,5.2,13.0,11.1,5.1,8.7,6.3,13.4,-1.2,5.9,32.4,6.5,-1.4,0.3,0.3,2021,2,111,0.01760689,1,0.11172566371681425,0.1486582505076408,0.19252936629879525
64,0.017910447761193993,58.48,0.15170220373750865,0.19409519192898483,305990.0,236481.0,35.0,37.3,59.5,13.0,11.1,62.4,8.7,59.2,13.4,59.0,85.4,32.4,6.5,89.9,1.7,1.0,2021,3,113,0.06340827,1,0.017910447761193993,0.1665686982688348,0.21043981405998924
65,0.025415444770283457,58.51,0.11728487859080361,-0.0031207581158739783,341878.0,235743.0,35.0,37.3,59.5,13.0,11.1,62.4,8.7,59.2,13.4,59.0,85.4,32.4,6.5,89.9,1.7,1.0,2021,3,114,0.05201811,1,0.025415444770283457,0.19198414303911826,0.2358552588302727
66,-0.011439466158245981,57.45,0.47168873106780773,0.43809996479216773,503138.0,339022.0,35.0,37.3,59.5,13.0,11.1,62.4,8.7,59.2,13.4,59.0,85.4,32.4,6.5,89.9,1.7,1.0,2021,3,115,0.07191829,1,-0.011439466158245981,0.18054467688087228,0.22441579267202671
67,-0.005785920925747368,58.5,0.11385743076452193,0.025346437694308888,560424.0,347615.0,35.0,37.3,59.5,13.0,11.1,62.4,8.7,59.2,13.4,59.0,85.4,32.4,6.5,89.9,1.7,1.0,2021,3,116,0.040005982,1,-0.005785920925747368,0.1747587559551249,0.21862987174627935
68,-0.07225994180407369,59.82,0.017900732302685185,-0.05830013089193509,570456.0,327349.0,25.6,29.8,40.2,22.5,20.2,39.9,17.9,37.2,62.3,63.2,67.4,42.9,69.8,81.7,4.4,2.1,2021,4,117,0.0064378986,1,-0.07225994180407369,0.10249881415105122,0.14636992994220566
69,-0.004704652378463181,58.43,-0.12801863772140187,-0.18597887881129926,497427.0,266469.0,25.6,29.8,40.2,22.5,20.2,39.9,17.9,37.2,62.3,63.2,67.4,42.9,69.8,81.7,4.4,2.1,2021,4,118,-0.0678587,-1,0.004704652378463181,0.1072034665295144,0.14166527756374248
70,0.00997899159663862,59.3,-0.10261606225637132,-0.27064311420840703,446383.0,194351.0,25.6,29.8,40.2,22.5,20.2,39.9,17.9,37.2,62.3,63.2,67.4,42.9,69.8,81.7,4.4,2.1,2021,4,119,0.026067633,1,0.00997899159663862,0.11718245812615302,0.1516442691603811
71,0.08528341133645356,58.54,-0.04232240027061962,0.46081059526320933,427491.0,283910.0,25.6,29.8,40.2,22.5,20.2,39.9,17.9,37.2,62.3,63.2,67.4,42.9,69.8,81.7,4.4,2.1,2021,4,120,-0.029307978,-1,-0.08528341133645356,0.03189904678969946,0.23692768049683466
72,0.035936751317680926,59.94,0.05166190633253098,0.2561551195801486,449576.0,356635.0,25.6,29.8,40.2,22.5,20.2,39.9,17.9,37.2,62.3,63.2,67.4,42.9,69.8,81.7,4.4,2.1,2021,4,121,-0.031220801,-1,-0.035936751317680926,-0.004037704527981467,0.2728644318145156
73,0.01803885291396856,59.85,-0.05301662010427599,-0.024422729120809783,425741.0,347925.0,19.9,23.8,33.9,21.0,14.9,31.6,10.2,28.2,19.1,32.2,57.7,37.2,6.8,53.4,6.8,3.3,2021,5,122,-0.009946129,-1,-0.01803885291396856,-0.02207655744195003,0.29090328472848415
74,-0.051794638800545245,59.59,0.0023206597438347742,-0.004440612200905414,426729.0,346380.0,19.9,23.8,33.9,21.0,14.9,31.6,10.2,28.2,19.1,32.2,57.7,37.2,6.8,53.4,6.8,3.3,2021,5,123,0.012544286,1,-0.051794638800545245,-0.07387119624249527,0.2391086459279389
75,0.04264494489698123,56.36,0.009012745794169108,-0.01994341474680983,430575.0,339472.0,19.9,23.8,33.9,21.0,14.9,31.6,10.2,28.2,19.1,32.2,57.7,37.2,6.8,53.4,6.8,3.3,2021,5,124,-0.039582774,-1,-0.04264494489698123,-0.1165161411394765,0.28175359082492013
76,0.03170955882352944,57.29,0.32428496777564875,0.36763267662723287,570204.0,464273.0,19.9,23.8,33.9,21.0,14.9,31.6,10.2,28.2,19.1,32.2,57.7,37.2,6.8,53.4,6.8,3.3,2021,5,125,0.0076247337,1,0.03170955882352944,-0.08480658231594707,0.31346314964844957
77,-0.031180400890868598,56.77,-0.05767234182853853,-0.09004615818710116,537319.0,422467.0,15.4,20.4,30.5,19.2,13.8,27.2,5.9,22.6,11.9,27.4,48.8,31.8,-4.0,38.4,9.0,4.4,2021,6,126,0.017792735,1,-0.031180400890868598,-0.11598698320681566,0.28228274875758097
78,0.0045977011494253706,56.29,-0.015467534183604137,-0.09705136732573194,529008.0,381466.0,15.4,20.4,30.5,19.2,13.8,27.2,5.9,22.6,11.9,27.4,48.8,31.8,-4.0,38.4,9.0,4.4,2021,6,127,-0.007629106,-1,-0.0045977011494253706,-0.12058468435624103,0.28688044990700634
79,0.04485125858123573,55.8,-0.07147907025980704,-0.05702998432363571,491195.0,359711.0,15.4,20.4,30.5,19.2,13.8,27.2,5.9,22.6,11.9,27.4,48.8,31.8,-4.0,38.4,9.0,4.4,2021,6,128,0.004298143,1,0.04485125858123573,-0.0757334257750053,0.33173170848824207
80,-0.007446342531756467,55.77,0.09418051893850721,0.11050815793790014,537456.0,399462.0,15.4,20.4,30.5,19.2,13.8,27.2,5.9,22.6,11.9,27.4,48.8,31.8,-4.0,38.4,9.0,4.4,2021,6,129,0.0035844652,1,-0.007446342531756467,-0.08317976830676177,0.3242853659564856
81,0.0026478375992939895,55.46,-0.08578562710249771,-0.12463763762260238,491350.0,349674.0,12.6,19.2,28.2,19.7,13.9,24.3,10.5,20.1,0.6,22.0,45.6,29.5,-13.1,26.4,8.8,5.1,2021,7,130,0.03246083,1,0.0026478375992939895,-0.08053193070746778,0.3269332035557796
82,0.026848591549295753,56.05,0.05310267629998977,0.007243890023278743,517442.0,352207.0,12.6,19.2,28.2,19.7,13.9,24.3,10.5,20.1,0.6,22.0,45.6,29.5,-13.1,26.4,8.8,5.1,2021,7,131,0.002813926,1,0.026848591549295753,-0.05368333915817203,0.35378179510507535
83,0.002571795970852886,53.35,0.0859767858040128,-0.017711175530298995,561930.0,345969.0,12.6,19.2,28.2,19.7,13.9,24.3,10.5,20.1,0.6,22.0,45.6,29.5,-13.1,26.4,8.8,5.1,2021,7,132,-0.01212952,-1,-0.002571795970852886,-0.056255135129024914,0.35635359107592823
84,-0.00042753313381782565,48.38,-0.06264125424874989,-0.134295269229324,526730.0,299507.0,12.6,19.2,28.2,19.7,13.9,24.3,10.5,20.1,0.6,22.0,45.6,29.5,-13.1,26.4,8.8,5.1,2021,7,133,-0.0020301451,-1,0.00042753313381782565,-0.05582760199520709,0.3559260579421104
85,0.0055603079555175405,50.78,-0.01847625918402218,-0.05188860360525793,516998.0,283966.0,12.6,19.2,28.2,19.7,13.9,24.3,10.5,20.1,0.6,22.0,45.6,29.5,-13.1,26.4,8.8,5.1,2021,7,134,0.0010935678,1,0.0055603079555175405,-0.05026729403968955,0.36148636589762795
86,0.04934070608251817,54.67,0.027477862583607626,-0.06098265285280635,531204.0,266649.0,10.3,17.3,25.5,12.7,7.6,21.5,5.3,17.8,-2.0,18.2,44.2,27.5,-15.8,18.9,9.0,5.7,2021,8,135,-0.010317095,-1,-0.04934070608251817,-0.09960800012220772,0.4108270719801461
87,0.006080259424402046,54.73,-0.03423731749007919,0.1036268652798249,513017.0,294281.0,10.3,17.3,25.5,12.7,7.6,21.5,5.3,17.8,-2.0,18.2,44.2,27.5,-15.8,18.9,9.0,5.7,2021,8,136,0.031617932,1,0.006080259424402046,-0.09352774069780567,0.41690733140454816
88,-0.0149073327961321,51.0,0.08850388973464818,0.2714106585202578,558421.0,374152.0,10.3,17.3,25.5,12.7,7.6,21.5,5.3,17.8,-2.0,18.2,44.2,27.5,-15.8,18.9,9.0,5.7,2021,8,137,0.009276162,1,-0.0149073327961321,-0.10843507349393777,0.40199999860841606
89,0.03885480572597144,55.28,0.09855288393523876,0.21378744467489152,613455.0,454141.0,10.3,17.3,25.5,12.7,7.6,21.5,5.3,17.8,-2.0,18.2,44.2,27.5,-15.8,18.9,9.0,5.7,2021,8,138,0.008596689,1,0.03885480572597144,-0.06958026776796633,0.4408548043343875
90,0.08779527559055111,55.21,-0.08538197585804985,-0.09584027867996947,561077.0,410616.0,8.9,15.7,23.5,11.8,6.7,19.4,8.7,16.5,-7.7,14.5,40.6,23.1,-19.1,13.5,9.5,6.2,2021,9,139,-0.007008217,-1,-0.08779527559055111,-0.15737554335851744,0.5286500799249386
91,0.019905899384726755,54.99,-0.05285905499601662,-0.04385606016326693,531419.0,392608.0,8.9,15.7,23.5,11.8,6.7,19.4,8.7,16.5,-7.7,14.5,40.6,23.1,-19.1,13.5,9.5,6.2,2021,9,140,0.08856513,1,0.019905899384726755,-0.1374696439737907,0.5485559793096654
92,0.03406671398154715,54.36,-0.018736627783349835,-0.02703459939685382,521462.0,381994.0,8.9,15.7,23.5,11.8,6.7,19.4,8.7,16.5,-7.7,14.5,40.6,23.1,-19.1,13.5,9.5,6.2,2021,9,141,0.014638973,1,0.03406671398154715,-0.10340292999224354,0.5826226932912125
93,-0.0041180507892930596,56.46,0.10901081958033365,0.12325586265752864,578307.0,429077.0,8.9,15.7,23.5,11.8,6.7,19.4,8.7,16.5,-7.7,14.5,40.6,23.1,-19.1,13.5,9.5,6.2,2021,9,142,0.04076624,1,-0.0041180507892930596,-0.1075209807815366,0.5785046425019195
94,0.01447277739490005,51.63,-0.09227278936620165,-0.0924006646825628,524945.0,389430.0,8.9,15.7,23.5,11.8,6.7,19.4,8.7,16.5,-7.7,14.5,40.6,23.1,-19.1,13.5,9.5,6.2,2021,9,143,0.05544725,1,0.01447277739490005,-0.09304820338663655,0.5929774198968195
95,-0.036684782608695676,51.85,0.02031831906199688,0.01973397016151801,535611.0,397115.0,7.3,14.8,21.2,6.8,3.0,17.1,8.8,15.5,-0.7,12.5,38.4,2.1,-13.7,9.4,10.7,6.7,2021,10,144,0.012125302,1,-0.036684782608695676,-0.12973298599533223,0.5562926372881238
97,-0.11600846262341324,52.66,-0.16899764941347362,-0.20329375621671308,445094.0,316384.0,7.3,14.8,21.2,6.8,3.0,17.1,8.8,15.5,-0.7,12.5,38.4,2.1,-13.7,9.4,10.7,6.7,2021,10,146,-0.0077938335,-1,0.11600846262341324,-0.013724523371918984,0.4402841746647106
98,-0.041483845233346583,53.69,-0.050456757448988254,-0.10825136542935165,422636.0,282135.0,7.3,14.8,21.2,6.8,3.0,17.1,8.8,15.5,-0.7,12.5,38.4,2.1,-13.7,9.4,10.7,6.7,2021,10,147,-0.10297389,-1,0.041483845233346583,0.0277593218614276,0.398800329431364
99,-0.028714107365792718,54.46,-0.21697394448177632,-0.28036223793574,330935.0,203035.0,6.1,14.2,19.4,6.7,1.0,15.2,7.2,14.6,-6.7,10.0,31.9,4.8,-8.3,7.1,13.5,7.3,2021,11,148,-0.10623767,-1,0.028714107365792718,0.05647342922722032,0.3700862220655713
100,-0.0047129391602399595,53.99,0.33452490670373347,0.6167803580663433,441641.0,328263.0,6.1,14.2,19.4,6.7,1.0,15.2,7.2,14.6,-6.7,10.0,31.9,4.8,-8.3,7.1,13.5,7.3,2021,11,149,0.025566066,1,-0.0047129391602399595,0.05176049006698036,0.36537328290533133
101,0.00516573396470088,56.31,0.162824556596874,0.1611634573497469,513551.0,381167.0,6.1,14.2,19.4,6.7,1.0,15.2,7.2,14.6,-6.7,10.0,31.9,4.8,-8.3,7.1,13.5,7.3,2021,11,150,-0.020731136,-1,-0.00516573396470088,0.04659475610227948,0.3705390168700322
102,0.07580299785867228,53.62,-0.06644130767927625,-0.07435585976750347,479430.0,352825.0,6.1,14.2,19.4,6.7,1.0,15.2,7.2,14.6,-6.7,10.0,31.9,4.8,-8.3,7.1,13.5,7.3,2021,11,151,0.0023752863,1,0.07580299785867228,0.12239775396095176,0.4463420147287045
103,-0.07722929936305734,53.44,-0.022989800387960724,-0.10459292850563306,468408.0,315922.0,5.2,13.7,17.5,3.5,2.8,13.8,4.0,13.3,5.2,14.8,29.9,2.1,-7.1,5.3,12.9,7.9,2021,12,152,0.001833365,1,-0.07722929936305734,0.045168454597894425,0.36911271536564716
104,0.03796376186367567,58.29,-0.06453988830250545,-0.2591145915764018,438177.0,234062.0,5.2,13.7,17.5,3.5,2.8,13.8,4.0,13.3,5.2,14.8,29.9,2.1,-7.1,5.3,12.9,7.9,2021,12,153,-0.045002867,-1,-0.03796376186367567,0.007204692734218754,0.40707647722932283
105,-0.0228595178719867,59.2,-0.04438617271102774,0.03149165605694226,418728.0,241433.0,5.2,13.7,17.5,3.5,2.8,13.8,4.0,13.3,5.2,14.8,29.9,2.1,-7.1,5.3,12.9,7.9,2021,12,154,0.05309385,1,-0.0228595178719867,-0.015654825137767947,0.38421695935733613
106,-0.032752020416843886,58.74,0.15161871190844645,0.617666184821462,482215.0,390558.0,5.2,13.7,17.5,3.5,2.8,13.8,4.0,13.3,5.2,14.8,29.9,2.1,-7.1,5.3,12.9,7.9,2021,12,155,-0.014012261,-1,0.032752020416843886,0.01709719527907594,0.35146493894049224
107,0.17810026385224265,56.68,-0.14612776458633592,-0.0944443590964722,411750.0,353672.0,5.2,13.7,17.5,3.5,2.8,13.8,4.0,13.3,5.2,14.8,29.9,2.1,-7.1,5.3,12.9,7.9,2021,12,156,-0.016386924,-1,-0.17810026385224265,-0.1610030685731667,0.5295652027927349
109,0.04665920119447553,55.14,0.1589508196721312,0.1856267954488906,477198.0,419323.0,4.9,13.5,16.0,4.6,1.5,12.4,7.4,12.6,5.9,10.2,29.2,5.8,3.4,4.8,10.3,8.1,2022,1,158,0.033047095,1,0.04665920119447553,-0.11434386737869118,0.5762244039872104
110,0.049572039942938684,55.42,-0.014170218651377464,-0.09059841697211934,470436.0,381333.0,4.9,13.5,16.0,4.6,1.5,12.4,7.4,12.6,5.9,10.2,29.2,5.8,3.4,4.8,10.3,8.1,2022,1,159,0.03644423,1,0.049572039942938684,-0.0647718274357525,0.6257964439301491
111,-0.014950730547060864,54.92,0.20601527094014904,0.11650709484885913,567353.0,425761.0,4.9,13.5,16.0,4.6,1.5,12.4,7.4,12.6,5.9,10.2,29.2,5.8,3.4,4.8,10.3,8.1,2022,1,160,0.04082225,1,-0.014950730547060864,-0.07972255798281336,0.6108457133830882
113,-0.06553984132459467,55.9,0.04215541294396963,-0.07885409889585937,591270.0,392188.0,4.9,13.5,16.0,4.6,1.5,12.4,7.4,12.6,5.9,10.2,29.2,5.8,3.4,4.8,9.1,9.1,2022,2,163,0.0059561227,1,-0.06553984132459467,-0.14526239930740803,0.5453058720584936
114,0.04466592838685868,55.8,0.2981734233091482,0.3742822319907799,767571.0,538977.0,4.9,13.5,16.0,4.6,1.5,12.4,7.4,12.6,5.9,10.2,29.2,5.8,3.4,4.8,9.1,9.1,2022,2,164,0.015417779,1,0.04466592838685868,-0.10059647092054935,0.5899718004453522
115,-0.04452296819787982,55.65,-0.0027463257470644598,-0.054347402579330795,765463.0,509685.0,12.2,20.9,6.8,4.6,1.5,5.0,7.4,8.8,5.9,-5.9,7.2,5.8,3.4,11.1,8.8,8.9,2022,3,165,0.02208612,1,-0.04452296819787982,-0.14511943911842917,0.5454488322474724
116,-0.014423076923076872,57.62,-0.025758266565464316,-0.03428392046067674,745746.0,492211.0,12.2,20.9,6.8,4.6,1.5,5.0,7.4,8.8,5.9,-5.9,7.2,5.8,3.4,11.1,8.8,8.9,2022,3,166,-0.051429503,-1,0.014423076923076872,-0.1306963621953523,0.5310257553243956
117,0.0900562851782365,58.07,-0.05073577330619272,-0.177224808059958,707910.0,404979.0,12.2,20.9,6.8,4.6,1.5,5.0,7.4,8.8,5.9,-5.9,7.2,5.8,3.4,11.1,8.8,8.9,2022,3,167,-0.03875955,-1,-0.0900562851782365,-0.2207526473735888,0.621082040502632
118,0.04647160068846823,58.92,-0.043129776384003615,-0.077922558947501,677378.0,373422.0,12.2,20.9,6.8,4.6,1.5,5.0,7.4,8.8,5.9,-5.9,7.2,5.8,3.4,11.1,8.8,8.9,2022,3,168,-0.025240999,-1,-0.04647160068846823,-0.267224248062057,0.6675536411911003
119,-0.03157894736842104,57.29,0.10710711006262374,-0.03487207502503875,749930.0,360400.0,9.3,15.6,4.9,2.1,-0.7,2.6,7.6,8.2,-6.5,-6.2,1.5,3.6,-4.9,4.9,8.3,8.7,2022,4,169,0.013198381,1,-0.03157894736842104,-0.29880319543047806,0.6359746938226792
120,0.06487771739130443,56.77,-0.04844052111530406,-0.08164816870144287,713603.0,330974.0,9.3,15.6,4.9,2.1,-0.7,2.6,7.6,8.2,-6.5,-6.2,1.5,3.6,-4.9,4.9,8.3,8.7,2022,4,170,-0.008251201,-1,-0.06487771739130443,-0.3636809128217825,0.7008524112139837
121,-0.009250398724082953,57.3,0.18724276663635098,0.596234145280294,847220.0,528312.0,9.3,15.6,4.9,2.1,-0.7,2.6,7.6,8.2,-6.5,-6.2,1.5,3.6,-4.9,4.9,8.3,8.7,2022,4,171,0.006613009,1,-0.009250398724082953,-0.37293131154586545,0.6916020124899007
122,-0.03283966516419834,58.34,0.06293170605037646,0.1387399869773922,900537.0,601610.0,9.3,15.6,4.9,2.1,-0.7,2.6,7.6,8.2,-6.5,-6.2,1.5,3.6,-4.9,4.9,8.3,8.7,2022,4,172,0.0043248036,1,-0.03283966516419834,-0.4057709767100638,0.6587623473257024
123,-0.007323568575232975,58.85,0.061585476221410085,0.12349196323199418,955997.0,675904.0,9.3,15.6,4.9,2.1,-0.7,2.6,7.6,8.2,-6.5,-6.2,1.5,3.6,-4.9,4.9,8.3,8.7,2022,4,173,-0.032485943,-1,0.007323568575232975,-0.3984474081348308,0.6514387787504694
124,0.0013413816230718467,59.23,-0.14114374835904298,-0.17619070163810246,821064.0,556816.0,6.8,12.2,1.5,-6.6,-15.8,-2.7,-5.5,4.3,-10.0,-7.4,-5.2,-19.0,-43.5,-7.8,8.0,8.5,2022,5,174,0.09089061,1,0.0013413816230718467,-0.39710602651175897,0.6527801603735413
126,0.01841929002009368,56.63,0.09184302319916604,0.16454448148041734,896473.0,648437.0,6.8,12.2,1.5,-6.6,-15.8,-2.7,-5.5,4.3,-10.0,-7.4,-5.2,-19.0,-43.5,-7.8,8.0,8.5,2022,5,176,-0.02982918,-1,-0.01841929002009368,-0.41552531653185265,0.6711994503936349
127,0.028280170996382692,57.62,-0.046439770076734055,-0.10856875841446434,854841.0,578037.0,6.8,12.2,1.5,-6.6,-15.8,-2.7,-5.5,4.3,-10.0,-7.4,-5.2,-19.0,-43.5,-7.8,8.0,8.5,2022,5,177,0.007913848,1,0.028280170996382692,-0.38724514553546996,0.6994796213900176
128,-0.03741605372561563,59.7,0.061672287595003095,0.06589024578011449,907561.0,616124.0,6.2,10.6,0.6,-2.3,-6.8,-3.6,1.1,3.6,6.9,-5.4,-8.7,-18.0,-4.8,-7.2,6.4,8.1,2022,6,178,-0.02457392,-1,0.03741605372561563,-0.34982909180985433,0.662063567664402
129,-0.040863787375415295,58.77,0.02018707282485699,0.011184436899065675,925882.0,623015.0,6.2,10.6,0.6,-2.3,-6.8,-3.6,1.1,3.6,6.9,-5.4,-8.7,-18.0,-4.8,-7.2,6.4,8.1,2022,6,179,-0.03376362,-1,0.040863787375415295,-0.30896530443443904,0.6211997802889867
130,-0.06096293730516111,60.36,0.03444067386556826,0.056608588878277466,957770.0,658283.0,6.2,10.6,0.6,-2.3,-6.8,-3.6,1.1,3.6,6.9,-5.4,-8.7,-18.0,-4.8,-7.2,6.4,8.1,2022,6,180,-0.014890632,-1,0.06096293730516111,-0.24800236712927792,0.5602368429838256
131,0.012172630025820697,59.23,-0.04512356828883757,-0.08867462778166835,914552.0,599910.0,6.2,10.6,0.6,-2.3,-6.8,-3.6,1.1,3.6,6.9,-5.4,-8.7,-18.0,-4.8,-7.2,6.4,8.1,2022,6,181,-0.0088525815,-1,-0.012172630025820697,-0.2601749971550986,0.5724094730096463
132,-0.06887755102040816,56.98,0.05947611508148243,0.05494157456951876,968946.0,632870.0,6.1,10.4,0.5,0.1,1.1,-2.7,6.0,4.1,21.9,-1.0,-7.3,-11.7,26.8,-2.1,6.1,7.7,2022,7,182,-0.031962957,-1,0.06887755102040816,-0.19129744613469046,0.5035319219892381
133,-0.04031311154598827,56.08,0.011598169557436533,-0.020786259421366138,980184.0,619715.0,6.1,10.4,0.5,0.1,1.1,-2.7,6.0,4.1,21.9,-1.0,-7.3,-11.7,26.8,-2.1,6.1,7.7,2022,7,183,-0.059603073,-1,0.04031311154598827,-0.1509843345887022,0.46321881044324986
134,0.03629690048939649,53.18,-0.08719995429429572,-0.16239884463019294,894712.0,519074.0,6.1,10.4,0.5,0.1,1.1,-2.7,6.0,4.1,21.9,-1.0,-7.3,-11.7,26.8,-2.1,6.1,7.7,2022,7,184,0.004777196,1,0.03629690048939649,-0.11468743409930571,0.49951571093264635
135,0.03266430539157805,52.37,0.12888057833135136,0.11335570650812787,1010023.0,577914.0,6.1,10.4,0.5,0.1,1.1,-2.7,6.0,4.1,21.9,-1.0,-7.3,-11.7,26.8,-2.1,6.1,7.7,2022,7,185,-0.037591793,-1,-0.03266430539157805,-0.14735173949088376,0.5321800163242244
136,-0.015243902439024404,53.86,-0.06614304822761463,-0.11447724055828379,943217.0,511756.0,6.1,10.4,0.5,0.1,1.1,-2.7,6.0,4.1,21.9,-1.0,-7.3,-11.7,26.8,-2.1,6.1,7.7,2022,7,186,0.031492777,1,-0.015243902439024404,-0.16259564192990816,0.5169361138852
137,0.012770897832817374,50.32,-0.05388791762659073,-0.14877988729003666,892389.0,435617.0,5.7,9.9,0.1,-2.3,-0.4,-2.2,4.0,4.1,30.3,-0.3,-10.1,-14.8,31.5,2.9,4.2,7.2,2022,8,187,0.022983763,1,0.012770897832817374,-0.1498247440970908,0.5297070117180174
138,-0.00420328620557886,48.32,-0.09348501606362247,-0.23158416682544525,808964.0,334735.0,5.7,9.9,0.1,-2.3,-0.4,-2.2,4.0,4.1,30.3,-0.3,-10.1,-14.8,31.5,2.9,4.2,7.2,2022,8,188,0.06715891,1,-0.00420328620557886,-0.15402803030266965,0.5255037255124385
139,0.03491941673062171,51.8,-0.050930572930315776,0.062138706738166016,767763.0,355535.0,5.7,9.9,0.1,-2.3,-0.4,-2.2,4.0,4.1,30.3,-0.3,-10.1,-14.8,31.5,2.9,4.2,7.2,2022,8,189,0.017640177,1,0.03491941673062171,-0.11910861357204794,0.5604231422430602
140,-0.0315164998146088,47.38,-0.02738214787636284,0.13905803929289662,746740.0,404975.0,5.7,9.9,0.1,-2.3,-0.4,-2.2,4.0,4.1,30.3,-0.3,-10.1,-14.8,31.5,2.9,4.2,7.2,2022,8,190,-0.0033682897,-1,0.0315164998146088,-0.08759211375743914,0.5289066424284514
141,-0.27335375191424194,46.18,0.10399201864102636,0.2071535279955552,824395.0,488867.0,5.8,10.0,-0.2,-2.3,0.8,-1.9,4.5,4.3,8.0,2.9,-10.5,-13.5,39.0,6.1,2.3,6.6,2022,9,191,-0.011808224,-1,0.27335375191424194,0.1857616381568028,0.2555528905142095
143,0.007376185458377149,51.05,-0.03176026055470982,0.008920626673512455,798212.0,493228.0,5.8,10.0,-0.2,-2.3,0.8,-1.9,4.5,4.3,8.0,2.9,-10.5,-13.5,39.0,6.1,2.3,6.6,2022,9,193,-0.031232279,-1,-0.007376185458377149,0.17838545269842565,0.26292907597258663
144,0.05439330543933063,54.15,0.03846096024615009,0.01957918041960305,828912.0,502885.0,5.8,10.0,-0.2,-2.3,0.8,-1.9,4.5,4.3,8.0,2.9,-10.5,-13.5,39.0,6.1,2.3,6.6,2022,9,194,-0.06153051,-1,-0.05439330543933063,0.12399214725909502,0.31732238141191726
145,-0.021329365079365115,54.61,0.0361256683459763,0.046863597045050165,858857.0,526452.0,5.8,10.0,-0.2,-2.3,0.8,-1.9,4.5,4.3,8.0,2.9,-10.5,-13.5,39.0,6.1,2.3,6.6,2022,9,195,0.043661855,1,-0.021329365079365115,0.1026627821797299,0.29599301633255215
147,-0.06183476938672072,59.71,-0.08167948797064006,-0.06332391177163355,788706.0,493115.0,5.9,10.1,-0.1,1.3,2.3,-1.4,4.9,4.4,16.4,4.6,-11.1,-12.0,25.4,8.1,0.9,5.9,2022,10,198,0.0147853065,1,-0.06183476938672072,0.04082801279300918,0.23415824694583143
148,0.0054024851431657694,57.98,0.07824588629983786,0.08242499214179255,850419.0,533760.0,5.9,10.1,-0.1,1.3,2.3,-1.4,4.9,4.4,16.4,4.6,-11.1,-12.0,25.4,8.1,0.9,5.9,2022,10,199,-0.02309998,-1,-0.0054024851431657694,0.035425527649843414,0.2395607320889972
149,0.04245029554003232,59.28,0.00430964030671932,-0.03530425659472425,854084.0,514916.0,5.8,9.7,-0.4,-3.1,2.0,-1.0,3.0,4.2,9.4,4.9,-12.5,-8.5,8.6,8.1,-1.3,5.2,2022,11,200,-0.03195139,-1,-0.04245029554003232,-0.00702476789018891,0.2820110276290295
150,0.035051546391752675,58.87,0.023393483544944083,-0.01834085559586418,874064.0,505472.0,5.8,9.7,-0.4,-3.1,2.0,-1.0,3.0,4.2,9.4,4.9,-12.5,-8.5,8.6,8.1,-1.3,5.2,2022,11,201,0.038234115,1,0.035051546391752675,0.028026778501563765,0.3170625740207822
151,-0.002490039840637448,60.79,-0.024143540976404476,-0.0686843188148899,852961.0,470754.0,5.8,9.7,-0.4,-3.1,2.0,-1.0,3.0,4.2,9.4,4.9,-12.5,-8.5,8.6,8.1,-1.3,5.2,2022,11,202,-0.0034685316,-1,0.002490039840637448,0.030516818342201213,0.31457253418014475
152,0.08587119321018477,59.3,0.11713548450632572,0.06210249939458823,952873.0,499989.0,5.8,9.7,-0.4,-3.1,2.0,-1.0,3.0,4.2,9.4,4.9,-12.5,-8.5,8.6,8.1,-1.3,5.2,2022,11,203,0.030552851,1,0.08587119321018477,0.11638801155238598,0.4004437273903295
153,0.05057471264367819,59.79,0.23506175534410145,0.2677558906295938,1176857.0,633864.0,5.3,9.3,-0.4,-0.3,-0.9,-1.0,2.3,4.0,-15.2,1.5,-12.5,-13.2,-9.9,5.6,-1.3,4.6,2022,12,204,0.017927006,1,0.05057471264367819,0.16696272419606417,0.4510184400340077
154,0.04463894967177251,61.16,0.11766425317604434,-0.029918089684853544,1315331.0,614900.0,5.3,9.3,-0.4,-0.3,-0.9,-1.0,2.3,4.0,-15.2,1.5,-12.5,-13.2,-9.9,5.6,-1.3,4.6,2022,12,205,0.027446922,1,0.04463894967177251,0.21160167386783668,0.4956573897057802
155,-0.034771679932970256,60.58,-0.04253758179500067,-0.022530492763050858,1259380.0,601046.0,5.3,9.3,-0.4,-0.3,-0.9,-1.0,2.3,4.0,-15.2,1.5,-12.5,-13.2,-9.9,5.6,-1.3,4.6,2022,12,206,6.6893015e-05,1,-0.034771679932970256,0.17682999393486643,0.46088570977280996
156,0.03342013888888884,60.71,0.0039392399434643455,0.1452135111122943,1264341.0,688326.0,5.3,9.3,-0.4,-0.3,-0.9,-1.0,2.3,4.0,-15.2,1.5,-12.5,-13.2,-9.9,5.6,-1.3,4.6,2022,12,207,-0.023340452,-1,-0.03342013888888884,0.14340985504597759,0.4943058486616988
157,0.0037799244015119804,59.99,-0.022298572932460514,0.05411825210728627,1236148.0,725577.0,5.3,9.3,-0.4,-0.3,-0.9,-1.0,2.3,4.0,-15.2,1.5,-12.5,-13.2,-9.9,5.6,-1.3,4.6,2022,12,208,-0.025072252,-1,-0.0037799244015119804,0.1396299306444656,0.4980857730632108
159,0.05648535564853563,61.67,-0.08434265152716336,0.02488364432720447,1131888.0,743632.0,5.1,9.1,-0.4,-1.2,-3.4,-1.2,-0.5,3.6,-13.7,-1.1,-13.1,-11.7,-16.7,3.4,-0.7,4.1,2023,1,210,0.013942857,1,0.05648535564853563,0.19611528629300123,0.5545711287117464
160,0.01544554455445546,60.9,0.12490988507696876,0.1259171202960605,1273272.0,837268.0,5.1,9.1,-0.4,-1.2,-3.4,-1.2,-0.5,3.6,-13.7,-1.1,-13.1,-11.7,-16.7,3.4,-0.7,4.1,2023,1,211,0.045039956,1,0.01544554455445546,0.2115608308474567,0.5700166732662019
162,-0.030421216848673938,61.29,-0.009641302094132276,-0.051030255545416736,1260996.0,794542.0,5.1,9.1,-0.4,-1.2,-3.4,-1.2,-0.5,3.6,-13.7,-1.1,-13.1,-11.7,-16.7,3.4,-0.8,-0.8,2023,2,214,0.031516545,1,-0.030421216848673938,0.18113961399878276,0.5395954564175279
163,0.017699115044247815,61.52,0.03069954226658922,-0.004680683966360455,1299708.0,790823.0,5.1,9.1,-0.4,-1.2,-3.4,-1.2,-0.5,3.6,-13.7,-1.1,-13.1,-11.7,-16.7,3.4,-0.8,-0.8,2023,2,215,0.018688357,1,0.017699115044247815,0.19883872904303057,0.5572945714617757
164,0.017391304347825987,60.83,0.02290976126945443,-0.0273689561380992,1329484.0,769179.0,5.1,9.1,-0.4,-1.2,-3.4,-1.2,-0.5,3.6,-13.7,-1.1,-13.1,-11.7,-16.7,3.4,-0.8,-0.8,2023,2,216,0.007772388,1,0.017391304347825987,0.21623003339085656,0.5746858758096017
165,-0.029526029526029562,60.61,-0.01783022586206373,-0.08237744400198133,1305779.0,705816.0,5.5,8.1,-0.8,-1.2,-3.4,-1.3,-0.5,3.9,-13.7,23.2,-11.8,-11.7,-16.7,-14.0,-1.4,-1.1,2023,3,217,0.024517763,1,-0.029526029526029562,0.186704003864827,0.5451598462835722
166,-0.04923939151321055,62.36,-0.007285306319063212,-0.08692350414272276,1296266.0,644464.0,5.5,8.1,-0.8,-1.2,-3.4,-1.3,-0.5,3.9,-13.7,23.2,-11.8,-11.7,-16.7,-14.0,-1.4,-1.1,2023,3,218,0.033567294,1,-0.04923939151321055,0.13746461235161644,0.4959204547703616
167,0.05052631578947375,62.33,0.06450759334889589,-0.009047828893468113,1379885.0,638633.0,5.5,8.1,-0.8,-1.2,-3.4,-1.3,-0.5,3.9,-13.7,23.2,-11.8,-11.7,-16.7,-14.0,-1.4,-1.1,2023,3,219,-0.024256898,-1,-0.05052631578947375,0.08693829656214269,0.5464467705598354
168,-0.012825651302605157,62.2,0.013530837714737176,-0.07620495652432613,1398556.0,589966.0,5.5,8.1,-0.8,-1.2,-3.4,-1.3,-0.5,3.9,-13.7,23.2,-11.8,-11.7,-16.7,-14.0,-1.4,-1.1,2023,3,220,0.035405133,1,-0.012825651302605157,0.07411264525953754,0.5336211192572302
169,-0.01218026796589522,61.75,0.01268808685529943,-0.11256750389005465,1416301.0,523555.0,5.5,8.1,-0.8,-1.2,-3.4,-1.3,-0.5,3.9,-13.7,23.2,-11.8,-11.7,-16.7,-14.0,-1.4,-1.1,2023,3,221,-0.0026528058,-1,0.01218026796589522,0.08629291322543275,0.521440851291335
170,-0.034936292642827826,62.66,0.026859403474261523,0.1885971865420062,1454342.0,622296.0,5.1,7.0,1.6,4.8,4.6,1.1,7.3,5.5,-2.6,-4.1,-6.8,0.0,11.2,-5.1,-2.5,-1.6,2023,4,222,0.007737213,1,-0.034936292642827826,0.05135662058260493,0.48650455864850717
171,-0.05195911413969334,61.18,-0.03172912561144492,0.07634469770012986,1408197.0,669805.0,5.1,7.0,1.6,4.8,4.6,1.1,7.3,5.5,-2.6,-4.1,-6.8,0.0,11.2,-5.1,-2.5,-1.6,2023,4,223,-0.01883089,-1,0.05195911413969334,0.10331573472229827,0.4345454445088138
172,-0.05929919137466311,60.63,0.050681119189999624,0.1261382044027739,1479566.0,754293.0,5.1,7.0,1.6,4.8,4.6,1.1,7.3,5.5,-2.6,-4.1,-6.8,0.0,11.2,-5.1,-2.5,-1.6,2023,4,224,-0.021633113,-1,0.05929919137466311,0.16261492609696138,0.3752462531341507
173,-0.028175740210124145,62.1,0.036637094931892156,0.054370118773473974,1533773.0,795304.0,5.1,7.0,1.6,4.8,4.6,1.1,7.3,5.5,-2.6,-4.1,-6.8,0.0,11.2,-5.1,-2.5,-1.6,2023,4,225,-0.04745326,-1,0.028175740210124145,0.19079066630708552,0.3470705129240266
174,-0.07911547911547911,63.05,0.038351829116825,0.07576348163721036,1592596.0,855559.0,4.7,6.4,1.8,2.7,13.5,4.0,9.1,6.4,-10.6,4.3,-3.0,-1.9,59.8,4.3,-3.6,-2.1,2023,5,226,-0.032372117,-1,0.07911547911547911,0.26990614542256464,0.26795503380854746
175,-0.0699039487726788,62.5,-0.021684093141010052,-0.01306280455234532,1558062.0,844383.0,4.7,6.4,1.8,2.7,13.5,4.0,9.1,6.4,-10.6,4.3,-3.0,-1.9,59.8,4.3,-3.6,-2.1,2023,5,227,-0.0632823,-1,0.0699039487726788,0.33981009419524344,0.19805108503586866
176,-0.07630522088353409,60.93,0.04370108506593451,0.05029471223366655,1626151.0,886851.0,4.7,6.4,1.8,2.7,13.5,4.0,9.1,6.4,-10.6,4.3,-3.0,-1.9,59.8,4.3,-3.6,-2.1,2023,5,228,-0.06627581,-1,0.07630522088353409,0.4161153150787775,0.12174586415233457
177,0.0627329192546584,58.73,0.22588800179073165,0.19553904770925445,1993479.0,1060265.0,4.7,6.4,1.8,2.7,13.5,4.0,9.1,6.4,-10.6,4.3,-3.0,-1.9,59.8,4.3,-3.6,-2.1,2023,5,229,0.00064247963,1,0.0627329192546584,0.47884823433343593,0.18447878340699297
178,-0.03214494447691407,59.99,0.23507747009123237,0.2369294468835621,2462101.0,1311473.0,4.0,6.0,1.3,-0.1,6.1,4.5,3.9,5.9,3.9,-1.2,-2.0,1.9,17.3,7.1,-4.6,-2.6,2023,6,230,0.046963386,1,-0.03214494447691407,0.44670328985652186,0.1523338389300789
179,0.024758454106280192,60.62,0.049872040180317434,-0.07031787920910304,2584891.0,1219253.0,4.0,6.0,1.3,-0.1,6.1,4.5,3.9,5.9,3.9,-1.2,-2.0,1.9,17.3,7.1,-4.6,-2.6,2023,6,231,-0.07626888,-1,-0.024758454106280192,0.42194483575024166,0.1770922930363591
180,-0.015321154979375362,60.25,0.030234156875473595,-0.07391657022783626,2663043.0,1129130.0,4.0,6.0,1.3,-0.1,6.1,4.5,3.9,5.9,3.9,-1.2,-2.0,1.9,17.3,7.1,-4.6,-2.6,2023,6,232,0.008007528,1,-0.015321154979375362,0.4066236807708663,0.16177113805698373
181,0.010173548773189767,60.55,0.09193280018384975,0.0746282536111873,2907864.0,1213395.0,4.0,6.0,1.3,-0.1,6.1,4.5,3.9,5.9,3.9,-1.2,-2.0,1.9,17.3,7.1,-4.6,-2.6,2023,6,233,-0.023857003,-1,-0.010173548773189767,0.39645013199767654,0.1719446868301735
182,0.004739336492890933,61.03,-0.012437651829659169,-0.06538101772300031,2871697.0,1134062.0,4.0,6.0,1.3,-0.1,6.1,4.5,3.9,5.9,3.9,-1.2,-2.0,1.9,17.3,7.1,-4.6,-2.6,2023,6,234,-0.022269633,-1,-0.004739336492890933,0.3917107955047856,0.17668402332306443
183,0.09316037735849059,60.34,0.026857290306045556,-0.05561512509898048,2948823.0,1070991.0,3.8,6.0,1.5,2.4,-0.2,3.6,3.4,5.5,-0.7,-1.2,-2.9,0.0,0.8,6.1,-5.4,-3.1,2023,7,235,-0.03038033,-1,-0.09316037735849059,0.298550418146295,0.269844400681555
184,0.07335490830636471,56.02,0.01447764074005109,0.032933049857561736,2991515.0,1106262.0,3.8,6.0,1.5,2.4,-0.2,3.6,3.4,5.5,-0.7,-1.2,-2.9,0.0,0.8,6.1,-5.4,-3.1,2023,7,236,0.08174461,1,0.07335490830636471,0.3719053264526597,0.3431993089879197
185,0.048241206030150696,56.54,0.07232154944902502,0.0890756439252185,3207866.0,1204803.0,3.8,6.0,1.5,2.4,-0.2,3.6,3.4,5.5,-0.7,-1.2,-2.9,0.0,0.8,6.1,-5.4,-3.1,2023,7,237,0.07246538,1,0.048241206030150696,0.4201465324828104,0.3914405150180704
186,-0.046979865771812124,56.88,-0.10829130643237594,-0.24000355244799354,2860482.0,915646.0,3.8,6.0,1.5,2.4,-0.2,3.6,3.4,5.5,-0.7,-1.2,-2.9,0.0,0.8,6.1,-5.4,-3.1,2023,7,238,-0.00064104976,-1,0.046979865771812124,0.46712639825462254,0.3444606492462583
187,0.03420523138832987,54.72,0.06278067822136268,0.023574612896250402,3040065.0,937232.0,3.4,5.7,1.6,1.4,-1.4,2.8,1.5,4.9,-15.8,-3.2,-1.7,-2.1,-3.8,4.5,-4.4,-3.2,2023,8,239,0.080205835,1,0.03420523138832987,0.5013316296429524,0.37866588063458817
188,0.1532101167315174,54.1,-0.10800426964555032,-0.33469407788039673,2711725.0,623546.0,3.4,5.7,1.6,1.4,-1.4,2.8,1.5,4.9,-15.8,-3.2,-1.7,-2.1,-3.8,4.5,-4.4,-3.2,2023,8,240,-0.030006258,-1,-0.1532101167315174,0.348121512911435,0.5318759973661056
189,0.2547448334036271,54.81,0.19596861776175678,1.0365778948144966,3243138.0,1269900.0,3.4,5.7,1.6,1.4,-1.4,2.8,1.5,4.9,-15.8,-3.2,-1.7,-2.1,-3.8,4.5,-4.4,-3.2,2023,8,241,0.0460696,1,0.2547448334036271,0.6028663463150621,0.7866208307697327
190,0.09243697478991586,55.95,-0.03900543239294785,-0.0008551854476730458,3116638.0,1268814.0,3.4,5.7,1.6,1.4,-1.4,2.8,1.5,4.9,-15.8,-3.2,-1.7,-2.1,-3.8,4.5,-4.4,-3.2,2023,8,242,0.046793792,1,0.09243697478991586,0.695303321104978,0.8790578055596485
191,0.09046153846153837,57.01,-0.18621091060302797,-0.20746145613147393,2536286.0,1005584.0,3.2,5.9,1.6,1.4,-0.8,2.4,-0.5,4.2,-3.3,-2.4,-1.0,0.0,4.5,4.8,-3.0,-3.2,2023,9,243,0.04059539,1,0.09046153846153837,0.7857648595665163,0.9695193440211869
192,-0.019469525959367906,56.92,-0.13909235788077523,-0.0398146748556063,2183508.0,965547.0,3.2,5.9,1.6,1.4,-0.8,2.4,-0.5,4.2,-3.3,-2.4,-1.0,0.0,4.5,4.8,-3.0,-3.2,2023,9,244,0.05354899,1,-0.019469525959367906,0.7662953336071484,0.950049818061819
193,-0.019469525959367906,55.28,-0.283360995242518,-0.16603748963023035,1564787.0,805230.0,3.2,5.9,1.6,1.4,-0.8,2.4,-0.5,4.2,-3.3,-2.4,-1.0,0.0,4.5,4.8,-3.0,-3.2,2023,9,245,0.07141076,1,-0.019469525959367906,0.7468258076477805,0.9305802921024511
