,Unnamed: 0,date_x,open,high,low,close,stkcd,year_x,month_x,week,weekly,yearmonth,date_y,中国:开工率:纯碱,中国:产量:纯碱,中国:产量:碳酸钠(纯碱):累计值,中国:产量:碳酸钠(纯碱):累计同比,中国:产量:碳酸钠(纯碱):当月值,中国:产量:碳酸钠(纯碱):当月同比,期货持仓量:纯碱,期货持仓量(活跃合约):纯碱,中国:工厂总库存:纯碱,中国:进口数量:碳酸钠(纯碱)(28362000):当月同比,中国:进口数量:碳酸钠(纯碱)(28362000):累计同比,中国:出口数量:碳酸钠(纯碱)(28362000):当月同比,中国:出口数量:碳酸钠(纯碱)(28362000):当月环比,中国:开工率:纯碱.1,中国:产量:氧化铝:累计同比,中国:产量:氧化铝:当月同比,指标名称,中国:固定资产投资完成额:累计同比,中国:固定资产投资完成额:制造业:累计同比,中国:规模以上工业增加值:金属制品业:累计同比,中国:规模以上工业增加值:金属制品业:当月同比,中国:规模以上工业增加值:通用设备制造业:当月同比,中国:规模以上工业增加值:通用设备制造业:累计同比,中国:规模以上工业增加值:专用设备制造业:当月同比,中国:规模以上工业增加值:专用设备制造业:累计同比,中国:产量:工业锅炉:当月同比,中国:产量:工业锅炉:累计同比,中国:产量:金属切削机床:累计同比,中国:产量:金属切削机床:当月同比,中国:产量:汽车:当月同比,中国:产量:汽车:累计同比,中国:PPI:全部工业品:当月同比,中国:PPI:全部工业品:累计同比,year_y,month_y,re,re1,re2,re3,re4,re5,pred,pos,reMonth,asset,asset0
0,0,2013-09-27,525.505,552.672,524.143,549.061,TC8888.XZCE,2013,9,39,-273,-63,,,,,,,,,,,,,,,,,,2013-08,20.3,17.9,12.4,11.6,8.0,9.0,7.6,7.4,7.58,7.09,-5.45,0.13,14.58,15.11,-1.62,-2.16,2013,8,0.014921839285616745,,,,,,0.5,1,0.014921839285616745,0.014921839285616745,0.014921839285616745
1,1,2013-09-30,547.828,557.991,544.693,557.254,TC8888.XZCE,2013,9,40,-272,-63,,,,,,,,,,,,,,,,,,2013-08,20.3,17.9,12.4,11.6,8.0,9.0,7.6,7.4,7.58,7.09,-5.45,0.13,14.58,15.11,-1.62,-2.16,2013,8,-0.013405018178424988,0.014921839285616745,,,,,0.05224617,1,-0.013405018178424988,0.001516821107191757,0.001516821107191757
2,2,2013-10-11,556.833,556.886,540.731,549.784,TC8888.XZCE,2013,10,41,-271,-62,,,,,,,,,,,,,,,,,,2013-09,20.2,18.48,12.4,12.3,9.9,9.1,10.8,7.8,0.86,6.41,-9.36,-20.0,17.45,15.32,-1.34,-2.07,2013,9,0.02795097711101091,-0.013405018178424988,0.014921839285616745,,,,0.022141155,1,0.02795097711101091,0.029467798218202668,0.029467798218202668
3,3,2013-10-18,550.566,570.11,549.89,565.151,TC8888.XZCE,2013,10,42,-270,-62,,,,,,,,,,,,,,,,,,2013-09,20.2,18.48,12.4,12.3,9.9,9.1,10.8,7.8,0.86,6.41,-9.36,-20.0,17.45,15.32,-1.34,-2.07,2013,9,-0.011354487561731186,0.02795097711101091,-0.013405018178424988,0.014921839285616745,,,0.012937908,1,-0.011354487561731186,0.018113310656471482,0.018113310656471482
4,4,2013-10-25,566.23,568.444,554.999,558.734,TC8888.XZCE,2013,10,43,-269,-62,,,,,,,,,,,,,,,,,,2013-09,20.2,18.48,12.4,12.3,9.9,9.1,10.8,7.8,0.86,6.41,-9.36,-20.0,17.45,15.32,-1.34,-2.07,2013,9,0.008234687704703925,-0.011354487561731186,0.02795097711101091,-0.013405018178424988,0.014921839285616745,,0.033191368,1,0.008234687704703925,0.026347998361175407,0.026347998361175407
5,5,2013-11-01,560.048,565.197,556.465,563.335,TC8888.XZCE,2013,11,44,-268,-61,,,,,,,,,,,,,,,,,,2013-10,20.1,19.06,12.4,12.1,9.7,9.2,11.2,8.2,-2.84,5.32,-8.33,1.33,25.26,17.23,-1.51,-2.01,2013,10,-0.01163783539101959,0.008234687704703925,-0.011354487561731186,0.02795097711101091,-0.013405018178424988,0.014921839285616745,0.014824013,1,-0.01163783539101959,0.014710162970155816,0.014710162970155816
6,6,2013-11-08,563.328,565.429,552.861,556.779,TC8888.XZCE,2013,11,45,-267,-61,,,,,,,,,,,,,,,,,,2013-10,20.1,19.06,12.4,12.1,9.7,9.2,11.2,8.2,-2.84,5.32,-8.33,1.33,25.26,17.23,-1.51,-2.01,2013,10,0.011950881768170163,-0.01163783539101959,0.008234687704703925,-0.011354487561731186,0.02795097711101091,-0.013405018178424988,0.01311585,1,0.011950881768170163,0.02666104473832598,0.02666104473832598
7,7,2013-11-15,557.726,565.287,555.388,563.433,TC8888.XZCE,2013,11,46,-266,-61,,,,,,,,,,,,,,,,,,2013-10,20.1,19.06,12.4,12.1,9.7,9.2,11.2,8.2,-2.84,5.32,-8.33,1.33,25.26,17.23,-1.51,-2.01,2013,10,0.040707590787192105,0.011950881768170163,-0.01163783539101959,0.008234687704703925,-0.011354487561731186,0.02795097711101091,0.011104922,1,0.040707590787192105,0.06736863552551808,0.06736863552551808
8,8,2013-11-22,564.341,588.39,564.196,586.369,TC8888.XZCE,2013,11,47,-265,-61,,,,,,,,,,,,,,,,,,2013-10,20.1,19.06,12.4,12.1,9.7,9.2,11.2,8.2,-2.84,5.32,-8.33,1.33,25.26,17.23,-1.51,-2.01,2013,10,0.015372572560964137,0.040707590787192105,0.011950881768170163,-0.01163783539101959,0.008234687704703925,-0.011354487561731186,0.04627892,1,0.015372572560964137,0.08274120808648222,0.08274120808648222
9,9,2013-11-29,588.801,597.422,587.875,595.383,TC8888.XZCE,2013,11,48,-264,-61,,,,,,,,,,,,,,,,,,2013-10,20.1,19.06,12.4,12.1,9.7,9.2,11.2,8.2,-2.84,5.32,-8.33,1.33,25.26,17.23,-1.51,-2.01,2013,10,0.001187470922078715,0.015372572560964137,0.040707590787192105,0.011950881768170163,-0.01163783539101959,0.008234687704703925,0.028167767,1,0.001187470922078715,0.08392867900856094,0.08392867900856094
10,10,2013-12-06,596.357,600.606,587.646,596.09,TC8888.XZCE,2013,12,49,-263,-60,,,,,,,,,,,,,,,,,,2013-11,19.9,18.56,12.3,11.3,9.9,9.3,10.8,8.5,-11.73,3.64,-7.84,-1.96,25.64,18.11,-1.42,-1.96,2013,11,-0.03288261839655082,0.001187470922078715,0.015372572560964137,0.040707590787192105,0.011950881768170163,-0.01163783539101959,0.045652144,1,-0.03288261839655082,0.05104606061201011,0.05104606061201011
11,11,2013-12-13,597.675,599.36,570.621,576.489,TC8888.XZCE,2013,12,50,-262,-60,,,,,,,,,,,,,,,,,,2013-11,19.9,18.56,12.3,11.3,9.9,9.3,10.8,8.5,-11.73,3.64,-7.84,-1.96,25.64,18.11,-1.42,-1.96,2013,11,-0.014579636385082972,-0.03288261839655082,0.001187470922078715,0.015372572560964137,0.040707590787192105,0.011950881768170163,-0.0044438285,-1,0.014579636385082972,0.06562569699709309,0.03646642422692714
12,12,2013-12-20,577.336,582.99,567.237,568.084,TC8888.XZCE,2013,12,51,-261,-60,,,,,,,,,,,,,,,,,,2013-11,19.9,18.56,12.3,11.3,9.9,9.3,10.8,8.5,-11.73,3.64,-7.84,-1.96,25.64,18.11,-1.42,-1.96,2013,11,0.003899071264108933,-0.014579636385082972,-0.03288261839655082,0.001187470922078715,0.015372572560964137,0.040707590787192105,-0.00847551,-1,-0.003899071264108933,0.06172662573298415,0.040365495491036074
13,13,2013-12-27,568.673,574.688,564.56,570.299,TC8888.XZCE,2013,12,52,-260,-60,,,,,,,,,,,,,,,,,,2013-11,19.9,18.56,12.3,11.3,9.9,9.3,10.8,8.5,-11.73,3.64,-7.84,-1.96,25.64,18.11,-1.42,-1.96,2013,11,-0.022079645940112136,0.003899071264108933,-0.014579636385082972,-0.03288261839655082,0.001187470922078715,0.015372572560964137,-0.00845977,-1,0.022079645940112136,0.08380627167309629,0.01828584955092394
14,14,2014-01-03,570.406,570.484,555.098,557.707,TC8888.XZCE,2014,1,1,-259,-59,,,,,,,,,,,,,,,,,,2013-12,19.6,18.46,12.4,12.9,8.2,9.2,8.9,8.5,-12.87,2.02,-1.54,8.33,22.91,18.4,-1.36,-1.91,2013,12,-0.010874885916798527,-0.022079645940112136,0.003899071264108933,-0.014579636385082972,-0.03288261839655082,0.001187470922078715,-0.0033139219,-1,0.010874885916798527,0.09468115758989482,0.0074109636341254115
66,66,2014-12-31,489.199,503.8,485.803,492.175,TC8888.XZCE,2014,12,1,-259,-48,,,,,,,,,,,,,,,,,,2014-11,15.8,13.5,11.8,11.4,6.1,9.3,5.4,7.2,-9.25,-13.77,6.3,0.0,2.6,8.4,-2.69,-1.76,2014,11,-0.017168689998476094,0.004582287265527674,0.0014635721790463574,-0.015125008304360255,-0.005748610385529207,0.004966507754510907,-0.0033139219,-1,0.017168689998476094,0.11184984758837091,-0.009757726364350683
15,15,2014-01-10,556.611,558.028,539.021,551.642,TC8888.XZCE,2014,1,2,-258,-59,,,,,,,,,,,,,,,,,,2013-12,19.6,18.46,12.4,12.9,8.2,9.2,8.9,8.5,-12.87,2.02,-1.54,8.33,22.91,18.4,-1.36,-1.91,2013,12,0.0038013784302137754,-0.010874885916798527,-0.022079645940112136,0.003899071264108933,-0.014579636385082972,-0.03288261839655082,-0.00535739,-1,-0.0038013784302137754,0.10804846915815713,-0.0059563479341369074
16,16,2014-01-17,551.334,557.771,547.865,553.739,TC8888.XZCE,2014,1,3,-257,-59,,,,,,,,,,,,,,,,,,2013-12,19.6,18.46,12.4,12.9,8.2,9.2,8.9,8.5,-12.87,2.02,-1.54,8.33,22.91,18.4,-1.36,-1.91,2013,12,-0.016859928594518347,0.0038013784302137754,-0.010874885916798527,-0.022079645940112136,0.003899071264108933,-0.014579636385082972,-0.0065779695,-1,0.016859928594518347,0.12490839775267548,-0.022816276528655255
17,17,2014-01-24,552.998,553.828,535.131,544.403,TC8888.XZCE,2014,1,4,-256,-59,,,,,,,,,,,,,,,,,,2013-12,19.6,18.46,12.4,12.9,8.2,9.2,8.9,8.5,-12.87,2.02,-1.54,8.33,22.91,18.4,-1.36,-1.91,2013,12,-0.007764468601385355,-0.016859928594518347,0.0038013784302137754,-0.010874885916798527,-0.022079645940112136,0.003899071264108933,-0.0047325706,-1,0.007764468601385355,0.13267286635406084,-0.03058074513004061
18,18,2014-01-30,543.753,544.093,535.099,540.176,TC8888.XZCE,2014,1,5,-255,-59,,,,,,,,,,,,,,,,,,2013-12,19.6,18.46,12.4,12.9,8.2,9.2,8.9,8.5,-12.87,2.02,-1.54,8.33,22.91,18.4,-1.36,-1.91,2013,12,-0.016874129913213465,-0.007764468601385355,-0.016859928594518347,0.0038013784302137754,-0.010874885916798527,-0.022079645940112136,0.008749478,1,-0.016874129913213465,0.11579873644084737,-0.047454875043254074
19,19,2014-02-07,540.106,540.106,530.729,531.061,TC8888.XZCE,2014,2,6,-254,-58,,,,,,,,,,,,,,,,,,2014-01,19.6,18.46,12.4,12.9,8.2,9.2,8.9,8.5,-12.87,2.02,-1.54,8.33,22.91,18.4,-1.64,-1.64,2014,1,-0.011085355542960307,-0.016874129913213465,-0.007764468601385355,-0.016859928594518347,0.0038013784302137754,-0.010874885916798527,-0.0034118642,-1,0.011085355542960307,0.12688409198380768,-0.05854023058621438
20,20,2014-02-14,528.192,533.072,522.684,525.174,TC8888.XZCE,2014,2,7,-253,-58,,,,,,,,,,,,,,,,,,2014-01,19.6,18.46,12.4,12.9,8.2,9.2,8.9,8.5,-12.87,2.02,-1.54,8.33,22.91,18.4,-1.64,-1.64,2014,1,0.01634886723257445,-0.011085355542960307,-0.016874129913213465,-0.007764468601385355,-0.016859928594518347,0.0038013784302137754,-0.001526044,-1,-0.01634886723257445,0.11053522475123323,-0.04219136335363993
21,21,2014-02-21,527.673,536.206,526.663,533.76,TC8888.XZCE,2014,2,8,-252,-58,,,,,,,,,,,,,,,,,,2014-01,19.6,18.46,12.4,12.9,8.2,9.2,8.9,8.5,-12.87,2.02,-1.54,8.33,22.91,18.4,-1.64,-1.64,2014,1,0.007932404076738786,0.01634886723257445,-0.011085355542960307,-0.016874129913213465,-0.007764468601385355,-0.016859928594518347,0.0014133852,1,0.007932404076738786,0.11846762882797202,-0.034258959276901146
22,22,2014-02-28,534.109,542.46,526.301,537.994,TC8888.XZCE,2014,2,9,-251,-58,,,,,,,,,,,,,,,,,,2014-01,19.6,18.46,12.4,12.9,8.2,9.2,8.9,8.5,-12.87,2.02,-1.54,8.33,22.91,18.4,-1.64,-1.64,2014,1,-0.05069573266616356,0.007932404076738786,0.01634886723257445,-0.011085355542960307,-0.016874129913213465,-0.007764468601385355,0.014461217,1,-0.05069573266616356,0.06777189616180845,-0.08495469194306471
23,23,2014-03-07,524.774,527.064,505.201,510.72,TC8888.XZCE,2014,3,10,-250,-57,,,,,,,,,,,,,,,,,,2014-02,17.9,15.12,12.5,12.9,8.2,11.0,8.9,12.1,-12.87,-3.89,1.33,8.33,22.91,12.53,-2.0,-1.8,2014,2,0.00473057644110253,-0.05069573266616356,0.007932404076738786,0.01634886723257445,-0.011085355542960307,-0.016874129913213465,-0.014709505,-1,-0.00473057644110253,0.06304131972070592,-0.08022411550196218
24,24,2014-03-14,506.273,513.527,490.94,513.136,TC8888.XZCE,2014,3,11,-249,-57,,,,,,,,,,,,,,,,,,2014-02,17.9,15.12,12.5,12.9,8.2,11.0,8.9,12.1,-12.87,-3.89,1.33,8.33,22.91,12.53,-2.0,-1.8,2014,2,0.004932415577936666,0.00473057644110253,-0.05069573266616356,0.007932404076738786,0.01634886723257445,-0.011085355542960307,0.012558732,1,0.004932415577936666,0.06797373529864259,-0.07529169992402551
25,25,2014-03-21,514.872,522.452,513.945,515.667,TC8888.XZCE,2014,3,12,-248,-57,,,,,,,,,,,,,,,,,,2014-02,17.9,15.12,12.5,12.9,8.2,11.0,8.9,12.1,-12.87,-3.89,1.33,8.33,22.91,12.53,-2.0,-1.8,2014,2,0.0180775578037764,0.004932415577936666,0.00473057644110253,-0.05069573266616356,0.007932404076738786,0.01634886723257445,0.011237094,1,0.0180775578037764,0.08605129310241899,-0.05721414212024911
26,26,2014-03-28,515.949,530.399,509.56,524.989,TC8888.XZCE,2014,3,13,-247,-57,,,,,,,,,,,,,,,,,,2014-02,17.9,15.12,12.5,12.9,8.2,11.0,8.9,12.1,-12.87,-3.89,1.33,8.33,22.91,12.53,-2.0,-1.8,2014,2,0.010632603730744927,0.0180775578037764,0.004932415577936666,0.00473057644110253,-0.05069573266616356,0.007932404076738786,0.022657728,1,0.010632603730744927,0.09668389683316392,-0.046581538389504185
27,27,2014-04-04,525.419,532.109,525.307,530.571,TC8888.XZCE,2014,4,14,-246,-56,,,,,,,,,,,,,,,,,,2014-03,17.6,15.2,12.1,11.5,10.7,10.9,10.7,11.5,-6.0,-7.4,7.8,15.0,7.3,10.8,-2.3,-2.0,2014,3,0.015257147488272116,0.010632603730744927,0.0180775578037764,0.004932415577936666,0.00473057644110253,-0.05069573266616356,0.021127194,1,0.015257147488272116,0.11194104432143603,-0.03132439090123207
28,28,2014-04-11,530.241,543.082,529.743,538.666,TC8888.XZCE,2014,4,15,-245,-56,,,,,,,,,,,,,,,,,,2014-03,17.6,15.2,12.1,11.5,10.7,10.9,10.7,11.5,-6.0,-7.4,7.8,15.0,7.3,10.8,-2.3,-2.0,2014,3,-0.00972773481155298,0.015257147488272116,0.010632603730744927,0.0180775578037764,0.004932415577936666,0.00473057644110253,0.024498977,1,-0.00972773481155298,0.10221330950988305,-0.04105212571278505
29,29,2014-04-18,537.417,539.374,526.971,533.426,TC8888.XZCE,2014,4,16,-244,-56,,,,,,,,,,,,,,,,,,2014-03,17.6,15.2,12.1,11.5,10.7,10.9,10.7,11.5,-6.0,-7.4,7.8,15.0,7.3,10.8,-2.3,-2.0,2014,3,0.010063251510050053,-0.00972773481155298,0.015257147488272116,0.010632603730744927,0.0180775578037764,0.004932415577936666,0.020454658,1,0.010063251510050053,0.11227656101993311,-0.030988874202734995
30,30,2014-04-25,533.253,541.963,531.673,538.794,TC8888.XZCE,2014,4,17,-243,-56,,,,,,,,,,,,,,,,,,2014-03,17.6,15.2,12.1,11.5,10.7,10.9,10.7,11.5,-6.0,-7.4,7.8,15.0,7.3,10.8,-2.3,-2.0,2014,3,-0.009795951699536398,0.010063251510050053,-0.00972773481155298,0.015257147488272116,0.010632603730744927,0.0180775578037764,0.016585002,1,-0.009795951699536398,0.10248060932039671,-0.04078482590227139
31,31,2014-04-30,538.917,539.408,528.634,533.516,TC8888.XZCE,2014,4,18,-242,-56,,,,,,,,,,,,,,,,,,2014-03,17.6,15.2,12.1,11.5,10.7,10.9,10.7,11.5,-6.0,-7.4,7.8,15.0,7.3,10.8,-2.3,-2.0,2014,3,-0.013499126549156859,-0.009795951699536398,0.010063251510050053,-0.00972773481155298,0.015257147488272116,0.010632603730744927,0.014859033,1,-0.013499126549156859,0.08898148277123985,-0.05428395245142825
32,32,2014-05-09,533.47,535.141,523.826,526.314,TC8888.XZCE,2014,5,19,-241,-55,,,,,,,,,,,,,,,,,,2014-04,17.3,15.2,12.0,11.9,8.8,10.3,7.4,10.4,-12.51,-9.51,5.39,1.11,8.07,8.36,-2.0,-1.99,2014,4,-0.0025783087662497595,-0.013499126549156859,-0.009795951699536398,0.010063251510050053,-0.00972773481155298,0.015257147488272116,0.0031426824,1,-0.0025783087662497595,0.08640317400499009,-0.05686226121767801
33,33,2014-05-16,526.364,534.067,522.556,524.957,TC8888.XZCE,2014,5,20,-240,-55,,,,,,,,,,,,,,,,,,2014-04,17.3,15.2,12.0,11.9,8.8,10.3,7.4,10.4,-12.51,-9.51,5.39,1.11,8.07,8.36,-2.0,-1.99,2014,4,-0.010648491209756306,-0.0025783087662497595,-0.013499126549156859,-0.009795951699536398,0.010063251510050053,-0.00972773481155298,0.0015822803,1,-0.010648491209756306,0.07575468279523379,-0.06751075242743432
34,34,2014-05-23,524.214,526.96,516.943,519.367,TC8888.XZCE,2014,5,21,-239,-55,,,,,,,,,,,,,,,,,,2014-04,17.3,15.2,12.0,11.9,8.8,10.3,7.4,10.4,-12.51,-9.51,5.39,1.11,8.07,8.36,-2.0,-1.99,2014,4,-0.01037031617334172,-0.010648491209756306,-0.0025783087662497595,-0.013499126549156859,-0.009795951699536398,0.010063251510050053,0.0012944402,1,-0.01037031617334172,0.06538436662189206,-0.07788106860077604
35,35,2014-05-30,518.345,526.611,511.52,513.981,TC8888.XZCE,2014,5,22,-238,-55,,,,,,,,,,,,,,,,,,2014-04,17.3,15.2,12.0,11.9,8.8,10.3,7.4,10.4,-12.51,-9.51,5.39,1.11,8.07,8.36,-2.0,-1.99,2014,4,0.007424398956381806,-0.01037031617334172,-0.010648491209756306,-0.0025783087662497595,-0.013499126549156859,-0.009795951699536398,0.0024342532,1,0.007424398956381806,0.07280876557827387,-0.07045666964439423
36,36,2014-06-06,514.552,518.495,512.998,517.797,TC8888.XZCE,2014,6,23,-237,-54,,,,,,,,,,,,,,,,,,2014-05,17.2,14.2,12.0,12.2,10.0,10.2,4.0,9.0,-4.97,-1.62,4.88,4.68,12.08,10.79,-1.45,-1.88,2014,5,-0.021842536747026298,0.007424398956381806,-0.01037031617334172,-0.010648491209756306,-0.0025783087662497595,-0.013499126549156859,0.00570087,1,-0.021842536747026298,0.05096622883124757,-0.09229920639142053
37,37,2014-06-13,516.293,516.904,504.591,506.487,TC8888.XZCE,2014,6,24,-236,-54,,,,,,,,,,,,,,,,,,2014-05,17.2,14.2,12.0,12.2,10.0,10.2,4.0,9.0,-4.97,-1.62,4.88,4.68,12.08,10.79,-1.45,-1.88,2014,5,-0.00922432362528558,-0.021842536747026298,0.007424398956381806,-0.01037031617334172,-0.010648491209756306,-0.0025783087662497595,-0.0010878574,-1,0.00922432362528558,0.06019055245653315,-0.10152353001670611
38,38,2014-06-20,506.777,509.251,499.405,501.815,TC8888.XZCE,2014,6,25,-235,-54,,,,,,,,,,,,,,,,,,2014-05,17.2,14.2,12.0,12.2,10.0,10.2,4.0,9.0,-4.97,-1.62,4.88,4.68,12.08,10.79,-1.45,-1.88,2014,5,0.010533762442334282,-0.00922432362528558,-0.021842536747026298,0.007424398956381806,-0.01037031617334172,-0.010648491209756306,0.012660588,1,0.010533762442334282,0.07072431489886744,-0.09098976757437183
39,39,2014-06-27,502.271,509.361,494.222,507.101,TC8888.XZCE,2014,6,26,-234,-54,,,,,,,,,,,,,,,,,,2014-05,17.2,14.2,12.0,12.2,10.0,10.2,4.0,9.0,-4.97,-1.62,4.88,4.68,12.08,10.79,-1.45,-1.88,2014,5,-0.01508772414173909,0.010533762442334282,-0.00922432362528558,-0.021842536747026298,0.007424398956381806,-0.01037031617334172,-0.00033001334,-1,0.01508772414173909,0.08581203904060652,-0.10607749171611092
40,40,2014-07-04,506.187,508.741,497.934,499.45,TC8888.XZCE,2014,7,27,-233,-53,,,,,,,,,,,,,,,,,,2014-06,17.3,14.8,11.8,11.0,8.8,9.9,6.9,8.6,-23.49,-8.01,5.17,3.36,11.23,10.9,-1.11,-1.76,2014,6,-0.0032756031634797456,-0.01508772414173909,0.010533762442334282,-0.00922432362528558,-0.021842536747026298,0.007424398956381806,0.0026596133,1,-0.0032756031634797456,0.08253643587712678,-0.10935309487959066
41,41,2014-07-11,499.59,502.139,495.173,497.814,TC8888.XZCE,2014,7,28,-232,-53,,,,,,,,,,,,,,,,,,2014-06,17.3,14.8,11.8,11.0,8.8,9.9,6.9,8.6,-23.49,-8.01,5.17,3.36,11.23,10.9,-1.11,-1.76,2014,6,-0.028012470521118327,-0.0032756031634797456,-0.01508772414173909,0.010533762442334282,-0.00922432362528558,-0.021842536747026298,0.005376175,1,-0.028012470521118327,0.05452396535600845,-0.137365565400709
42,42,2014-07-18,498.115,498.426,482.126,483.869,TC8888.XZCE,2014,7,29,-231,-53,,,,,,,,,,,,,,,,,,2014-06,17.3,14.8,11.8,11.0,8.8,9.9,6.9,8.6,-23.49,-8.01,5.17,3.36,11.23,10.9,-1.11,-1.76,2014,6,0.014241457915262101,-0.028012470521118327,-0.0032756031634797456,-0.01508772414173909,0.010533762442334282,-0.00922432362528558,0.0016728129,1,0.014241457915262101,0.06876542327127055,-0.12312410748544689
43,43,2014-07-25,482.941,495.038,482.612,490.76,TC8888.XZCE,2014,7,30,-230,-53,,,,,,,,,,,,,,,,,,2014-06,17.3,14.8,11.8,11.0,8.8,9.9,6.9,8.6,-23.49,-8.01,5.17,3.36,11.23,10.9,-1.11,-1.76,2014,6,0.019734697204336182,0.014241457915262101,-0.028012470521118327,-0.0032756031634797456,-0.01508772414173909,0.010533762442334282,-0.0019493523,-1,-0.019734697204336182,0.04903072606693437,-0.1033894102811107
44,44,2014-08-01,493.097,501.968,488.457,500.445,TC8888.XZCE,2014,8,31,-229,-52,,,,,,,,,,,,,,,,,,2014-07,17.0,14.6,12.0,12.8,11.9,10.2,8.9,8.7,-15.84,-9.37,4.6,6.97,10.09,10.85,-0.87,-1.63,2014,7,0.0036447561670114315,0.019734697204336182,0.014241457915262101,-0.028012470521118327,-0.0032756031634797456,-0.01508772414173909,0.02578657,1,0.0036447561670114315,0.0526754822339458,-0.09974465411409927
45,45,2014-08-08,501.749,508.204,498.991,502.269,TC8888.XZCE,2014,8,32,-228,-52,,,,,,,,,,,,,,,,,,2014-07,17.0,14.6,12.0,12.8,11.9,10.2,8.9,8.7,-15.84,-9.37,4.6,6.97,10.09,10.85,-0.87,-1.63,2014,7,0.02280252215446299,0.0036447561670114315,0.019734697204336182,0.014241457915262101,-0.028012470521118327,-0.0032756031634797456,0.02202348,1,0.02280252215446299,0.07547800438840879,-0.07694213195963628
46,46,2014-08-15,503.606,513.827,497.355,513.722,TC8888.XZCE,2014,8,33,-227,-52,,,,,,,,,,,,,,,,,,2014-07,17.0,14.6,12.0,12.8,11.9,10.2,8.9,8.7,-15.84,-9.37,4.6,6.97,10.09,10.85,-0.87,-1.63,2014,7,-0.0012925278652656802,0.02280252215446299,0.0036447561670114315,0.019734697204336182,0.014241457915262101,-0.028012470521118327,0.024371851,1,-0.0012925278652656802,0.07418547652314311,-0.07823465982490196
47,47,2014-08-22,514.55,517.39,510.915,513.058,TC8888.XZCE,2014,8,34,-226,-52,,,,,,,,,,,,,,,,,,2014-07,17.0,14.6,12.0,12.8,11.9,10.2,8.9,8.7,-15.84,-9.37,4.6,6.97,10.09,10.85,-0.87,-1.63,2014,7,-0.012246178794600215,-0.0012925278652656802,0.02280252215446299,0.0036447561670114315,0.019734697204336182,0.014241457915262101,0.028049774,1,-0.012246178794600215,0.0619392977285429,-0.09048083861950218
48,48,2014-08-29,511.994,518.255,504.738,506.775,TC8888.XZCE,2014,8,35,-225,-52,,,,,,,,,,,,,,,,,,2014-07,17.0,14.6,12.0,12.8,11.9,10.2,8.9,8.7,-15.84,-9.37,4.6,6.97,10.09,10.85,-0.87,-1.63,2014,7,0.0051502145922746045,-0.012246178794600215,-0.0012925278652656802,0.02280252215446299,0.0036447561670114315,0.019734697204336182,0.010852336,1,0.0051502145922746045,0.0670895123208175,-0.08533062402722758
49,49,2014-09-05,508.364,513.788,504.551,509.385,TC8888.XZCE,2014,9,36,-224,-51,,,,,,,,,,,,,,,,,,2014-08,16.5,14.1,12.0,11.9,9.8,10.1,6.6,8.4,-15.59,-10.38,4.8,4.4,3.19,9.93,-1.2,-1.58,2014,8,-0.0011818172894765278,0.0051502145922746045,-0.012246178794600215,-0.0012925278652656802,0.02280252215446299,0.0036447561670114315,0.0068152463,1,-0.0011818172894765278,0.06590769503134097,-0.0865124413167041
50,50,2014-09-12,510.21,512.21,505.345,508.783,TC8888.XZCE,2014,9,37,-223,-51,,,,,,,,,,,,,,,,,,2014-08,16.5,14.1,12.0,11.9,9.8,10.1,6.6,8.4,-15.59,-10.38,4.8,4.4,3.19,9.93,-1.2,-1.58,2014,8,0.004190391581479824,-0.0011818172894765278,0.0051502145922746045,-0.012246178794600215,-0.0012925278652656802,0.02280252215446299,0.006855823,1,0.004190391581479824,0.0700980866128208,-0.08232204973522428
51,51,2014-09-19,508.659,513.415,508.337,510.915,TC8888.XZCE,2014,9,38,-222,-51,,,,,,,,,,,,,,,,,,2014-08,16.5,14.1,12.0,11.9,9.8,10.1,6.6,8.4,-15.59,-10.38,4.8,4.4,3.19,9.93,-1.2,-1.58,2014,8,0.015615121889159589,0.004190391581479824,-0.0011818172894765278,0.0051502145922746045,-0.012246178794600215,-0.0012925278652656802,0.012804878,1,0.015615121889159589,0.08571320850198039,-0.06670692784606469
52,52,2014-09-26,510.41,522.156,507.307,518.893,TC8888.XZCE,2014,9,39,-221,-51,,,,,,,,,,,,,,,,,,2014-08,16.5,14.1,12.0,11.9,9.8,10.1,6.6,8.4,-15.59,-10.38,4.8,4.4,3.19,9.93,-1.2,-1.58,2014,8,0.01146479139244505,0.015615121889159589,0.004190391581479824,-0.0011818172894765278,0.0051502145922746045,-0.012246178794600215,0.016222436,1,0.01146479139244505,0.09717799989442544,-0.05524213645361964
53,53,2014-09-30,519.354,528.094,517.738,524.842,TC8888.XZCE,2014,9,40,-220,-51,,,,,,,,,,,,,,,,,,2014-08,16.5,14.1,12.0,11.9,9.8,10.1,6.6,8.4,-15.59,-10.38,4.8,4.4,3.19,9.93,-1.2,-1.58,2014,8,3.239070043936643e-05,0.01146479139244505,0.015615121889159589,0.004190391581479824,-0.0011818172894765278,0.0051502145922746045,0.020352473,1,3.239070043936643e-05,0.0972103905948648,-0.05520974575318027
54,54,2014-10-10,523.13,529.206,516.86,524.859,TC8888.XZCE,2014,10,41,-219,-50,,,,,,,,,,,,,,,,,,2014-09,16.1,13.8,12.1,12.7,9.5,10.0,4.6,7.9,-16.14,-13.67,4.39,4.1,4.47,9.3,-1.8,-1.6,2014,9,-0.014281930956694944,3.239070043936643e-05,0.01146479139244505,0.015615121889159589,0.004190391581479824,-0.0011818172894765278,0.020181403,1,-0.014281930956694944,0.08292845963816986,-0.06949167670987522
55,55,2014-10-17,525.368,532.853,514.786,517.363,TC8888.XZCE,2014,10,42,-218,-50,,,,,,,,,,,,,,,,,,2014-09,16.1,13.8,12.1,12.7,9.5,10.0,4.6,7.9,-16.14,-13.67,4.39,4.1,4.47,9.3,-1.8,-1.6,2014,9,0.0046041174185242895,-0.014281930956694944,3.239070043936643e-05,0.01146479139244505,0.015615121889159589,0.004190391581479824,0.007209178,1,0.0046041174185242895,0.08753257705669415,-0.06488755929135093
56,56,2014-10-24,518.168,521.344,511.208,519.745,TC8888.XZCE,2014,10,43,-217,-50,,,,,,,,,,,,,,,,,,2014-09,16.1,13.8,12.1,12.7,9.5,10.0,4.6,7.9,-16.14,-13.67,4.39,4.1,4.47,9.3,-1.8,-1.6,2014,9,-0.009248766221897298,0.0046041174185242895,-0.014281930956694944,3.239070043936643e-05,0.01146479139244505,0.015615121889159589,0.006531084,1,-0.009248766221897298,0.07828381083479685,-0.07413632551324822
57,57,2014-10-31,518.388,521.35,513.006,514.938,TC8888.XZCE,2014,10,44,-216,-50,,,,,,,,,,,,,,,,,,2014-09,16.1,13.8,12.1,12.7,9.5,10.0,4.6,7.9,-16.14,-13.67,4.39,4.1,4.47,9.3,-1.8,-1.6,2014,9,-0.04395480620967962,-0.009248766221897298,0.0046041174185242895,-0.014281930956694944,3.239070043936643e-05,0.01146479139244505,0.009431832,1,-0.04395480620967962,0.03432900462511723,-0.11809113172292784
58,58,2014-11-07,515.659,516.788,488.489,492.304,TC8888.XZCE,2014,11,45,-215,-49,,,,,,,,,,,,,,,,,,2014-10,15.9,13.5,11.9,10.2,7.8,9.7,3.5,7.4,-17.68,-14.02,4.7,-1.4,6.8,9.0,-2.24,-1.67,2014,10,0.003428775715818011,-0.04395480620967962,-0.009248766221897298,0.0046041174185242895,-0.014281930956694944,3.239070043936643e-05,0.00984398,1,0.003428775715818011,0.03775778034093524,-0.11466235600710983
59,59,2014-11-14,493.414,498.724,490.389,493.992,TC8888.XZCE,2014,11,46,-214,-49,,,,,,,,,,,,,,,,,,2014-10,15.9,13.5,11.9,10.2,7.8,9.7,3.5,7.4,-17.68,-14.02,4.7,-1.4,6.8,9.0,-2.24,-1.67,2014,10,0.017482064486874282,0.003428775715818011,-0.04395480620967962,-0.009248766221897298,0.0046041174185242895,-0.014281930956694944,-0.0016830199,-1,-0.017482064486874282,0.02027571585406096,-0.09718029152023555
60,60,2014-11-21,494.762,507.096,493.313,502.628,TC8888.XZCE,2014,11,47,-213,-49,,,,,,,,,,,,,,,,,,2014-10,15.9,13.5,11.9,10.2,7.8,9.7,3.5,7.4,-17.68,-14.02,4.7,-1.4,6.8,9.0,-2.24,-1.67,2014,10,-0.010938507206124548,0.017482064486874282,0.003428775715818011,-0.04395480620967962,-0.009248766221897298,0.0046041174185242895,-0.00256592,-1,0.010938507206124548,0.03121422306018551,-0.1081187987263601
61,61,2014-11-28,505.868,506.363,491.98,497.13,TC8888.XZCE,2014,11,48,-212,-49,,,,,,,,,,,,,,,,,,2014-10,15.9,13.5,11.9,10.2,7.8,9.7,3.5,7.4,-17.68,-14.02,4.7,-1.4,6.8,9.0,-2.24,-1.67,2014,10,0.004966507754510907,-0.010938507206124548,0.017482064486874282,0.003428775715818011,-0.04395480620967962,-0.009248766221897298,0.0107847275,1,0.004966507754510907,0.036180730814696416,-0.10315229097184919
62,62,2014-12-05,497.497,504.174,494.755,499.599,TC8888.XZCE,2014,12,49,-211,-48,,,,,,,,,,,,,,,,,,2014-11,15.8,13.5,11.8,11.4,6.1,9.3,5.4,7.2,-9.25,-13.77,6.3,0.0,2.6,8.4,-2.69,-1.76,2014,11,-0.005748610385529207,0.004966507754510907,-0.010938507206124548,0.017482064486874282,0.003428775715818011,-0.04395480620967962,0.011428999,1,-0.005748610385529207,0.03043212042916721,-0.1089009013573784
63,63,2014-12-12,498.958,500.906,494.303,496.727,TC8888.XZCE,2014,12,50,-210,-48,,,,,,,,,,,,,,,,,,2014-11,15.8,13.5,11.8,11.4,6.1,9.3,5.4,7.2,-9.25,-13.77,6.3,0.0,2.6,8.4,-2.69,-1.76,2014,11,-0.015125008304360255,-0.005748610385529207,0.004966507754510907,-0.010938507206124548,0.017482064486874282,0.003428775715818011,0.009791946,1,-0.015125008304360255,0.015307112124806954,-0.12402590966173865
64,64,2014-12-19,496.531,498.057,484.356,489.214,TC8888.XZCE,2014,12,51,-209,-48,,,,,,,,,,,,,,,,,,2014-11,15.8,13.5,11.8,11.4,6.1,9.3,5.4,7.2,-9.25,-13.77,6.3,0.0,2.6,8.4,-2.69,-1.76,2014,11,0.0014635721790463574,-0.015125008304360255,-0.005748610385529207,0.004966507754510907,-0.010938507206124548,0.017482064486874282,0.010146624,1,0.0014635721790463574,0.01677068430385331,-0.1225623374826923
65,65,2014-12-26,489.529,490.686,474.76,489.93,TC8888.XZCE,2014,12,52,-208,-48,,,,,,,,,,,,,,,,,,2014-11,15.8,13.5,11.8,11.4,6.1,9.3,5.4,7.2,-9.25,-13.77,6.3,0.0,2.6,8.4,-2.69,-1.76,2014,11,0.004582287265527674,0.0014635721790463574,-0.015125008304360255,-0.005748610385529207,0.004966507754510907,-0.010938507206124548,0.0032201658,1,0.004582287265527674,0.021352971569380985,-0.11798005021716462
14,14,2014-01-03,570.406,570.484,555.098,557.707,TC8888.XZCE,2014,1,1,-259,-59,,,,,,,,,,,,,,,,,,2013-12,19.6,18.46,12.4,12.9,8.2,9.2,8.9,8.5,-12.87,2.02,-1.54,8.33,22.91,18.4,-1.36,-1.91,2013,12,-0.010874885916798527,-0.022079645940112136,0.003899071264108933,-0.014579636385082972,-0.03288261839655082,0.001187470922078715,-0.0033139219,-1,0.010874885916798527,0.03222785748617951,-0.12885493613396315
66,66,2014-12-31,489.199,503.8,485.803,492.175,TC8888.XZCE,2014,12,1,-259,-48,,,,,,,,,,,,,,,,,,2014-11,15.8,13.5,11.8,11.4,6.1,9.3,5.4,7.2,-9.25,-13.77,6.3,0.0,2.6,8.4,-2.69,-1.76,2014,11,-0.017168689998476094,0.004582287265527674,0.0014635721790463574,-0.015125008304360255,-0.005748610385529207,0.004966507754510907,-0.0033139219,-1,0.017168689998476094,0.049396547484655606,-0.14602362613243924
67,67,2015-01-09,488.882,498.69,483.047,483.725,TC8888.XZCE,2015,1,2,-206,-47,,,,,,,,,,,,,,,,,,2014-12,15.7,13.5,11.6,9.9,7.3,9.1,3.8,6.9,1.6,-12.6,3.0,0.0,3.7,7.1,-3.32,-1.89,2014,12,-0.026248384929453694,-0.017168689998476094,0.004582287265527674,0.0014635721790463574,-0.015125008304360255,-0.005748610385529207,0.018805405,1,-0.026248384929453694,0.023148162555201912,-0.17227201106189294
68,68,2015-01-16,475.607,476.162,465.832,471.028,TC8888.XZCE,2015,1,3,-205,-47,,,,,,,,,,,,,,,,,,2014-12,15.7,13.5,11.6,9.9,7.3,9.1,3.8,6.9,1.6,-12.6,3.0,0.0,3.7,7.1,-3.32,-1.89,2014,12,-0.002768412918128127,-0.026248384929453694,-0.017168689998476094,0.004582287265527674,0.0014635721790463574,-0.015125008304360255,0.0028789588,1,-0.002768412918128127,0.020379749637073785,-0.17504042398002106
69,69,2015-01-23,470.453,473.232,465.884,469.724,TC8888.XZCE,2015,1,4,-204,-47,,,,,,,,,,,,,,,,,,2014-12,15.7,13.5,11.6,9.9,7.3,9.1,3.8,6.9,1.6,-12.6,3.0,0.0,3.7,7.1,-3.32,-1.89,2014,12,-0.004247174936771403,-0.002768412918128127,-0.026248384929453694,-0.017168689998476094,0.004582287265527674,0.0014635721790463574,0.0010474449,1,-0.004247174936771403,0.016132574700302382,-0.17928759891679247
70,70,2015-01-30,469.406,470.542,466.013,467.729,TC8888.XZCE,2015,1,5,-203,-47,,,,,,,,,,,,,,,,,,2014-12,15.7,13.5,11.6,9.9,7.3,9.1,3.8,6.9,1.6,-12.6,3.0,0.0,3.7,7.1,-3.32,-1.89,2014,12,-0.006839430524940737,-0.004247174936771403,-0.002768412918128127,-0.026248384929453694,-0.017168689998476094,0.004582287265527674,-0.0026737438,-1,0.006839430524940737,0.02297200522524312,-0.1861270294417332
71,71,2015-02-06,469.037,469.688,460.145,464.53,TC8888.XZCE,2015,2,6,-202,-46,,,,,,,,,,,,,,,,,,2015-01,15.7,13.5,11.6,9.9,7.3,9.1,3.8,6.9,1.6,-12.6,3.0,0.0,3.7,7.1,-4.32,-4.32,2015,1,-0.005170817815856821,-0.006839430524940737,-0.004247174936771403,-0.002768412918128127,-0.026248384929453694,-0.017168689998476094,0.00561576,1,-0.005170817815856821,0.0178011874093863,-0.19129784725759003
72,72,2015-02-13,463.905,464.903,461.009,462.128,TC8888.XZCE,2015,2,7,-201,-46,,,,,,,,,,,,,,,,,,2015-01,15.7,13.5,11.6,9.9,7.3,9.1,3.8,6.9,1.6,-12.6,3.0,0.0,3.7,7.1,-4.32,-4.32,2015,1,-0.005403264896305826,-0.005170817815856821,-0.006839430524940737,-0.004247174936771403,-0.002768412918128127,-0.026248384929453694,0.004831199,1,-0.005403264896305826,0.012397922513080473,-0.19670111215389585
73,73,2015-02-17,462.697,462.697,456.305,459.631,TC8888.XZCE,2015,2,8,-200,-46,,,,,,,,,,,,,,,,,,2015-01,15.7,13.5,11.6,9.9,7.3,9.1,3.8,6.9,1.6,-12.6,3.0,0.0,3.7,7.1,-4.32,-4.32,2015,1,-0.008232691006481274,-0.005403264896305826,-0.005170817815856821,-0.006839430524940737,-0.004247174936771403,-0.002768412918128127,0.0044536535,1,-0.008232691006481274,0.0041652315065991985,-0.20493380316037713
74,74,2015-02-27,458.706,459.238,453.851,455.847,TC8888.XZCE,2015,2,9,-199,-46,,,,,,,,,,,,,,,,,,2015-01,15.7,13.5,11.6,9.9,7.3,9.1,3.8,6.9,1.6,-12.6,3.0,0.0,3.7,7.1,-4.32,-4.32,2015,1,0.007195396701086265,-0.008232691006481274,-0.005403264896305826,-0.005170817815856821,-0.006839430524940737,-0.004247174936771403,0.0039986507,1,0.007195396701086265,0.011360628207685464,-0.19773840645929086
75,75,2015-03-06,455.746,469.724,453.525,459.127,TC8888.XZCE,2015,3,10,-198,-45,,,,,,,,,,,,,,,,,,2015-02,13.9,10.6,9.7,9.9,7.3,4.8,3.8,3.1,-34.8,-32.8,6.1,-7.7,-2.1,4.6,-4.8,-4.56,2015,2,-0.007779982444944378,0.007195396701086265,-0.008232691006481274,-0.005403264896305826,-0.005170817815856821,-0.006839430524940737,0.007016782,1,-0.007779982444944378,0.003580645762741086,-0.20551838890423524
76,76,2015-03-13,458.74,458.877,452.623,455.555,TC8888.XZCE,2015,3,11,-197,-45,,,,,,,,,,,,,,,,,,2015-02,13.9,10.6,9.7,9.9,7.3,4.8,3.8,3.1,-34.8,-32.8,6.1,-7.7,-2.1,4.6,-4.8,-4.56,2015,2,-0.02115661116659906,-0.007779982444944378,0.007195396701086265,-0.008232691006481274,-0.005403264896305826,-0.005170817815856821,0.011799546,1,-0.02115661116659906,-0.017575965403857974,-0.2266750000708343
77,77,2015-03-20,455.29,455.361,444.82,445.917,TC8888.XZCE,2015,3,12,-196,-45,,,,,,,,,,,,,,,,,,2015-02,13.9,10.6,9.7,9.9,7.3,4.8,3.8,3.1,-34.8,-32.8,6.1,-7.7,-2.1,4.6,-4.8,-4.56,2015,2,-0.025563053213938924,-0.02115661116659906,-0.007779982444944378,0.007195396701086265,-0.008232691006481274,-0.005403264896305826,0.012169309,1,-0.025563053213938924,-0.0431390186177969,-0.2522380532847732
78,78,2015-03-27,445.876,449.124,433.524,434.518,TC8888.XZCE,2015,3,13,-195,-45,,,,,,,,,,,,,,,,,,2015-02,13.9,10.6,9.7,9.9,7.3,4.8,3.8,3.1,-34.8,-32.8,6.1,-7.7,-2.1,4.6,-4.8,-4.56,2015,2,-0.031469352247777915,-0.025563053213938924,-0.02115661116659906,-0.007779982444944378,0.007195396701086265,-0.008232691006481274,-0.0088489065,-1,0.031469352247777915,-0.011669666370018983,-0.28370740553255114
79,79,2015-04-03,434.693,435.202,418.878,420.844,TC8888.XZCE,2015,4,14,-194,-44,,,,,,,,,,,,,,,,,,2015-03,13.5,10.4,9.1,8.2,2.4,3.9,-0.2,1.8,-9.52,-16.11,-1.6,-7.0,3.5,4.7,-4.56,-4.56,2015,3,-0.052047789679786294,-0.031469352247777915,-0.025563053213938924,-0.02115661116659906,-0.007779982444944378,0.007195396701086265,-0.015393992,-1,0.052047789679786294,0.04037812330976731,-0.33575519521233743
80,80,2015-04-10,420.694,422.006,398.249,398.94,TC8888.XZCE,2015,4,15,-193,-44,,,,,,,,,,,,,,,,,,2015-03,13.5,10.4,9.1,8.2,2.4,3.9,-0.2,1.8,-9.52,-16.11,-1.6,-7.0,3.5,4.7,-4.56,-4.56,2015,3,0.015320599588910744,-0.052047789679786294,-0.031469352247777915,-0.025563053213938924,-0.02115661116659906,-0.007779982444944378,-0.027499462,-1,-0.015320599588910744,0.025057523720856567,-0.3204345956234267
81,81,2015-04-17,399.217,408.083,398.756,405.052,TC8888.XZCE,2015,4,16,-192,-44,,,,,,,,,,,,,,,,,,2015-03,13.5,10.4,9.1,8.2,2.4,3.9,-0.2,1.8,-9.52,-16.11,-1.6,-7.0,3.5,4.7,-4.56,-4.56,2015,3,0.026875561656281022,0.015320599588910744,-0.052047789679786294,-0.031469352247777915,-0.025563053213938924,-0.02115661116659906,-0.024573507,-1,-0.026875561656281022,-0.0018180379354244547,-0.29355903396714567
82,82,2015-04-24,406.574,417.935,401.728,415.938,TC8888.XZCE,2015,4,17,-191,-44,,,,,,,,,,,,,,,,,,2015-03,13.5,10.4,9.1,8.2,2.4,3.9,-0.2,1.8,-9.52,-16.11,-1.6,-7.0,3.5,4.7,-4.56,-4.56,2015,3,-0.01126129375051077,0.026875561656281022,0.015320599588910744,-0.052047789679786294,-0.031469352247777915,-0.025563053213938924,-0.01158119,-1,0.01126129375051077,0.009443255815086316,-0.30482032771765644
83,83,2015-04-30,418.573,420.901,407.236,411.254,TC8888.XZCE,2015,4,18,-190,-44,,,,,,,,,,,,,,,,,,2015-03,13.5,10.4,9.1,8.2,2.4,3.9,-0.2,1.8,-9.52,-16.11,-1.6,-7.0,3.5,4.7,-4.56,-4.56,2015,3,0.01766305008583502,-0.01126129375051077,0.026875561656281022,0.015320599588910744,-0.052047789679786294,-0.031469352247777915,0.022073524,1,0.01766305008583502,0.027106305900921335,-0.2871572776318214
84,84,2015-05-08,412.283,422.085,408.095,418.518,TC8888.XZCE,2015,5,19,-189,-43,,,,,,,,,,,,,,,,,,2015-04,12.0,9.9,8.6,7.3,2.6,3.6,2.4,2.0,7.34,-10.59,-1.5,-1.4,-0.3,3.2,-4.57,-4.56,2015,4,0.006907707673266206,0.01766305008583502,-0.01126129375051077,0.026875561656281022,0.015320599588910744,-0.052047789679786294,0.02491216,1,0.006907707673266206,0.03401401357418754,-0.2802495699585552
85,85,2015-05-15,420.913,426.098,415.788,421.409,TC8888.XZCE,2015,5,20,-188,-43,,,,,,,,,,,,,,,,,,2015-04,12.0,9.9,8.6,7.3,2.6,3.6,2.4,2.0,7.34,-10.59,-1.5,-1.4,-0.3,3.2,-4.57,-4.56,2015,4,0.027688065513550963,0.006907707673266206,0.01766305008583502,-0.01126129375051077,0.026875561656281022,0.015320599588910744,0.01339188,1,0.027688065513550963,0.061702079087738504,-0.25256150444500425
86,86,2015-05-22,422.041,435.605,422.04,433.077,TC8888.XZCE,2015,5,21,-187,-43,,,,,,,,,,,,,,,,,,2015-04,12.0,9.9,8.6,7.3,2.6,3.6,2.4,2.0,7.34,-10.59,-1.5,-1.4,-0.3,3.2,-4.57,-4.56,2015,4,-0.01154298196394643,0.027688065513550963,0.006907707673266206,0.01766305008583502,-0.01126129375051077,0.026875561656281022,0.026945677,1,-0.01154298196394643,0.050159097123792074,-0.2641044864089507
87,87,2015-05-29,432.496,433.986,423.837,428.078,TC8888.XZCE,2015,5,22,-186,-43,,,,,,,,,,,,,,,,,,2015-04,12.0,9.9,8.6,7.3,2.6,3.6,2.4,2.0,7.34,-10.59,-1.5,-1.4,-0.3,3.2,-4.57,-4.56,2015,4,-0.01364470960899633,-0.01154298196394643,0.027688065513550963,0.006907707673266206,0.01766305008583502,-0.01126129375051077,0.03311824,1,-0.01364470960899633,0.03651438751479574,-0.277749196017947
88,88,2015-06-05,430.539,431.314,421.328,422.237,TC8888.XZCE,2015,6,23,-185,-42,,,,,,,,,,,,,,,,,,2015-05,11.4,10.0,8.3,7.2,2.7,3.4,3.1,2.2,-11.34,-14.97,-2.7,-5.7,-1.6,2.2,-4.61,-4.57,2015,5,-0.011363286495499003,-0.01364470960899633,-0.01154298196394643,0.027688065513550963,0.006907707673266206,0.01766305008583502,0.009125772,1,-0.011363286495499003,0.02515110101929674,-0.289112482513446
89,89,2015-06-12,421.535,423.45,414.577,417.439,TC8888.XZCE,2015,6,24,-184,-42,,,,,,,,,,,,,,,,,,2015-05,11.4,10.0,8.3,7.2,2.7,3.4,3.1,2.2,-11.34,-14.97,-2.7,-5.7,-1.6,2.2,-4.61,-4.57,2015,5,-0.0048318436945278265,-0.011363286495499003,-0.01364470960899633,-0.01154298196394643,0.027688065513550963,0.006907707673266206,-0.0017961271,-1,0.0048318436945278265,0.029982944713824566,-0.29394432620797384
90,90,2015-06-19,416.737,419.145,413.186,415.422,TC8888.XZCE,2015,6,25,-183,-42,,,,,,,,,,,,,,,,,,2015-05,11.4,10.0,8.3,7.2,2.7,3.4,3.1,2.2,-11.34,-14.97,-2.7,-5.7,-1.6,2.2,-4.61,-4.57,2015,5,-0.013598220604590039,-0.0048318436945278265,-0.011363286495499003,-0.01364470960899633,-0.01154298196394643,0.027688065513550963,0.00039554772,1,-0.013598220604590039,0.016384724109234527,-0.3075425468125639
91,91,2015-06-26,415.631,416.307,408.873,409.773,TC8888.XZCE,2015,6,26,-182,-42,,,,,,,,,,,,,,,,,,2015-05,11.4,10.0,8.3,7.2,2.7,3.4,3.1,2.2,-11.34,-14.97,-2.7,-5.7,-1.6,2.2,-4.61,-4.57,2015,5,-0.0012958394037674292,-0.013598220604590039,-0.0048318436945278265,-0.011363286495499003,-0.01364470960899633,-0.01154298196394643,0.00041073235,1,-0.0012958394037674292,0.015088884705467098,-0.3088383862163313
92,92,2015-07-03,410.245,415.168,404.688,409.242,TC8888.XZCE,2015,7,27,-181,-41,,,,,,,,,,,,,,,,,,2015-06,11.4,9.7,8.3,8.4,4.0,3.5,4.9,2.7,-6.17,-13.53,-4.9,-10.7,0.7,2.0,-4.81,-4.61,2015,6,-0.048775541122367705,-0.0012958394037674292,-0.013598220604590039,-0.0048318436945278265,-0.011363286495499003,-0.01364470960899633,0.0036984873,1,-0.048775541122367705,-0.03368665641690061,-0.357613927338699
93,93,2015-07-10,409.104,410.456,358.928,389.281,TC8888.XZCE,2015,7,28,-180,-41,,,,,,,,,,,,,,,,,,2015-06,11.4,9.7,8.3,8.4,4.0,3.5,4.9,2.7,-6.17,-13.53,-4.9,-10.7,0.7,2.0,-4.81,-4.61,2015,6,-0.000290278744660033,-0.048775541122367705,-0.0012958394037674292,-0.013598220604590039,-0.0048318436945278265,-0.011363286495499003,0.0035447804,1,-0.000290278744660033,-0.03397693516156064,-0.35790420608335904
94,94,2015-07-17,389.129,394.41,383.895,389.168,TC8888.XZCE,2015,7,29,-179,-41,,,,,,,,,,,,,,,,,,2015-06,11.4,9.7,8.3,8.4,4.0,3.5,4.9,2.7,-6.17,-13.53,-4.9,-10.7,0.7,2.0,-4.81,-4.61,2015,6,-0.02105003494634705,-0.000290278744660033,-0.048775541122367705,-0.0012958394037674292,-0.013598220604590039,-0.0048318436945278265,-0.018319603,-1,0.02105003494634705,-0.012926900215213588,-0.3789542410297061
95,95,2015-07-24,389.05,393.052,378.132,380.976,TC8888.XZCE,2015,7,30,-178,-41,,,,,,,,,,,,,,,,,,2015-06,11.4,9.7,8.3,8.4,4.0,3.5,4.9,2.7,-6.17,-13.53,-4.9,-10.7,0.7,2.0,-4.81,-4.61,2015,6,0.007588404518919845,-0.02105003494634705,-0.000290278744660033,-0.048775541122367705,-0.0012958394037674292,-0.013598220604590039,-0.020502117,-1,-0.007588404518919845,-0.020515304734133433,-0.37136583651078625
96,96,2015-07-31,382.246,389.834,378.702,383.867,TC8888.XZCE,2015,7,31,-177,-41,,,,,,,,,,,,,,,,,,2015-06,11.4,9.7,8.3,8.4,4.0,3.5,4.9,2.7,-6.17,-13.53,-4.9,-10.7,0.7,2.0,-4.81,-4.61,2015,6,-0.004014411241393456,0.007588404518919845,-0.02105003494634705,-0.000290278744660033,-0.048775541122367705,-0.0012958394037674292,0.0028176694,1,-0.004014411241393456,-0.02452971597552689,-0.3753802477521797
97,97,2015-08-07,384.009,388.521,378.088,382.326,TC8888.XZCE,2015,8,32,-176,-40,,,,,,,,,,,,,,,,,,2015-07,11.2,9.2,8.2,7.7,4.0,3.6,4.8,3.0,-4.2,-12.0,-5.7,-13.0,-11.2,0.2,-5.37,-4.72,2015,7,0.021065792020422247,-0.004014411241393456,0.007588404518919845,-0.02105003494634705,-0.000290278744660033,-0.048775541122367705,0.002660553,1,0.021065792020422247,-0.003463923955104642,-0.35431445573175746
98,98,2015-08-14,382.18,393.717,379.473,390.38,TC8888.XZCE,2015,8,33,-175,-40,,,,,,,,,,,,,,,,,,2015-07,11.2,9.2,8.2,7.7,4.0,3.6,4.8,3.0,-4.2,-12.0,-5.7,-13.0,-11.2,0.2,-5.37,-4.72,2015,7,-0.022531892002664033,0.021065792020422247,-0.004014411241393456,0.007588404518919845,-0.02105003494634705,-0.000290278744660033,0.016029164,1,-0.022531892002664033,-0.025995815957768675,-0.3768463477344215
99,99,2015-08-21,389.569,391.591,379.355,381.584,TC8888.XZCE,2015,8,34,-174,-40,,,,,,,,,,,,,,,,,,2015-07,11.2,9.2,8.2,7.7,4.0,3.6,4.8,3.0,-4.2,-12.0,-5.7,-13.0,-11.2,0.2,-5.37,-4.72,2015,7,-0.023347414985953274,-0.022531892002664033,0.021065792020422247,-0.004014411241393456,0.007588404518919845,-0.02105003494634705,0.026659517,1,-0.023347414985953274,-0.04934323094372195,-0.40019376272037477
100,100,2015-08-28,381.298,381.298,367.06,372.675,TC8888.XZCE,2015,8,35,-173,-40,,,,,,,,,,,,,,,,,,2015-07,11.2,9.2,8.2,7.7,4.0,3.6,4.8,3.0,-4.2,-12.0,-5.7,-13.0,-11.2,0.2,-5.37,-4.72,2015,7,-0.0034587777554169197,-0.023347414985953274,-0.022531892002664033,0.021065792020422247,-0.004014411241393456,0.007588404518919845,9.683706e-05,1,-0.0034587777554169197,-0.05280200869913887,-0.4036525404757917
101,101,2015-09-02,373.137,377.172,369.691,371.386,TC8888.XZCE,2015,9,36,-172,-39,,,,,,,,,,,,,,,,,,2015-08,10.9,8.93,7.9,6.0,3.8,3.6,5.2,3.3,1.51,-9.9,-5.7,-7.6,-6.5,-0.5,-5.92,-4.87,2015,8,0.023164578093950672,-0.0034587777554169197,-0.023347414985953274,-0.022531892002664033,0.021065792020422247,-0.004014411241393456,-0.008107489,-1,-0.023164578093950672,-0.07596658679308954,-0.380487962381841
102,102,2015-09-11,372.174,383.473,370.798,379.989,TC8888.XZCE,2015,9,37,-171,-39,,,,,,,,,,,,,,,,,,2015-08,10.9,8.93,7.9,6.0,3.8,3.6,5.2,3.3,1.51,-9.9,-5.7,-7.6,-6.5,-0.5,-5.92,-4.87,2015,8,-0.008934469155686076,0.023164578093950672,-0.0034587777554169197,-0.023347414985953274,-0.022531892002664033,0.021065792020422247,0.028120255,1,-0.008934469155686076,-0.08490105594877562,-0.3894224315375271
103,103,2015-09-18,379.589,383.979,373.208,376.594,TC8888.XZCE,2015,9,38,-170,-39,,,,,,,,,,,,,,,,,,2015-08,10.9,8.93,7.9,6.0,3.8,3.6,5.2,3.3,1.51,-9.9,-5.7,-7.6,-6.5,-0.5,-5.92,-4.87,2015,8,-0.02121117171277287,-0.008934469155686076,0.023164578093950672,-0.0034587777554169197,-0.023347414985953274,-0.022531892002664033,0.0089075705,1,-0.02121117171277287,-0.10611222766154849,-0.41063360325029996
104,104,2015-09-25,375.998,375.998,367.409,368.606,TC8888.XZCE,2015,9,39,-169,-39,,,,,,,,,,,,,,,,,,2015-08,10.9,8.93,7.9,6.0,3.8,3.6,5.2,3.3,1.51,-9.9,-5.7,-7.6,-6.5,-0.5,-5.92,-4.87,2015,8,-0.009256496096102573,-0.02121117171277287,-0.008934469155686076,0.023164578093950672,-0.0034587777554169197,-0.023347414985953274,0.0006925756,1,-0.009256496096102573,-0.11536872375765106,-0.41989009934640253
105,105,2015-09-30,368.403,368.403,361.005,365.194,TC8888.XZCE,2015,9,40,-168,-39,,,,,,,,,,,,,,,,,,2015-08,10.9,8.93,7.9,6.0,3.8,3.6,5.2,3.3,1.51,-9.9,-5.7,-7.6,-6.5,-0.5,-5.92,-4.87,2015,8,0.007669896000481957,-0.009256496096102573,-0.02121117171277287,-0.008934469155686076,0.023164578093950672,-0.0034587777554169197,-0.0027272385,-1,-0.007669896000481957,-0.12303861975813302,-0.4122202033459206
106,106,2015-10-09,366.798,371.391,363.203,367.995,TC8888.XZCE,2015,10,41,-167,-38,,,,,,,,,,,,,,,,,,2015-09,10.3,8.32,7.6,5.8,2.2,3.4,3.8,3.4,-8.02,-9.67,-7.6,-15.5,-4.7,-0.9,-5.95,-4.99,2015,9,-0.04401418497533938,0.007669896000481957,-0.009256496096102573,-0.02121117171277287,-0.008934469155686076,0.023164578093950672,-0.00031754118,-1,0.04401418497533938,-0.07902443478279364,-0.45623438832125995
107,107,2015-10-16,367.993,368.393,351.598,351.798,TC8888.XZCE,2015,10,42,-166,-38,,,,,,,,,,,,,,,,,,2015-09,10.3,8.32,7.6,5.8,2.2,3.4,3.8,3.4,-8.02,-9.67,-7.6,-15.5,-4.7,-0.9,-5.95,-4.99,2015,9,-0.029576632044525653,-0.04401418497533938,0.007669896000481957,-0.009256496096102573,-0.02121117171277287,-0.008934469155686076,-0.001667871,-1,0.029576632044525653,-0.04944780273826799,-0.4858110203657856
108,108,2015-10-23,351.399,355.195,336.997,341.393,TC8888.XZCE,2015,10,43,-165,-38,,,,,,,,,,,,,,,,,,2015-09,10.3,8.32,7.6,5.8,2.2,3.4,3.8,3.4,-8.02,-9.67,-7.6,-15.5,-4.7,-0.9,-5.95,-4.99,2015,9,-0.038099785291438204,-0.029576632044525653,-0.04401418497533938,0.007669896000481957,-0.009256496096102573,-0.02121117171277287,0.013485055,1,-0.038099785291438204,-0.08754758802970619,-0.5239108056572238
109,109,2015-10-30,341.789,341.789,327.986,328.386,TC8888.XZCE,2015,10,44,-164,-38,,,,,,,,,,,,,,,,,,2015-09,10.3,8.32,7.6,5.8,2.2,3.4,3.8,3.4,-8.02,-9.67,-7.6,-15.5,-4.7,-0.9,-5.95,-4.99,2015,9,0.005463083079059405,-0.038099785291438204,-0.029576632044525653,-0.04401418497533938,0.007669896000481957,-0.009256496096102573,-0.0243356,-1,-0.005463083079059405,-0.0930106711087656,-0.5184477225781644
110,110,2015-11-06,327.985,335.18,325.587,330.18,TC8888.XZCE,2015,11,45,-163,-37,,,,,,,,,,,,,,,,,,2015-10,10.2,8.34,7.5,6.7,1.7,3.2,4.6,3.5,-5.55,-8.92,-8.06,-13.23,5.01,-0.35,-5.9,-5.1,2015,10,-0.025419468168877635,0.005463083079059405,-0.038099785291438204,-0.029576632044525653,-0.04401418497533938,0.007669896000481957,-0.013246702,-1,0.025419468168877635,-0.06759120293988796,-0.543867190747042
111,111,2015-11-13,329.593,332.792,316.192,321.787,TC8888.XZCE,2015,11,46,-162,-37,,,,,,,,,,,,,,,,,,2015-10,10.2,8.34,7.5,6.7,1.7,3.2,4.6,3.5,-5.55,-8.92,-8.06,-13.23,5.01,-0.35,-5.9,-5.1,2015,10,0.00865790103391384,-0.025419468168877635,0.005463083079059405,-0.038099785291438204,-0.029576632044525653,-0.04401418497533938,-0.0155450795,-1,-0.00865790103391384,-0.0762491039738018,-0.5352092897131282
112,112,2015-11-20,322.388,326.184,315.179,324.573,TC8888.XZCE,2015,11,47,-161,-37,,,,,,,,,,,,,,,,,,2015-10,10.2,8.34,7.5,6.7,1.7,3.2,4.6,3.5,-5.55,-8.92,-8.06,-13.23,5.01,-0.35,-5.9,-5.1,2015,10,0.019638109146478788,0.00865790103391384,-0.025419468168877635,0.005463083079059405,-0.038099785291438204,-0.029576632044525653,0.00088450674,1,0.019638109146478788,-0.05661099482732301,-0.5155711805666494
113,113,2015-11-27,324.576,340.74,323.577,330.947,TC8888.XZCE,2015,11,48,-160,-37,,,,,,,,,,,,,,,,,,2015-10,10.2,8.34,7.5,6.7,1.7,3.2,4.6,3.5,-5.55,-8.92,-8.06,-13.23,5.01,-0.35,-5.9,-5.1,2015,10,0.016238249629094703,0.019638109146478788,0.00865790103391384,-0.025419468168877635,0.005463083079059405,-0.038099785291438204,0.024026018,1,0.016238249629094703,-0.04037274519822831,-0.4993329309375547
114,114,2015-12-04,330.343,336.72,330.343,336.321,TC8888.XZCE,2015,12,49,-159,-36,,,,,,,,,,,,,,,,,,2015-11,10.2,8.43,7.5,7.2,2.5,3.1,2.2,3.4,-1.4,-8.3,-9.1,-20.0,16.0,1.4,-5.9,-5.2,2015,11,-0.022130643046375464,0.016238249629094703,0.019638109146478788,0.00865790103391384,-0.025419468168877635,0.005463083079059405,0.024684124,1,-0.022130643046375464,-0.06250338824460377,-0.5214635739839302
115,115,2015-12-11,334.926,339.712,324.694,328.878,TC8888.XZCE,2015,12,50,-158,-36,,,,,,,,,,,,,,,,,,2015-11,10.2,8.43,7.5,7.2,2.5,3.1,2.2,3.4,-1.4,-8.3,-9.1,-20.0,16.0,1.4,-5.9,-5.2,2015,11,-0.005394097507282369,-0.022130643046375464,0.016238249629094703,0.019638109146478788,0.00865790103391384,-0.025419468168877635,0.0057929764,1,-0.005394097507282369,-0.06789748575188614,-0.5268576714912125
116,116,2015-12-18,328.678,331.265,322.264,327.104,TC8888.XZCE,2015,12,51,-157,-36,,,,,,,,,,,,,,,,,,2015-11,10.2,8.43,7.5,7.2,2.5,3.1,2.2,3.4,-1.4,-8.3,-9.1,-20.0,16.0,1.4,-5.9,-5.2,2015,11,-0.030647745059675158,-0.005394097507282369,-0.022130643046375464,0.016238249629094703,0.019638109146478788,0.00865790103391384,0.0015891846,1,-0.030647745059675158,-0.0985452308115613,-0.5575054165508877
117,117,2015-12-25,327.199,329.184,313.361,317.079,TC8888.XZCE,2015,12,52,-156,-36,,,,,,,,,,,,,,,,,,2015-11,10.2,8.43,7.5,7.2,2.5,3.1,2.2,3.4,-1.4,-8.3,-9.1,-20.0,16.0,1.4,-5.9,-5.2,2015,11,-0.023508337039034433,-0.030647745059675158,-0.005394097507282369,-0.022130643046375464,0.016238249629094703,0.019638109146478788,4.3744658e-05,1,-0.023508337039034433,-0.12205356785059573,-0.5810137535899221
118,118,2015-12-31,317.859,320.609,304.508,309.625,TC8888.XZCE,2015,12,53,-155,-36,,,,,,,,,,,,,,,,,,2015-11,10.2,8.43,7.5,7.2,2.5,3.1,2.2,3.4,-1.4,-8.3,-9.1,-20.0,16.0,1.4,-5.9,-5.2,2015,11,-0.014840532902704928,-0.023508337039034433,-0.030647745059675158,-0.005394097507282369,-0.022130643046375464,0.016238249629094703,-0.011940387,-1,0.014840532902704928,-0.1072130349478908,-0.5958542864926271
119,119,2016-01-08,297.248,321.481,296.542,305.03,TC8888.XZCE,2016,1,1,-155,-35,,,,,,,,,,,,,,,,,,2015-12,10.0,8.1,7.4,6.2,1.2,2.9,3.2,3.4,12.1,-7.3,-9.3,-11.3,16.3,2.7,-5.9,-5.2,2015,12,-0.017332721371668303,-0.014840532902704928,-0.023508337039034433,-0.030647745059675158,-0.005394097507282369,-0.022130643046375464,-0.011940387,-1,0.017332721371668303,-0.0898803135762225,-0.6131870078642954
118,118,2015-12-31,317.859,320.609,304.508,309.625,TC8888.XZCE,2015,12,53,-155,-36,,,,,,,,,,,,,,,,,,2015-11,10.2,8.43,7.5,7.2,2.5,3.1,2.2,3.4,-1.4,-8.3,-9.1,-20.0,16.0,1.4,-5.9,-5.2,2015,11,-0.014840532902704928,-0.023508337039034433,-0.030647745059675158,-0.005394097507282369,-0.022130643046375464,0.016238249629094703,-0.011940387,-1,0.014840532902704928,-0.07503978067351758,-0.6280275407670003
119,119,2016-01-08,297.248,321.481,296.542,305.03,TC8888.XZCE,2016,1,1,-155,-35,,,,,,,,,,,,,,,,,,2015-12,10.0,8.1,7.4,6.2,1.2,2.9,3.2,3.4,12.1,-7.3,-9.3,-11.3,16.3,2.7,-5.9,-5.2,2015,12,-0.017332721371668303,-0.014840532902704928,-0.023508337039034433,-0.030647745059675158,-0.005394097507282369,-0.022130643046375464,-0.011940387,-1,0.017332721371668303,-0.05770705930184927,-0.6453602621386686
120,120,2016-01-15,305.571,305.571,297.429,299.743,TC8888.XZCE,2016,1,2,-154,-35,,,,,,,,,,,,,,,,,,2015-12,10.0,8.1,7.4,6.2,1.2,2.9,3.2,3.4,12.1,-7.3,-9.3,-11.3,16.3,2.7,-5.9,-5.2,2015,12,0.03459964035857377,-0.017332721371668303,-0.014840532902704928,-0.023508337039034433,-0.030647745059675158,-0.005394097507282369,-0.014361453,-1,-0.03459964035857377,-0.09230669966042304,-0.6107606217800948
121,121,2016-01-22,311.6,311.6,306.8,310.114,TC8888.XZCE,2016,1,3,-153,-35,,,,,,,,,,,,,,,,,,2015-12,10.0,8.1,7.4,6.2,1.2,2.9,3.2,3.4,12.1,-7.3,-9.3,-11.3,16.3,2.7,-5.9,-5.2,2015,12,-0.0367413273828332,0.03459964035857377,-0.017332721371668303,-0.014840532902704928,-0.023508337039034433,-0.030647745059675158,0.0009574618,1,-0.0367413273828332,-0.12904802704325624,-0.647501949162928
122,122,2016-01-29,310.3,310.3,298.72,298.72,TC8888.XZCE,2016,1,4,-152,-35,,,,,,,,,,,,,,,,,,2015-12,10.0,8.1,7.4,6.2,1.2,2.9,3.2,3.4,12.1,-7.3,-9.3,-11.3,16.3,2.7,-5.9,-5.2,2015,12,0.0375368237814675,-0.0367413273828332,0.03459964035857377,-0.017332721371668303,-0.014840532902704928,-0.023508337039034433,0.03841381,1,0.0375368237814675,-0.09151120326178874,-0.6099651253814605
123,123,2016-02-05,299.32,310.12,299.32,309.933,TC8888.XZCE,2016,2,5,-151,-34,,,,,,,,,,,,,,,,,,2016-01,10.0,8.1,7.4,6.2,1.2,2.9,3.2,3.4,12.1,-7.3,-9.3,-11.3,16.3,2.7,-5.3,-5.3,2016,1,0.026457331100592674,0.0375368237814675,-0.0367413273828332,0.03459964035857377,-0.017332721371668303,-0.014840532902704928,-0.0028763097,-1,-0.026457331100592674,-0.11796853436238142,-0.5835077942808679
124,124,2016-02-19,309.933,318.133,309.933,318.133,TC8888.XZCE,2016,2,7,-149,-34,,,,,,,,,,,,,,,,,,2016-01,10.0,8.1,7.4,6.2,1.2,2.9,3.2,3.4,12.1,-7.3,-9.3,-11.3,16.3,2.7,-5.3,-5.3,2016,1,0.0071259504672573915,0.026457331100592674,0.0375368237814675,-0.0367413273828332,0.03459964035857377,-0.017332721371668303,0.046859417,1,0.0071259504672573915,-0.11084258389512402,-0.5763818438136105
125,125,2016-02-26,312.0,320.4,308.2,320.4,TC8888.XZCE,2016,2,8,-148,-34,,,,,,,,,,,,,,,,,,2016-01,10.0,8.1,7.4,6.2,1.2,2.9,3.2,3.4,12.1,-7.3,-9.3,-11.3,16.3,2.7,-5.3,-5.3,2016,1,-0.022471910112359494,0.0071259504672573915,0.026457331100592674,0.0375368237814675,-0.0367413273828332,0.03459964035857377,0.031927604,1,-0.022471910112359494,-0.13331449400748352,-0.59885375392597
126,126,2016-03-04,320.4,320.4,313.0,313.2,TC8888.XZCE,2016,3,9,-147,-33,,,,,,,,,,,,,,,,,,2016-02,10.2,7.5,8.2,6.2,1.2,3.9,3.2,3.5,12.1,15.6,-12.9,-11.3,16.3,5.3,-4.9,-5.1,2016,2,0.02809706257982114,-0.022471910112359494,0.0071259504672573915,0.026457331100592674,0.0375368237814675,-0.0367413273828332,0.0063351616,1,0.02809706257982114,-0.10521743142766238,-0.5707566913461488
127,127,2016-03-11,313.2,322.0,313.2,322.0,TC8888.XZCE,2016,3,10,-146,-33,,,,,,,,,,,,,,,,,,2016-02,10.2,7.5,8.2,6.2,1.2,3.9,3.2,3.5,12.1,15.6,-12.9,-11.3,16.3,5.3,-4.9,-5.1,2016,2,0.0,0.02809706257982114,-0.022471910112359494,0.0071259504672573915,0.026457331100592674,0.0375368237814675,0.014199548,1,0.0,-0.10521743142766238,-0.5707566913461488
128,128,2016-03-18,322.0,322.0,322.0,322.0,TC8888.XZCE,2016,3,11,-145,-33,,,,,,,,,,,,,,,,,,2016-02,10.2,7.5,8.2,6.2,1.2,3.9,3.2,3.5,12.1,15.6,-12.9,-11.3,16.3,5.3,-4.9,-5.1,2016,2,0.0,0.0,0.02809706257982114,-0.022471910112359494,0.0071259504672573915,0.026457331100592674,0.0034598256,1,0.0,-0.10521743142766238,-0.5707566913461488
129,129,2016-03-25,322.0,322.0,322.0,322.0,TC8888.XZCE,2016,3,12,-144,-33,,,,,,,,,,,,,,,,,,2016-02,10.2,7.5,8.2,6.2,1.2,3.9,3.2,3.5,12.1,15.6,-12.9,-11.3,16.3,5.3,-4.9,-5.1,2016,2,0.0,0.0,0.0,0.02809706257982114,-0.022471910112359494,0.0071259504672573915,0.014945165,1,0.0,-0.10521743142766238,-0.5707566913461488
130,130,2016-04-01,322.0,322.0,322.0,322.0,TC8888.XZCE,2016,4,13,-143,-32,,,,,,,,,,,,,,,,,,2016-03,10.7,6.4,8.3,8.2,6.0,4.8,4.1,3.8,15.1,15.8,-7.6,-1.5,8.9,6.5,-4.3,-4.8,2016,3,0.0,0.0,0.0,0.0,0.02809706257982114,-0.022471910112359494,0.010140432,1,0.0,-0.10521743142766238,-0.5707566913461488
131,131,2016-04-08,322.0,322.0,322.0,322.0,TC8888.XZCE,2016,4,14,-142,-32,,,,,,,,,,,,,,,,,,2016-03,10.7,6.4,8.3,8.2,6.0,4.8,4.1,3.8,15.1,15.8,-7.6,-1.5,8.9,6.5,-4.3,-4.8,2016,3,0.0,0.0,0.0,0.0,0.0,0.02809706257982114,0.010140432,1,0.0,-0.10521743142766238,-0.5707566913461488
