,Unnamed: 0,date,open,high,low,close,stkcd,rb,year_x,month_x,week,weekly,yearmonth,指标名称,中国:固定资产投资完成额:累计同比,中国:固定资产投资完成额:制造业:累计同比,中国:规模以上工业增加值:金属制品业:累计同比,中国:规模以上工业增加值:金属制品业:当月同比,中国:规模以上工业增加值:通用设备制造业:当月同比,中国:规模以上工业增加值:通用设备制造业:累计同比,中国:规模以上工业增加值:专用设备制造业:当月同比,中国:规模以上工业增加值:专用设备制造业:累计同比,中国:产量:工业锅炉:当月同比,中国:产量:工业锅炉:累计同比,中国:产量:金属切削机床:累计同比,中国:产量:金属切削机床:当月同比,中国:产量:汽车:当月同比,中国:产量:汽车:累计同比,中国:PPI:全部工业品:当月同比,中国:PPI:全部工业品:累计同比,year_y,month_y,re,re1,re2,re3,re4,re5,pred,pos,reMonth,asset,asset0
0,0,2012-12-31,1372.932,1384.785,1282.205,1376.797,FG8888.XZCE,True,2012,12,1,-72,-72,2012-11,20.7,22.75,12.2,13.6,9.1,8.2,6.3,8.7,-10.3,1.5,-15.7,-6.8,3.9,6.5,-2.2,-1.7,2012.0,11.0,0.12038230763140834,,,,,,0.5,1,0.12038230763140834,0.12038230763140834,0.12038230763140834
1,1,2013-01-31,1390.043,1555.446,1385.192,1542.539,FG8888.XZCE,True,2013,1,5,-71,-71,2012-12,20.6,22.03,12.2,12.2,9.6,8.4,10.4,8.9,3.8,-2.2,-13.4,-1.4,5.3,6.3,-1.94,-1.72,2012.0,12.0,0.0174984230544577,0.12038230763140834,,,,,0.12262984,1,0.0174984230544577,0.13788073068586604,0.13788073068586604
2,2,2013-02-28,1548.336,1613.102,1519.667,1569.531,FG8888.XZCE,True,2013,2,9,-70,-70,2013-01,20.6,22.03,12.2,12.2,9.6,8.4,10.4,8.9,57.9,57.9,27.9,27.9,47.5,47.5,-1.64,-1.64,2013.0,1.0,-0.08691322439633242,0.0174984230544577,0.12038230763140834,,,,0.020373927,1,-0.08691322439633242,0.050967506289533615,0.050967506289533615
3,3,2013-03-29,1568.062,1568.936,1405.005,1433.118,FG8888.XZCE,True,2013,3,13,-69,-69,2013-02,21.2,17.0,13.2,12.2,9.6,9.2,10.4,6.5,25.0,39.4,3.5,-15.9,-16.0,12.4,-1.63,-1.63,2013.0,2.0,-0.06192093044676017,-0.08691322439633242,0.0174984230544577,0.12038230763140834,,,-0.083462015,-1,0.06192093044676017,0.11288843673629378,-0.010953424157226554
4,4,2013-04-26,1428.125,1452.558,1317.721,1344.378,FG8888.XZCE,True,2013,4,17,-68,-68,2013-03,20.9,18.7,13.4,12.9,7.8,8.4,6.6,7.1,12.5,24.5,-9.0,-12.3,12.4,13.5,-1.92,-1.73,2013.0,3.0,0.03377844624056636,-0.06192093044676017,-0.08691322439633242,0.0174984230544577,0.12038230763140834,,-0.061411273,-1,-0.03377844624056636,0.07910999049572742,0.022825022083339808
5,5,2013-05-31,1322.207,1475.326,1313.206,1389.789,FG8888.XZCE,True,2013,5,22,-67,-67,2013-04,20.6,18.4,12.9,12.3,10.5,9.1,7.3,6.3,0.9,9.3,-4.0,-1.5,18.3,15.4,-2.62,-1.95,2013.0,4.0,-0.008394079964656465,0.03377844624056636,-0.06192093044676017,-0.08691322439633242,0.0174984230544577,0.12038230763140834,0.017854974,0,-0.0,0.07910999049572742,0.014430942118683343
6,6,2013-06-28,1397.936,1466.955,1355.675,1378.123,FG8888.XZCE,True,2013,6,26,-66,-66,2013-05,20.4,17.8,13.0,12.9,9.4,9.0,8.7,7.1,5.61,8.59,-4.88,-1.77,15.77,15.35,-2.87,-2.13,2013.0,5.0,-0.008322188948301501,-0.008394079964656465,0.03377844624056636,-0.06192093044676017,-0.08691322439633242,0.0174984230544577,-0.06138185,-1,0.008322188948301501,0.08743217944402892,0.006108753170381842
7,7,2013-07-31,1377.145,1423.518,1351.538,1366.654,FG8888.XZCE,True,2013,7,31,-65,-65,2013-06,20.1,17.1,12.7,11.5,9.9,9.2,7.6,7.2,6.69,7.37,-12.55,-9.07,13.35,15.11,-2.7,-2.23,2013.0,6.0,0.008877155446806562,-0.008322188948301501,-0.008394079964656465,0.03377844624056636,-0.06192093044676017,-0.08691322439633242,-0.008166322,0,0.0,0.08743217944402892,0.014985908617188404
8,8,2013-08-30,1369.841,1459.627,1363.866,1378.786,FG8888.XZCE,True,2013,8,35,-64,-64,2013-07,20.1,17.08,12.5,11.1,9.2,9.2,8.5,7.4,3.09,6.51,-5.37,-0.75,15.44,15.15,-2.27,-2.23,2013.0,7.0,-0.05272826965170807,0.008877155446806562,-0.008322188948301501,-0.008394079964656465,0.03377844624056636,-0.06192093044676017,-0.004600269,0,-0.0,0.08743217944402892,-0.03774236103451967
9,9,2013-09-30,1384.477,1397.997,1305.322,1306.085,FG8888.XZCE,True,2013,9,40,-63,-63,2013-08,20.3,17.9,12.4,11.6,8.0,9.0,7.6,7.4,7.58,7.09,-5.45,0.13,14.58,15.11,-1.62,-2.16,2013.0,8.0,0.014547292098140652,-0.05272826965170807,0.008877155446806562,-0.008322188948301501,-0.008394079964656465,0.03377844624056636,0.019271407,0,0.0,0.08743217944402892,-0.023195068936379015
10,10,2013-10-31,1304.654,1339.726,1285.317,1325.085,FG8888.XZCE,True,2013,10,44,-62,-62,2013-09,20.2,18.48,12.4,12.3,9.9,9.1,10.8,7.8,0.86,6.41,-9.36,-20.0,17.45,15.32,-1.34,-2.07,2013.0,9.0,-0.0025968145439726475,0.014547292098140652,-0.05272826965170807,0.008877155446806562,-0.008322188948301501,-0.008394079964656465,0.008725056,0,-0.0,0.08743217944402892,-0.025791883480351663
11,11,2013-11-29,1326.319,1333.906,1295.283,1321.644,FG8888.XZCE,True,2013,11,48,-61,-61,2013-10,20.1,19.06,12.4,12.1,9.7,9.2,11.2,8.2,-2.84,5.32,-8.33,1.33,25.26,17.23,-1.51,-2.01,2013.0,10.0,-0.014264809585637361,-0.0025968145439726475,0.014547292098140652,-0.05272826965170807,0.008877155446806562,-0.008322188948301501,-0.0077864844,0,-0.0,0.08743217944402892,-0.040056693065989024
12,12,2013-12-31,1323.063,1369.101,1286.606,1302.791,FG8888.XZCE,True,2013,12,1,-60,-60,2013-11,19.9,18.56,12.3,11.3,9.9,9.3,10.8,8.5,-11.73,3.64,-7.84,-1.96,25.64,18.11,-1.42,-1.96,2013.0,11.0,0.01177165024934923,-0.014264809585637361,-0.0025968145439726475,0.014547292098140652,-0.05272826965170807,0.008877155446806562,0.008772606,0,0.0,0.08743217944402892,-0.028285042816639794
13,13,2014-01-30,1301.377,1320.777,1223.481,1318.127,FG8888.XZCE,True,2014,1,5,-59,-59,2013-12,19.6,18.46,12.4,12.9,8.2,9.2,8.9,8.5,-12.87,2.02,-1.54,8.33,22.91,18.4,-1.36,-1.91,2013.0,12.0,-0.03724527302756109,0.01177165024934923,-0.014264809585637361,-0.0025968145439726475,0.014547292098140652,-0.05272826965170807,-0.0023482826,0,-0.0,0.08743217944402892,-0.06553031584420088
14,14,2014-02-28,1324.403,1339.726,1264.185,1269.033,FG8888.XZCE,True,2014,2,9,-58,-58,2014-01,19.6,18.46,12.4,12.9,8.2,9.2,8.9,8.5,-12.87,2.02,-1.54,8.33,22.91,18.4,-1.64,-1.64,2014.0,1.0,-0.02086864565381663,-0.03724527302756109,0.01177165024934923,-0.014264809585637361,-0.0025968145439726475,0.014547292098140652,0.013907828,0,-0.0,0.08743217944402892,-0.08639896149801751
15,15,2014-03-31,1269.122,1283.863,1211.981,1242.55,FG8888.XZCE,True,2014,3,14,-57,-57,2014-02,17.9,15.12,12.5,12.9,8.2,11.0,8.9,12.1,-12.87,-3.89,1.33,8.33,22.91,12.53,-2.0,-1.8,2014.0,2.0,-0.01689268037503522,-0.02086864565381663,-0.03724527302756109,0.01177165024934923,-0.014264809585637361,-0.0025968145439726475,0.004625164,0,-0.0,0.08743217944402892,-0.10329164187305273
16,16,2014-04-30,1241.268,1271.367,1187.537,1221.56,FG8888.XZCE,True,2014,4,18,-56,-56,2014-03,17.6,15.2,12.1,11.5,10.7,10.9,10.7,11.5,-6.0,-7.4,7.8,15.0,7.3,10.8,-2.3,-2.0,2014.0,3.0,-0.09464782736828314,-0.01689268037503522,-0.02086864565381663,-0.03724527302756109,0.01177165024934923,-0.014264809585637361,-0.016434062,0,-0.0,0.08743217944402892,-0.19793946924133587
17,17,2014-05-30,1219.011,1235.682,1100.484,1105.942,FG8888.XZCE,True,2014,5,22,-55,-55,2014-04,17.3,15.2,12.0,11.9,8.8,10.3,7.4,10.4,-12.51,-9.51,5.39,1.11,8.07,8.36,-2.0,-1.99,2014.0,4.0,-0.04504576189348086,-0.09464782736828314,-0.01689268037503522,-0.02086864565381663,-0.03724527302756109,0.01177165024934923,-0.020665482,-1,0.04504576189348086,0.13247794133750979,-0.24298523113481674
18,18,2014-06-30,1105.774,1109.281,1034.535,1056.124,FG8888.XZCE,True,2014,6,27,-54,-54,2014-05,17.2,14.2,12.0,12.2,10.0,10.2,4.0,9.0,-4.97,-1.62,4.88,4.68,12.08,10.79,-1.45,-1.88,2014.0,5.0,-0.04845169695982676,-0.04504576189348086,-0.09464782736828314,-0.01689268037503522,-0.02086864565381663,-0.03724527302756109,-0.033505037,-1,0.04845169695982676,0.18092963829733655,-0.2914369280946435
19,19,2014-07-31,1059.804,1072.524,978.706,1004.953,FG8888.XZCE,True,2014,7,31,-53,-53,2014-06,17.3,14.8,11.8,11.0,8.8,9.9,6.9,8.6,-23.49,-8.01,5.17,3.36,11.23,10.9,-1.11,-1.76,2014.0,6.0,0.020878588351892935,-0.04845169695982676,-0.04504576189348086,-0.09464782736828314,-0.01689268037503522,-0.02086864565381663,-0.047908917,-1,-0.020878588351892935,0.1600510499454436,-0.27055833974275056
20,20,2014-08-29,1000.349,1046.321,975.553,1025.935,FG8888.XZCE,True,2014,8,35,-52,-52,2014-07,17.0,14.6,12.0,12.8,11.9,10.2,8.9,8.7,-15.84,-9.37,4.6,6.97,10.09,10.85,-0.87,-1.63,2014.0,7.0,-0.05966947223751995,0.020878588351892935,-0.04845169695982676,-0.04504576189348086,-0.09464782736828314,-0.01689268037503522,-0.066181995,-1,0.05966947223751995,0.21972052218296356,-0.3302278119802705
21,21,2014-09-30,1025.341,1026.276,952.782,964.718,FG8888.XZCE,True,2014,9,40,-51,-51,2014-08,16.5,14.1,12.0,11.9,9.8,10.1,6.6,8.4,-15.59,-10.38,4.8,4.4,3.19,9.93,-1.2,-1.58,2014.0,8.0,-0.0032703857500325784,-0.05966947223751995,0.020878588351892935,-0.04845169695982676,-0.04504576189348086,-0.09464782736828314,-0.04512669,-1,0.0032703857500325784,0.22299090793299614,-0.3334981977303031
22,22,2014-10-31,967.717,975.721,942.819,961.563,FG8888.XZCE,True,2014,10,44,-50,-50,2014-09,16.1,13.8,12.1,12.7,9.5,10.0,4.6,7.9,-16.14,-13.67,4.39,4.1,4.47,9.3,-1.8,-1.6,2014.0,9.0,-0.030024033786657744,-0.0032703857500325784,-0.05966947223751995,0.020878588351892935,-0.04845169695982676,-0.04504576189348086,-0.05791495,-1,0.030024033786657744,0.2530149417196539,-0.36352223151696084
23,23,2014-11-28,963.093,978.767,907.294,932.693,FG8888.XZCE,True,2014,11,48,-49,-49,2014-10,15.9,13.5,11.9,10.2,7.8,9.7,3.5,7.4,-17.68,-14.02,4.7,-1.4,6.8,9.0,-2.24,-1.67,2014.0,10.0,0.02556789854753916,-0.030024033786657744,-0.0032703857500325784,-0.05966947223751995,0.020878588351892935,-0.04845169695982676,-0.029725054,-1,-0.02556789854753916,0.22744704317211473,-0.3379543329694217
24,24,2014-12-31,922.974,976.617,893.145,956.54,FG8888.XZCE,True,2014,12,1,-48,-48,2014-11,15.8,13.5,11.8,11.4,6.1,9.3,5.4,7.2,-9.25,-13.77,6.3,0.0,2.6,8.4,-2.69,-1.76,2014.0,11.0,-0.04621970853283708,0.02556789854753916,-0.030024033786657744,-0.0032703857500325784,-0.05966947223751995,0.020878588351892935,-0.05725731,-1,0.04621970853283708,0.2736667517049518,-0.38417404150225876
25,25,2015-01-30,950.896,985.786,898.972,912.329,FG8888.XZCE,True,2015,1,5,-47,-47,2014-12,15.7,13.5,11.6,9.9,7.3,9.1,3.8,6.9,1.6,-12.6,3.0,0.0,3.7,7.1,-3.32,-1.89,2014.0,12.0,0.05713837880852202,-0.04621970853283708,0.02556789854753916,-0.030024033786657744,-0.0032703857500325784,-0.05966947223751995,-0.0031947957,0,0.0,0.2736667517049518,-0.32703566269373674
26,26,2015-02-27,915.02,969.893,911.983,964.458,FG8888.XZCE,True,2015,2,9,-46,-46,2015-01,15.7,13.5,11.6,9.9,7.3,9.1,3.8,6.9,1.6,-12.6,3.0,0.0,3.7,7.1,-4.32,-4.32,2015.0,1.0,-0.01963382542319103,0.05713837880852202,-0.04621970853283708,0.02556789854753916,-0.030024033786657744,-0.0032703857500325784,-0.044167213,-1,0.01963382542319103,0.29330057712814284,-0.34666948811692777
27,27,2015-03-31,968.492,982.84,913.056,945.522,FG8888.XZCE,True,2015,3,14,-45,-45,2015-02,13.9,10.6,9.7,9.9,7.3,4.8,3.8,3.1,-34.8,-32.8,6.1,-7.7,-2.1,4.6,-4.8,-4.56,2015.0,2.0,-0.02463824215618471,-0.01963382542319103,0.05713837880852202,-0.04621970853283708,0.02556789854753916,-0.030024033786657744,0.025560433,1,-0.02463824215618471,0.2686623349719581,-0.3713077302731125
28,28,2015-04-30,939.724,952.487,868.451,922.226,FG8888.XZCE,True,2015,4,18,-44,-44,2015-03,13.5,10.4,9.1,8.2,2.4,3.9,-0.2,1.8,-9.52,-16.11,-1.6,-7.0,3.5,4.7,-4.56,-4.56,2015.0,3.0,0.019340161739096473,-0.02463824215618471,-0.01963382542319103,0.05713837880852202,-0.04621970853283708,0.02556789854753916,-0.03923229,-1,-0.019340161739096473,0.24932217323286165,-0.351967568534016
29,29,2015-05-29,926.631,953.216,898.99,940.062,FG8888.XZCE,True,2015,5,22,-43,-43,2015-04,12.0,9.9,8.6,7.3,2.6,3.6,2.4,2.0,7.34,-10.59,-1.5,-1.4,-0.3,3.2,-4.57,-4.56,2015.0,4.0,-0.038418742593573585,0.019340161739096473,-0.02463824215618471,-0.01963382542319103,0.05713837880852202,-0.04621970853283708,-0.01934379,0,-0.0,0.24932217323286165,-0.3903863111275896
30,30,2015-06-30,944.131,965.299,902.723,903.946,FG8888.XZCE,True,2015,6,27,-42,-42,2015-05,11.4,10.0,8.3,7.2,2.7,3.4,3.1,2.2,-11.34,-14.97,-2.7,-5.7,-1.6,2.2,-4.61,-4.57,2015.0,5.0,-0.03868593920433305,-0.038418742593573585,0.019340161739096473,-0.02463824215618471,-0.01963382542319103,0.05713837880852202,0.056535766,1,-0.03868593920433305,0.2106362340285286,-0.42907225033192264
31,31,2015-07-31,902.544,917.194,800.689,868.976,FG8888.XZCE,True,2015,7,31,-41,-41,2015-06,11.4,9.7,8.3,8.4,4.0,3.5,4.9,2.7,-6.17,-13.53,-4.9,-10.7,0.7,2.0,-4.81,-4.61,2015.0,6.0,-0.029670554767910806,-0.03868593920433305,-0.038418742593573585,0.019340161739096473,-0.02463824215618471,-0.01963382542319103,-0.032798365,-1,0.029670554767910806,0.2403067887964394,-0.45874280509983345
32,32,2015-08-31,870.184,913.807,843.191,843.193,FG8888.XZCE,True,2015,8,36,-40,-40,2015-07,11.2,9.2,8.2,7.7,4.0,3.6,4.8,3.0,-4.2,-12.0,-5.7,-13.0,-11.2,0.2,-5.37,-4.72,2015.0,7.0,-0.037627209903308034,-0.029670554767910806,-0.03868593920433305,-0.038418742593573585,0.019340161739096473,-0.02463824215618471,-0.0377458,-1,0.037627209903308034,0.27793399869974744,-0.4963700150031415
33,33,2015-09-30,839.446,861.329,805.342,811.466,FG8888.XZCE,True,2015,9,40,-39,-39,2015-08,10.9,8.93,7.9,6.0,3.8,3.6,5.2,3.3,1.51,-9.9,-5.7,-7.6,-6.5,-0.5,-5.92,-4.87,2015.0,8.0,0.07968787355231144,-0.037627209903308034,-0.029670554767910806,-0.03868593920433305,-0.038418742593573585,0.019340161739096473,-0.037777152,-1,-0.07968787355231144,0.198246125147436,-0.41668214145083005
34,34,2015-10-30,817.281,877.994,813.094,876.13,FG8888.XZCE,True,2015,10,44,-38,-38,2015-09,10.3,8.32,7.6,5.8,2.2,3.4,3.8,3.4,-8.02,-9.67,-7.6,-15.5,-4.7,-0.9,-5.95,-4.99,2015.0,9.0,-0.039393697282366746,0.07968787355231144,-0.037627209903308034,-0.029670554767910806,-0.03868593920433305,-0.038418742593573585,-0.029865833,-1,0.039393697282366746,0.23763982242980275,-0.4560758387331968
35,35,2015-11-30,875.152,895.257,824.759,841.616,FG8888.XZCE,True,2015,11,49,-37,-37,2015-10,10.2,8.34,7.5,6.7,1.7,3.2,4.6,3.5,-5.55,-8.92,-8.06,-13.23,5.01,-0.35,-5.9,-5.1,2015.0,10.0,-0.010191108534058246,-0.039393697282366746,0.07968787355231144,-0.037627209903308034,-0.029670554767910806,-0.03868593920433305,-0.038259614,-1,0.010191108534058246,0.247830930963861,-0.46626694726725504
36,36,2015-12-31,838.248,853.98,814.985,833.039,FG8888.XZCE,True,2015,12,53,-36,-36,2015-11,10.2,8.43,7.5,7.2,2.5,3.1,2.2,3.4,-1.4,-8.3,-9.1,-20.0,16.0,1.4,-5.9,-5.2,2015.0,11.0,0.022839266829044025,-0.010191108534058246,-0.039393697282366746,0.07968787355231144,-0.037627209903308034,-0.029670554767910806,-0.037391666,-1,-0.022839266829044025,0.22499166413481697,-0.443427680438211
37,37,2016-01-29,834.441,873.416,821.53,852.065,FG8888.XZCE,True,2016,1,4,-35,-35,2015-12,10.0,8.1,7.4,6.2,1.2,2.9,3.2,3.4,12.1,-7.3,-9.3,-11.3,16.3,2.7,-5.9,-5.2,2015.0,12.0,0.07711735607025272,0.022839266829044025,-0.010191108534058246,-0.039393697282366746,0.07968787355231144,-0.037627209903308034,0.067787044,1,0.07711735607025272,0.3021090202050697,-0.3663103243679583
38,38,2016-02-29,853.381,924.15,843.62,917.774,FG8888.XZCE,True,2016,2,9,-34,-34,2016-01,10.0,8.1,7.4,6.2,1.2,2.9,3.2,3.4,12.1,-7.3,-9.3,-11.3,16.3,2.7,-5.3,-5.3,2016.0,1.0,0.016267621440572366,0.07711735607025272,0.022839266829044025,-0.010191108534058246,-0.039393697282366746,0.07968787355231144,-0.00403801,0,0.0,0.3021090202050697,-0.35004270292738593
39,39,2016-03-31,921.35,1019.431,914.792,932.704,FG8888.XZCE,True,2016,3,13,-33,-33,2016-02,10.2,7.5,8.2,6.2,1.2,3.9,3.2,3.5,12.1,15.6,-12.9,-11.3,16.3,5.3,-4.9,-5.1,2016.0,2.0,0.0744169640100183,0.016267621440572366,0.07711735607025272,0.022839266829044025,-0.010191108534058246,-0.039393697282366746,-0.009692581,0,0.0,0.3021090202050697,-0.27562573891736764
40,40,2016-04-29,934.271,1061.907,924.275,1002.113,FG8888.XZCE,True,2016,4,17,-32,-32,2016-03,10.7,6.4,8.3,8.2,6.0,4.8,4.1,3.8,15.1,15.8,-7.6,-1.5,8.9,6.5,-4.3,-4.8,2016.0,3.0,0.02370091995613266,0.0744169640100183,0.016267621440572366,0.07711735607025272,0.022839266829044025,-0.010191108534058246,0.07080806,1,0.02370091995613266,0.32580994016120235,-0.251924818961235
41,41,2016-05-31,1003.959,1035.716,929.358,1025.864,FG8888.XZCE,True,2016,5,22,-31,-31,2016-04,10.5,6.0,8.6,9.3,3.8,4.5,5.0,4.1,14.8,16.1,-7.1,-4.3,4.3,5.5,-3.4,-4.5,2016.0,4.0,0.060917431550380874,0.02370091995613266,0.0744169640100183,0.016267621440572366,0.07711735607025272,0.022839266829044025,0.023851112,1,0.060917431550380874,0.3867273717115832,-0.1910073874108541
42,42,2016-06-30,1026.597,1088.361,978.315,1088.357,FG8888.XZCE,True,2016,6,26,-30,-30,2016-05,9.6,4.6,8.6,8.6,4.2,4.4,5.7,4.5,8.9,5.8,-8.2,-9.0,4.1,5.6,-2.8,-4.1,2016.0,5.0,-0.010627027712414194,0.060917431550380874,0.02370091995613266,0.0744169640100183,0.016267621440572366,0.07711735607025272,0.024015548,1,-0.010627027712414194,0.37610034399916903,-0.2016344151232683
43,43,2016-07-29,1094.943,1142.82,1053.536,1076.791,FG8888.XZCE,True,2016,7,30,-29,-29,2016-06,9.0,3.3,8.7,8.9,4.9,4.5,6.9,4.9,0.2,6.2,-6.7,-1.4,8.1,6.0,-2.6,-3.9,2016.0,6.0,0.08231123774251459,-0.010627027712414194,0.060917431550380874,0.02370091995613266,0.0744169640100183,0.016267621440572366,0.04540794,1,0.08231123774251459,0.4584115817416836,-0.11932317738075371
44,44,2016-08-31,1077.683,1231.35,1071.411,1165.423,FG8888.XZCE,True,2016,8,35,-28,-28,2016-07,8.1,3.0,8.8,9.7,3.6,4.4,5.6,5.0,4.0,4.6,-6.0,-1.6,25.4,8.1,-1.7,-3.6,2016.0,7.0,-0.08811650362143186,0.08231123774251459,-0.010627027712414194,0.060917431550380874,0.02370091995613266,0.0744169640100183,-0.008261588,0,-0.0,0.4584115817416836,-0.20743968100218557
45,45,2016-09-30,1164.541,1211.648,1058.012,1062.73,FG8888.XZCE,True,2016,9,39,-27,-27,2016-08,8.1,2.8,9.0,9.8,5.7,4.6,7.5,5.4,3.8,4.0,-2.9,10.9,24.7,10.0,-0.8,-3.2,2016.0,8.0,0.04057756909092625,-0.08811650362143186,0.08231123774251459,-0.010627027712414194,0.060917431550380874,0.02370091995613266,0.081767656,1,0.04057756909092625,0.49898915083260986,-0.16686211191125933
46,46,2016-10-31,1054.849,1137.812,1046.258,1105.853,FG8888.XZCE,True,2016,10,44,-26,-26,2016-09,8.2,3.1,8.8,7.9,7.0,4.9,7.8,5.7,3.0,3.6,-2.4,14.1,31.5,12.3,0.1,-2.9,2016.0,9.0,0.10674746100973631,0.04057756909092625,-0.08811650362143186,0.08231123774251459,-0.010627027712414194,0.060917431550380874,0.040742565,1,0.10674746100973631,0.6057366118423462,-0.060114650901523015
47,47,2016-11-30,1102.883,1336.973,1097.229,1223.9,FG8888.XZCE,True,2016,11,48,-25,-25,2016-10,8.3,3.1,8.7,7.6,8.2,5.3,8.3,6.0,4.6,3.5,-0.5,16.9,18.0,12.7,1.2,-2.5,2016.0,10.0,-0.0018424707900973614,0.10674746100973631,0.04057756909092625,-0.08811650362143186,0.08231123774251459,-0.010627027712414194,-0.08482378,-1,0.0018424707900973614,0.6075790826324435,-0.061957121691620376
48,48,2016-12-30,1228.546,1388.006,1182.085,1221.645,FG8888.XZCE,True,2016,12,52,-24,-24,2016-11,8.3,3.6,8.5,6.6,8.6,5.7,10.7,6.5,6.2,3.8,1.4,20.3,17.8,13.3,3.3,-2.0,2016.0,11.0,0.08232424313118769,-0.0018424707900973614,0.10674746100973631,0.04057756909092625,-0.08811650362143186,0.08231123774251459,-0.04461779,-1,-0.08232424313118769,0.5252548395012558,0.020367121439567315
49,49,2017-01-26,1224.514,1331.519,1177.355,1322.216,FG8888.XZCE,True,2017,1,4,-23,-23,2016-12,8.1,4.2,8.2,4.7,8.4,5.9,8.0,6.7,9.2,4.7,2.2,4.6,12.7,13.1,5.5,-1.4,2016.0,12.0,0.002827072127398189,0.08232424313118769,-0.0018424707900973614,0.10674746100973631,0.04057756909092625,-0.08811650362143186,0.0047323615,0,0.0,0.5252548395012558,0.023194193566965504
50,50,2017-02-28,1343.635,1424.42,1268.593,1325.954,FG8888.XZCE,True,2017,2,9,-22,-22,2017-01,8.1,4.2,8.2,4.7,8.4,5.9,8.0,6.7,9.2,4.7,2.2,4.6,12.7,13.1,6.9,6.9,2017.0,1.0,-0.02056557014798399,0.002827072127398189,0.08232424313118769,-0.0018424707900973614,0.10674746100973631,0.04057756909092625,0.04075119,1,-0.02056557014798399,0.5046892693532719,0.0026286234189815127
51,51,2017-03-31,1327.484,1346.318,1179.862,1298.685,FG8888.XZCE,True,2017,3,13,-21,-21,2017-02,8.9,4.3,8.4,4.7,8.4,10.6,8.0,11.5,9.2,1.2,3.1,4.6,12.7,11.1,7.8,7.3,2017.0,2.0,-0.0018118327385007182,-0.02056557014798399,0.002827072127398189,0.08232424313118769,-0.0018424707900973614,0.10674746100973631,0.0822782,1,-0.0018118327385007182,0.5028774366147711,0.0008167906804807945
52,52,2017-04-28,1308.146,1320.372,1184.615,1296.332,FG8888.XZCE,True,2017,4,17,-20,-20,2017-03,9.2,5.8,8.7,9.1,10.6,10.6,13.5,12.4,9.0,4.3,3.4,1.5,4.8,9.0,7.6,7.4,2017.0,3.0,0.0031026002598100177,-0.0018118327385007182,-0.02056557014798399,0.002827072127398189,0.08232424313118769,-0.0018424707900973614,-0.00023899472,0,0.0,0.5028774366147711,0.003919390940290812
53,53,2017-05-31,1305.125,1387.435,1212.559,1300.354,FG8888.XZCE,True,2017,5,22,-19,-19,2017-04,8.9,4.9,8.3,7.2,10.8,10.7,12.0,12.2,10.1,5.3,5.8,12.5,0.3,6.9,6.4,7.2,2017.0,4.0,0.04211622373599799,0.0031026002598100177,-0.0018118327385007182,-0.02056557014798399,0.002827072127398189,0.08232424313118769,-0.01873544,0,0.0,0.5028774366147711,0.046035614676288805
54,54,2017-06-30,1299.355,1356.342,1256.958,1355.12,FG8888.XZCE,True,2017,6,26,-18,-18,2017-05,8.6,5.1,8.1,7.4,11.5,10.8,11.1,12.0,1.8,4.0,10.1,16.7,4.1,6.4,5.5,6.8,2017.0,5.0,0.04398872424582345,0.04211622373599799,0.0031026002598100177,-0.0018118327385007182,-0.02056557014798399,0.002827072127398189,-0.0013019766,0,0.0,0.5028774366147711,0.09002433892211226
55,55,2017-07-31,1352.229,1441.601,1331.626,1414.73,FG8888.XZCE,True,2017,7,31,-17,-17,2017-06,8.6,5.5,8.3,9.2,12.3,11.2,12.0,12.0,-1.0,3.9,8.7,7.2,6.2,6.3,5.5,6.6,2017.0,6.0,0.0034260954387055342,0.04398872424582345,0.04211622373599799,0.0031026002598100177,-0.0018118327385007182,-0.02056557014798399,0.043414097,1,0.0034260954387055342,0.5063035320534767,0.09345043436081779
56,56,2017-08-31,1411.066,1464.791,1371.363,1419.577,FG8888.XZCE,True,2017,8,35,-16,-16,2017-07,8.3,4.8,7.9,5.4,11.5,11.2,11.9,12.1,2.8,3.6,5.2,6.8,4.3,6.0,5.5,6.4,2017.0,7.0,-0.0787875543207589,0.0034260954387055342,0.04398872424582345,0.04211622373599799,0.0031026002598100177,-0.0018118327385007182,0.0035494517,0,-0.0,0.5063035320534767,0.01466288004005889
57,57,2017-09-29,1421.301,1438.715,1303.652,1307.732,FG8888.XZCE,True,2017,9,39,-15,-15,2017-08,7.8,4.5,7.4,4.4,10.7,11.1,12.1,12.1,7.8,2.3,7.8,7.9,4.7,5.9,6.3,6.4,2017.0,8.0,0.002499747654718165,-0.0787875543207589,0.0034260954387055342,0.04398872424582345,0.04211622373599799,0.0031026002598100177,0.0037328673,0,0.0,0.5063035320534767,0.017162627694777055
58,58,2017-10-31,1318.434,1394.486,1288.135,1311.001,FG8888.XZCE,True,2017,10,44,-14,-14,2017-09,7.5,4.2,7.2,5.2,10.6,11.1,11.3,12.0,4.6,4.3,7.4,3.0,3.1,4.9,6.9,6.5,2017.0,9.0,0.11113721499831053,0.002499747654718165,-0.0787875543207589,0.0034260954387055342,0.04398872424582345,0.04211622373599799,0.04199168,1,0.11113721499831053,0.6174407470517872,0.12829984269308758
59,59,2017-11-30,1322.943,1506.258,1313.468,1456.702,FG8888.XZCE,True,2017,11,48,-13,-13,2017-10,7.3,4.1,6.9,4.4,9.6,10.9,12.3,12.1,-2.5,0.7,7.3,6.3,0.6,5.3,6.9,6.5,2017.0,10.0,0.0214697309401648,0.11113721499831053,0.002499747654718165,-0.0787875543207589,0.0034260954387055342,0.04398872424582345,0.043847334,1,0.0214697309401648,0.638910477991952,0.14976957363325238
60,60,2017-12-29,1455.071,1523.328,1445.27,1487.977,FG8888.XZCE,True,2017,12,52,-12,-12,2017-11,7.2,4.1,6.6,4.4,8.9,10.7,10.1,11.9,-12.8,-1.1,7.3,10.5,1.8,4.1,5.8,6.4,2017.0,11.0,-0.0024724844537248325,0.0214697309401648,0.11113721499831053,0.002499747654718165,-0.0787875543207589,0.0034260954387055342,-0.075021565,-1,0.0024724844537248325,0.6413829624456768,0.14729708917952755
61,61,2018-01-31,1489.419,1518.33,1444.733,1484.298,FG8888.XZCE,True,2018,1,5,-11,-11,2017-12,7.2,4.8,6.6,5.7,8.5,10.5,10.7,11.8,-6.8,-0.8,6.8,11.5,0.4,3.2,4.9,6.3,2017.0,12.0,0.011587295812566012,-0.0024724844537248325,0.0214697309401648,0.11113721499831053,0.002499747654718165,-0.0787875543207589,-0.07128072,-1,-0.011587295812566012,0.6297956666331108,0.15888438499209356
62,62,2018-02-28,1485.82,1524.47,1442.965,1501.497,FG8888.XZCE,True,2018,2,9,-10,-10,2018-01,7.2,4.8,6.6,5.7,8.5,10.5,10.7,11.8,-6.8,-0.8,6.8,11.5,0.4,3.2,4.3,4.3,2018.0,1.0,-0.06448830733594546,0.011587295812566012,-0.0024724844537248325,0.0214697309401648,0.11113721499831053,0.002499747654718165,0.021980448,1,-0.06448830733594546,0.5653073592971654,0.0943960776561481
63,63,2018-03-30,1499.912,1511.895,1335.639,1404.668,FG8888.XZCE,True,2018,3,13,-9,-9,2018-02,7.9,4.3,5.5,5.7,8.5,9.1,10.7,10.3,-6.8,4.6,6.1,11.5,0.4,-5.0,3.7,4.0,2018.0,2.0,-0.02139010784042905,-0.06448830733594546,0.011587295812566012,-0.0024724844537248325,0.0214697309401648,0.11113721499831053,0.024225563,1,-0.02139010784042905,0.5439172514567363,0.07300596981571905
64,64,2018-04-27,1404.761,1415.874,1338.81,1374.622,FG8888.XZCE,True,2018,4,17,-8,-8,2018-03,7.5,3.8,4.5,2.8,6.8,8.2,11.4,10.7,-14.4,-3.1,3.1,-2.0,0.9,-2.6,3.1,3.7,2018.0,3.0,0.04006483236846181,-0.02139010784042905,-0.06448830733594546,0.011587295812566012,-0.0024724844537248325,0.0214697309401648,-0.04011889,-1,-0.04006483236846181,0.5038524190882745,0.11307080218418086
65,65,2018-05-31,1374.781,1437.755,1338.666,1429.696,FG8888.XZCE,True,2018,5,22,-7,-7,2018-04,7.0,4.8,4.7,5.4,9.7,8.6,13.2,11.4,-6.4,-4.2,6.3,12.0,10.8,0.4,3.4,3.6,2018.0,4.0,0.013084599803035113,0.04006483236846181,-0.02139010784042905,-0.06448830733594546,0.011587295812566012,-0.0024724844537248325,-0.0019904806,0,0.0,0.5038524190882745,0.12615540198721598
66,66,2018-06-29,1429.838,1479.052,1411.655,1448.403,FG8888.XZCE,True,2018,6,26,-6,-6,2018-05,6.1,5.2,4.2,2.5,6.6,8.2,9.6,11.0,-14.8,-9.5,5.5,6.1,9.5,2.0,4.1,3.7,2018.0,5.0,0.006670795351846115,0.013084599803035113,0.04006483236846181,-0.02139010784042905,-0.06448830733594546,0.011587295812566012,0.011762386,0,0.0,0.5038524190882745,0.1328261973390621
67,67,2018-07-31,1444.266,1479.856,1431.97,1458.065,FG8888.XZCE,True,2018,7,31,-5,-5,2018-06,6.0,6.8,3.7,1.4,6.8,7.9,11.5,11.1,-4.8,-8.2,6.1,-2.1,5.3,3.5,4.7,3.9,2018.0,6.0,-0.014674928758320216,0.006670795351846115,0.013084599803035113,0.04006483236846181,-0.02139010784042905,-0.06448830733594546,-0.03401273,-1,0.014674928758320216,0.5185273478465947,0.11815126858074187
68,68,2018-08-31,1456.476,1500.528,1407.584,1436.668,FG8888.XZCE,True,2018,8,35,-4,-4,2018-07,5.5,7.3,3.6,2.5,6.9,7.8,11.2,11.1,-8.6,-2.7,7.1,2.4,-0.5,3.2,4.6,4.0,2018.0,7.0,-0.06428555518741974,-0.014674928758320216,0.006670795351846115,0.013084599803035113,0.04006483236846181,-0.02139010784042905,-0.013574147,0,-0.0,0.5185273478465947,0.053865713393322134
69,69,2018-09-28,1435.447,1437.4,1326.063,1344.311,FG8888.XZCE,True,2018,9,39,-3,-3,2018-08,5.3,7.5,3.7,4.4,5.9,7.6,9.8,10.9,-10.3,-6.7,5.0,-2.3,-4.4,2.2,4.1,4.0,2018.0,8.0,-0.018720370509502593,-0.06428555518741974,-0.014674928758320216,0.006670795351846115,0.013084599803035113,0.04006483236846181,0.039479345,1,-0.018720370509502593,0.4998069773370921,0.03514534288381954
70,70,2018-10-31,1346.053,1348.327,1289.747,1319.145,FG8888.XZCE,True,2018,10,44,-2,-2,2018-09,5.4,8.7,3.7,3.7,6.1,7.4,9.7,10.8,-16.2,-8.2,4.6,0.0,-10.6,0.6,3.6,4.0,2018.0,9.0,-0.039778796114149695,-0.018720370509502593,-0.06428555518741974,-0.014674928758320216,0.006670795351846115,0.013084599803035113,-0.018175125,0,-0.0,0.4998069773370921,-0.0046334532303301534
71,71,2018-11-30,1317.887,1330.86,1232.421,1266.671,FG8888.XZCE,True,2018,11,48,-1,-1,2018-10,5.7,9.1,3.7,3.1,6.8,7.4,8.1,10.5,-13.1,-8.7,0.7,-9.8,-9.2,-0.4,3.3,3.9,2018.0,10.0,0.02107808578549597,-0.039778796114149695,-0.018720370509502593,-0.06428555518741974,-0.014674928758320216,0.006670795351846115,-0.024216004,-1,-0.02107808578549597,0.47872889155159615,0.016444632555165817
72,72,2018-12-28,1267.316,1316.532,1263.317,1293.37,FG8888.XZCE,True,2018,12,52,0,0,2018-11,5.9,9.5,3.7,3.9,6.7,7.3,12.4,10.7,-9.4,-9.0,0.2,-15.6,-16.7,-2.3,2.7,3.8,2018.0,11.0,0.053062155454355775,0.02107808578549597,-0.039778796114149695,-0.018720370509502593,-0.06428555518741974,-0.014674928758320216,-0.01475393,0,0.0,0.47872889155159615,0.06950678800952159
73,73,2019-01-31,1298.0,1367.48,1281.15,1361.999,FG8888.XZCE,True,2019,1,5,1,1,2018-12,5.9,9.5,3.8,4.0,6.5,7.2,11.7,10.9,0.3,-14.7,0.4,-17.4,-14.9,-3.8,0.9,3.5,2018.0,12.0,-0.031480199324669056,0.053062155454355775,0.02107808578549597,-0.039778796114149695,-0.018720370509502593,-0.06428555518741974,0.02592432,1,-0.031480199324669056,0.4472486922269271,0.038026588684852536
74,74,2019-02-28,1362.444,1389.589,1316.443,1319.123,FG8888.XZCE,True,2019,2,9,2,2,2019-01,5.9,9.5,3.8,4.0,6.5,7.2,11.7,10.9,0.3,-14.7,0.4,-17.4,-14.9,-3.8,0.1,0.1,2019.0,1.0,-0.02000874823651777,-0.031480199324669056,0.053062155454355775,0.02107808578549597,-0.039778796114149695,-0.018720370509502593,-0.028510785,-1,0.02000874823651777,0.46725744046344486,0.018017840448334765
75,75,2019-03-29,1314.594,1329.518,1263.989,1292.729,FG8888.XZCE,True,2019,3,13,3,3,2019-02,6.1,5.9,8.5,4.0,6.5,4.4,11.7,10.0,0.3,0.9,0.0,-17.4,-14.9,-15.1,0.1,0.1,2019.0,2.0,0.045055846971793656,-0.02000874823651777,-0.031480199324669056,0.053062155454355775,0.02107808578549597,-0.039778796114149695,-0.030796798,-1,-0.045055846971793656,0.4222015934916512,0.06307368742012842
76,76,2019-04-30,1296.611,1364.696,1278.947,1350.974,FG8888.XZCE,True,2019,4,18,4,4,2019-03,6.3,4.6,11.0,14.6,14.1,8.4,16.4,12.6,10.8,3.7,-6.9,-5.7,-2.6,-10.4,0.4,0.2,2019.0,3.0,0.01605360280804824,0.045055846971793656,-0.02000874823651777,-0.031480199324669056,0.053062155454355775,0.02107808578549597,0.013120942,0,0.0,0.4222015934916512,0.07912729022817666
77,77,2019-05-31,1347.767,1420.467,1326.67,1372.662,FG8888.XZCE,True,2019,5,22,5,5,2019-04,6.1,2.5,8.9,3.3,2.0,6.7,2.8,10.1,-1.9,-40.8,-7.1,-25.0,-15.8,-11.8,0.9,0.3,2019.0,4.0,0.08018725658610792,0.01605360280804824,0.045055846971793656,-0.02000874823651777,-0.031480199324669056,0.053062155454355775,-0.019603549,0,0.0,0.4222015934916512,0.15931454681428459
78,78,2019-06-28,1371.779,1506.406,1352.394,1482.732,FG8888.XZCE,True,2019,6,26,6,6,2019-05,5.6,2.7,8.4,6.5,2.5,5.7,4.9,9.0,-3.1,-30.1,-9.0,-17.4,-21.5,-14.1,0.6,0.4,2019.0,5.0,-0.021229729984919787,0.08018725658610792,0.01605360280804824,0.045055846971793656,-0.02000874823651777,-0.031480199324669056,-0.00073499593,0,-0.0,0.4222015934916512,0.1380848168293648
79,79,2019-07-31,1486.782,1509.338,1447.59,1451.254,FG8888.XZCE,True,2019,7,31,7,7,2019-06,5.8,3.0,7.9,5.7,2.6,5.1,5.3,8.3,-2.9,-23.7,-10.5,-14.0,-15.2,-14.2,0.0,0.3,2019.0,6.0,-0.04676025010094709,-0.021229729984919787,0.08018725658610792,0.01605360280804824,0.045055846971793656,-0.02000874823651777,-0.019627497,0,-0.0,0.4222015934916512,0.09132456672841771
80,80,2019-08-30,1451.347,1461.043,1380.947,1383.393,FG8888.XZCE,True,2019,8,35,8,8,2019-07,5.7,3.3,7.3,4.2,0.7,4.5,4.0,7.7,-11.4,-18.9,-11.7,-17.4,-11.5,-12.8,-0.3,0.2,2019.0,7.0,0.05106430349148794,-0.04676025010094709,-0.021229729984919787,0.08018725658610792,0.01605360280804824,0.045055846971793656,-0.016833799,0,0.0,0.4222015934916512,0.14238887021990565
81,81,2019-09-30,1377.416,1477.809,1374.414,1454.035,FG8888.XZCE,True,2019,9,40,9,9,2019-08,5.5,2.6,6.4,0.9,0.0,3.9,3.3,7.1,-15.0,-20.5,-16.7,-21.3,-0.6,-12.5,-0.8,0.1,2019.0,8.0,0.015369643784365561,0.05106430349148794,-0.04676025010094709,-0.021229729984919787,0.08018725658610792,0.01605360280804824,0.016393598,0,0.0,0.4222015934916512,0.1577585140042712
82,82,2019-10-31,1451.727,1512.113,1427.49,1476.383,FG8888.XZCE,True,2019,10,44,10,10,2019-09,5.4,2.5,6.0,2.6,3.5,3.9,7.0,7.1,-16.5,-1.8,-16.2,-17.8,-6.9,-12.0,-1.2,0.0,2019.0,9.0,-0.017711528783520336,0.015369643784365561,0.05106430349148794,-0.04676025010094709,-0.021229729984919787,0.08018725658610792,0.055888627,1,-0.017711528783520336,0.40449006470813087,0.14004698522075087
83,83,2019-11-29,1476.325,1491.844,1421.763,1450.234,FG8888.XZCE,True,2019,11,48,11,11,2019-10,5.2,2.6,5.7,3.1,3.1,3.9,5.0,6.9,-2.8,-2.8,-16.9,-13.5,-2.1,-11.1,-1.6,-0.2,2019.0,10.0,0.01937894160528586,-0.017711528783520336,0.015369643784365561,0.05106430349148794,-0.04676025010094709,-0.021229729984919787,-0.019339152,0,0.0,0.40449006470813087,0.15942592682603673
84,84,2019-12-31,1446.862,1493.764,1434.213,1478.338,FG8888.XZCE,True,2019,12,1,12,12,2019-11,5.2,2.5,5.7,6.0,6.2,4.1,7.0,7.0,2.4,-2.5,-17.7,-13.2,3.7,-9.6,-1.4,-0.3,2019.0,11.0,-0.0037961548712134308,0.01937894160528586,-0.017711528783520336,0.015369643784365561,0.05106430349148794,-0.04676025010094709,0.01570488,0,-0.0,0.40449006470813087,0.1556297719548233
85,85,2020-01-23,1478.746,1523.897,1471.732,1472.726,FG8888.XZCE,True,2020,1,4,13,13,2019-12,5.4,3.1,5.8,6.3,4.9,4.3,6.5,6.9,-1.1,-5.7,-18.8,-14.3,8.1,-8.0,-0.5,-0.3,2019.0,12.0,-0.04654429948272798,-0.0037961548712134308,0.01937894160528586,-0.017711528783520336,0.015369643784365561,0.05106430349148794,0.019443024,0,-0.0,0.40449006470813087,0.10908547247209532
86,86,2020-02-28,1383.552,1452.827,1373.69,1404.179,FG8888.XZCE,True,2020,2,9,14,14,2020-01,5.4,3.1,5.8,6.3,4.9,4.3,6.5,6.9,-1.1,-5.7,-18.8,-14.3,8.1,-8.0,0.1,0.1,2020.0,1.0,-0.07868797354183488,-0.04654429948272798,-0.0037961548712134308,0.01937894160528586,-0.017711528783520336,0.015369643784365561,-0.030443333,-1,0.07868797354183488,0.48317803824996575,0.030397498930260447
87,87,2020-03-31,1406.162,1439.844,1275.414,1293.687,FG8888.XZCE,True,2020,3,14,15,15,2020-02,-24.5,-31.5,-26.9,6.3,4.9,-28.2,6.5,-24.4,-1.1,-31.5,-44.6,-14.3,8.1,-45.8,-0.4,-0.2,2020.0,2.0,-0.022501578820843027,-0.07868797354183488,-0.04654429948272798,-0.0037961548712134308,0.01937894160528586,-0.017711528783520336,-0.035404745,-1,0.022501578820843027,0.5056796170708088,0.00789592010941742
88,88,2020-04-30,1289.763,1292.811,1178.67,1264.577,FG8888.XZCE,True,2020,4,18,16,16,2020-03,-16.1,-25.2,-15.0,-1.6,-5.4,-17.2,-2.2,-13.5,-16.2,-21.3,-29.4,-21.7,-43.0,-44.6,-1.5,-0.6,2020.0,3.0,0.12894509389305675,-0.022501578820843027,-0.07868797354183488,-0.04654429948272798,-0.0037961548712134308,0.01937894160528586,-0.046071917,-1,-0.12894509389305675,0.376734523177752,0.13684101400247417
89,89,2020-05-29,1271.392,1438.614,1264.975,1427.638,FG8888.XZCE,True,2020,5,22,17,17,2020-04,-10.3,-18.8,-7.3,8.9,7.5,-9.0,14.3,-4.2,-5.8,-16.4,-19.9,11.4,5.1,-32.3,-3.1,-1.2,2020.0,4.0,0.03282554821320249,0.12894509389305675,-0.022501578820843027,-0.07868797354183488,-0.04654429948272798,-0.0037961548712134308,-0.0221243,-1,-0.03282554821320249,0.34390897496454953,0.16966656221567666
90,90,2020-06-30,1428.088,1482.497,1409.681,1474.501,FG8888.XZCE,True,2020,6,27,18,18,2020-05,-6.3,-14.8,-4.7,3.6,7.3,-4.9,16.4,1.0,-9.8,-18.9,-14.8,17.1,19.0,-23.6,-3.7,-1.7,2020.0,5.0,0.13442310313794303,0.03282554821320249,0.12894509389305675,-0.022501578820843027,-0.07868797354183488,-0.04654429948272798,-0.04602525,-1,-0.13442310313794303,0.2094858718266065,0.3040896653536197
91,91,2020-07-31,1471.465,1723.597,1470.57,1672.708,FG8888.XZCE,True,2020,7,31,19,19,2020-06,-3.1,-11.7,-3.1,2.6,7.4,-2.3,9.6,2.9,-18.2,-25.6,-7.7,15.4,20.4,-16.5,-3.0,-1.9,2020.0,6.0,0.1067317188654564,0.13442310313794303,0.03282554821320249,0.12894509389305675,-0.022501578820843027,-0.07868797354183488,0.07044092,1,0.1067317188654564,0.3162175906920629,0.4108213842190761
92,92,2020-08-31,1677.054,1889.842,1672.534,1851.239,FG8888.XZCE,True,2020,8,36,20,20,2020-07,-1.6,-10.2,-1.2,7.8,9.6,-0.3,10.2,4.1,-17.3,-24.8,-9.1,14.7,26.8,-9.7,-2.4,-2.0,2020.0,7.0,-0.06368653642236366,0.1067317188654564,0.13442310313794303,0.03282554821320249,0.12894509389305675,-0.022501578820843027,0.040214494,1,-0.06368653642236366,0.25253105426969924,0.34713484779671244
93,93,2020-09-30,1852.926,1856.984,1599.883,1733.34,FG8888.XZCE,True,2020,9,40,21,21,2020-08,-0.3,-8.1,0.2,9.9,10.9,1.2,8.0,4.6,-17.4,-23.3,-6.7,11.8,7.6,-9.0,-2.0,-2.0,2020.0,8.0,-0.002425952207876114,-0.06368653642236366,0.1067317188654564,0.13442310313794303,0.03282554821320249,0.12894509389305675,0.062539205,1,-0.002425952207876114,0.2501051020618231,0.34470889558883633
94,94,2020-10-30,1743.193,1780.588,1668.801,1729.135,FG8888.XZCE,True,2020,10,44,22,22,2020-09,0.8,-6.5,1.8,12.6,12.5,2.6,8.0,5.1,-9.0,-20.0,-2.7,20.6,13.8,-6.1,-2.1,-2.0,2020.0,9.0,0.04715941785921873,-0.002425952207876114,-0.06368653642236366,0.1067317188654564,0.13442310313794303,0.03282554821320249,-0.001770366,0,0.0,0.2501051020618231,0.39186831344805506
95,95,2020-11-30,1731.152,1854.73,1698.05,1810.68,FG8888.XZCE,True,2020,11,49,23,23,2020-10,1.8,-5.3,3.1,14.1,13.1,3.7,8.0,5.4,-7.1,-18.1,0.6,29.0,11.1,-4.1,-2.1,-2.0,2020.0,10.0,0.028360063622506315,0.04715941785921873,-0.002425952207876114,-0.06368653642236366,0.1067317188654564,0.13442310313794303,0.06946342,1,0.028360063622506315,0.27846516568432944,0.4202283770705614
96,96,2020-12-31,1814.382,2007.961,1793.223,1862.031,FG8888.XZCE,True,2020,12,53,24,24,2020-11,2.6,-3.5,4.3,13.8,10.2,4.4,10.5,6.0,50.9,21.0,4.1,25.7,8.1,-2.7,-1.5,-2.0,2020.0,11.0,-0.039500416480713785,0.028360063622506315,0.04715941785921873,-0.002425952207876114,-0.06368653642236366,0.1067317188654564,0.028901795,1,-0.039500416480713785,0.23896474920361566,0.3807279605898476
97,97,2021-01-29,1850.289,1880.439,1687.01,1788.48,FG8888.XZCE,True,2021,1,4,25,25,2020-12,2.9,-2.2,5.2,13.0,11.1,5.1,8.7,6.3,13.4,-1.2,5.9,32.4,6.5,-1.4,-0.4,-1.8,2020.0,12.0,0.13545301037752733,-0.039500416480713785,0.028360063622506315,0.04715941785921873,-0.002425952207876114,-0.06368653642236366,-0.0020572285,0,0.0,0.23896474920361566,0.5161809709673749
98,98,2021-02-26,1786.08,2062.705,1760.638,2030.735,FG8888.XZCE,True,2021,2,8,26,26,2021-01,2.9,-2.2,5.2,13.0,11.1,5.1,8.7,6.3,13.4,-1.2,5.9,32.4,6.5,-1.4,0.3,0.3,2021.0,1.0,0.026269306433384987,0.13545301037752733,-0.039500416480713785,0.028360063622506315,0.04715941785921873,-0.002425952207876114,0.047051236,1,0.026269306433384987,0.26523405563700064,0.5424502774007599
99,99,2021-03-31,2027.467,2136.764,1916.246,2084.081,FG8888.XZCE,True,2021,3,13,27,27,2021-02,35.0,37.3,59.5,13.0,11.1,62.4,8.7,59.2,13.4,59.0,85.4,32.4,6.5,89.9,1.7,1.0,2021.0,2.0,0.15914592571018105,0.026269306433384987,0.13545301037752733,-0.039500416480713785,0.028360063622506315,0.04715941785921873,-0.036415223,-1,-0.15914592571018105,0.1060881299268196,0.701596203110941
100,100,2021-04-30,2072.883,2416.71,2067.935,2415.754,FG8888.XZCE,True,2021,4,17,28,28,2021-03,25.6,29.8,40.2,22.5,20.2,39.9,17.9,37.2,62.3,63.2,67.4,42.9,69.8,81.7,4.4,2.1,2021.0,3.0,0.09585495874165995,0.15914592571018105,0.026269306433384987,0.13545301037752733,-0.039500416480713785,0.028360063622506315,-0.0368328,-1,-0.09585495874165995,0.01023317118515965,0.7974511618526009
101,101,2021-05-31,2442.083,2929.145,2428.599,2647.316,FG8888.XZCE,True,2021,5,22,29,29,2021-04,19.9,23.8,33.9,21.0,14.9,31.6,10.2,28.2,19.1,32.2,57.7,37.2,6.8,53.4,6.8,3.3,2021.0,4.0,0.05502554285170347,0.09585495874165995,0.15914592571018105,0.026269306433384987,0.13545301037752733,-0.039500416480713785,0.09326781,1,0.05502554285170347,0.06525871403686312,0.8524767047043044
102,102,2021-06-30,2651.141,2825.443,2547.836,2792.986,FG8888.XZCE,True,2021,6,26,30,30,2021-05,15.4,20.4,30.5,19.2,13.8,27.2,5.9,22.6,11.9,27.4,48.8,31.8,-4.0,38.4,9.0,4.4,2021.0,5.0,0.04292001463666484,0.05502554285170347,0.09585495874165995,0.15914592571018105,0.026269306433384987,0.13545301037752733,0.13591687,1,0.04292001463666484,0.10817872867352796,0.8953967193409692
103,103,2021-07-30,2784.403,3129.858,2742.423,2912.861,FG8888.XZCE,True,2021,7,30,31,31,2021-06,12.6,19.2,28.2,19.7,13.9,24.3,10.5,20.1,0.6,22.0,45.6,29.5,-13.1,26.4,8.8,5.1,2021.0,6.0,-0.10675174682211064,0.04292001463666484,0.05502554285170347,0.09585495874165995,0.15914592571018105,0.026269306433384987,0.0432991,1,-0.10675174682211064,0.0014269818514173194,0.7886449725188586
104,104,2021-08-31,2892.516,2901.549,2578.461,2601.908,FG8888.XZCE,True,2021,8,35,32,32,2021-07,10.3,17.3,25.5,12.7,7.6,21.5,5.3,17.8,-2.0,18.2,44.2,27.5,-15.8,18.9,9.0,5.7,2021.0,7.0,-0.1456319746893433,-0.10675174682211064,0.04292001463666484,0.05502554285170347,0.09585495874165995,0.15914592571018105,0.10443316,1,-0.1456319746893433,-0.14420499283792598,0.6430129978295153
105,105,2021-09-30,2590.392,2748.708,2170.091,2222.987,FG8888.XZCE,True,2021,9,39,33,33,2021-08,8.9,15.7,23.5,11.8,6.7,19.4,8.7,16.5,-7.7,14.5,40.6,23.1,-19.1,13.5,9.5,6.2,2021.0,8.0,-0.17093262353760952,-0.1456319746893433,-0.10675174682211064,0.04292001463666484,0.05502554285170347,0.09585495874165995,-0.14252481,-1,0.17093262353760952,0.026727630699683536,0.47208037429190575
106,106,2021-10-29,2248.459,2440.194,1818.755,1843.006,FG8888.XZCE,True,2021,10,43,34,34,2021-09,7.3,14.8,21.2,6.8,3.0,17.1,8.8,15.5,-0.7,12.5,38.4,2.1,-13.7,9.4,10.7,6.7,2021.0,9.0,-0.001837215939611836,-0.17093262353760952,-0.1456319746893433,-0.10675174682211064,0.04292001463666484,0.05502554285170347,-0.16820438,-1,0.001837215939611836,0.02856484663929537,0.4702431583522939
107,107,2021-11-30,1840.996,1908.15,1619.722,1839.62,FG8888.XZCE,True,2021,11,48,35,35,2021-10,6.1,14.2,19.4,6.7,1.0,15.2,7.2,14.6,-6.7,10.0,31.9,4.8,-8.3,7.1,13.5,7.3,2021.0,10.0,-0.06590980746023622,-0.001837215939611836,-0.17093262353760952,-0.1456319746893433,-0.10675174682211064,0.04292001463666484,-0.0646223,-1,0.06590980746023622,0.0944746540995316,0.4043333508920577
108,108,2021-12-31,1840.037,1977.608,1698.656,1718.371,FG8888.XZCE,True,2021,12,52,36,36,2021-11,5.2,13.7,17.5,3.5,2.8,13.8,4.0,13.3,5.2,14.8,29.9,2.1,-7.1,5.3,12.9,7.9,2021.0,11.0,0.2975300444432545,-0.06590980746023622,-0.001837215939611836,-0.17093262353760952,-0.1456319746893433,-0.10675174682211064,-0.10636683,-1,-0.2975300444432545,-0.20305539034372289,0.7018633953353122
109,109,2022-01-28,1712.867,2259.342,1706.483,2229.638,FG8888.XZCE,True,2022,1,4,37,37,2021-12,4.9,13.5,16.0,4.6,1.5,12.4,7.4,12.6,5.9,10.2,29.2,5.8,3.4,4.8,10.3,8.1,2021.0,12.0,-0.15035176113790671,0.2975300444432545,-0.06590980746023622,-0.001837215939611836,-0.17093262353760952,-0.1456319746893433,-0.081338905,-1,0.15035176113790671,-0.05270362920581617,0.5515116341974055
110,110,2022-02-28,2261.634,2416.975,1833.174,1894.408,FG8888.XZCE,True,2022,2,9,38,38,2022-01,4.9,13.5,16.0,4.6,1.5,12.4,7.4,12.6,5.9,10.2,29.2,5.8,3.4,4.8,9.1,9.1,2022.0,1.0,0.10097560821111418,-0.15035176113790671,0.2975300444432545,-0.06590980746023622,-0.001837215939611836,-0.17093262353760952,0.23405375,1,0.10097560821111418,0.048271979005298005,0.6524872424085196
111,111,2022-03-31,1896.54,2134.394,1859.92,2085.697,FG8888.XZCE,True,2022,3,13,39,39,2022-02,12.2,20.9,6.8,4.6,1.5,5.0,7.4,8.8,5.9,-5.9,7.2,5.8,3.4,11.1,8.8,8.9,2022.0,2.0,-0.10036261259425505,0.10097560821111418,-0.15035176113790671,0.2975300444432545,-0.06590980746023622,-0.001837215939611836,-0.065154985,-1,0.10036261259425505,0.14863459159955306,0.5521246298142646
112,112,2022-04-29,2104.286,2112.112,1799.069,1876.371,FG8888.XZCE,True,2022,4,17,40,40,2022-03,9.3,15.6,4.9,2.1,-0.7,2.6,7.6,8.2,-6.5,-6.2,1.5,3.6,-4.9,4.9,8.3,8.7,2022.0,3.0,-0.048318802624853996,-0.10036261259425505,0.10097560821111418,-0.15035176113790671,0.2975300444432545,-0.06590980746023622,0.10090087,1,-0.048318802624853996,0.10031578897469906,0.5038058271894106
113,113,2022-05-31,1853.857,1915.992,1724.801,1785.707,FG8888.XZCE,True,2022,5,22,41,41,2022-04,6.8,12.2,1.5,-6.6,-15.8,-2.7,-5.5,4.3,-10.0,-7.4,-5.2,-19.0,-43.5,-7.8,8.0,8.5,2022.0,4.0,-0.06972308447018472,-0.048318802624853996,-0.10036261259425505,0.10097560821111418,-0.15035176113790671,0.2975300444432545,-0.041967303,-1,0.06972308447018472,0.17003887344488378,0.43408274271922587
114,114,2022-06-30,1784.713,1862.544,1624.293,1661.202,FG8888.XZCE,True,2022,6,26,42,42,2022-05,6.2,10.6,0.6,-2.3,-6.8,-3.6,1.1,3.6,6.9,-5.4,-8.7,-18.0,-4.8,-7.2,6.4,8.1,2022.0,5.0,-0.08400001926316003,-0.06972308447018472,-0.048318802624853996,-0.10036261259425505,0.10097560821111418,-0.15035176113790671,-0.06950764,-1,0.08400001926316003,0.2540388927080438,0.35008272345606584
115,115,2022-07-29,1660.076,1661.153,1419.706,1521.661,FG8888.XZCE,True,2022,7,30,43,43,2022-06,6.1,10.4,0.5,0.1,1.1,-2.7,6.0,4.1,21.9,-1.0,-7.3,-11.7,26.8,-2.1,6.1,7.7,2022.0,6.0,-0.03632675083346426,-0.08400001926316003,-0.06972308447018472,-0.048318802624853996,-0.10036261259425505,0.10097560821111418,-0.08220806,-1,0.03632675083346426,0.29036564354150807,0.3137559726226016
116,116,2022-08-31,1525.869,1611.401,1426.1,1466.384,FG8888.XZCE,True,2022,8,35,44,44,2022-07,5.7,9.9,0.1,-2.3,-0.4,-2.2,4.0,4.1,30.3,-0.3,-10.1,-14.8,31.5,2.9,4.2,7.2,2022.0,7.0,0.02963275649488817,-0.03632675083346426,-0.08400001926316003,-0.06972308447018472,-0.048318802624853996,-0.10036261259425505,-0.07191556,-1,-0.02963275649488817,0.2607328870466199,0.34338872911748974
117,117,2022-09-30,1466.616,1551.72,1409.452,1509.837,FG8888.XZCE,True,2022,9,39,45,45,2022-08,5.8,10.0,-0.2,-2.3,0.8,-1.9,4.5,4.3,8.0,2.9,-10.5,-13.5,39.0,6.1,2.3,6.6,2022.0,8.0,-0.10471196559628615,0.02963275649488817,-0.03632675083346426,-0.08400001926316003,-0.06972308447018472,-0.048318802624853996,0.029019581,1,-0.10471196559628615,0.15602092145033375,0.2386767635212036
118,118,2022-10-31,1524.044,1564.759,1345.351,1351.739,FG8888.XZCE,True,2022,10,44,46,46,2022-09,5.9,10.1,-0.1,1.3,2.3,-1.4,4.9,4.4,16.4,4.6,-11.1,-12.0,25.4,8.1,0.9,5.9,2022.0,9.0,0.05261666638308138,-0.10471196559628615,0.02963275649488817,-0.03632675083346426,-0.08400001926316003,-0.06972308447018472,-0.050574187,-1,-0.05261666638308138,0.10340425506725237,0.291293429904285
119,119,2022-11-30,1355.082,1462.187,1342.101,1422.863,FG8888.XZCE,True,2022,11,48,47,47,2022-10,5.8,9.7,-0.4,-3.1,2.0,-1.0,3.0,4.2,9.4,4.9,-12.5,-8.5,8.6,8.1,-1.3,5.2,2022.0,10.0,0.16365595282188083,0.05261666638308138,-0.10471196559628615,0.02963275649488817,-0.03632675083346426,-0.08400001926316003,0.010814878,0,0.0,0.10340425506725237,0.4549493827261658
120,120,2022-12-30,1427.807,1658.572,1420.134,1655.723,FG8888.XZCE,True,2022,12,52,48,48,2022-11,5.3,9.3,-0.4,-0.3,-0.9,-1.0,2.3,4.0,-15.2,1.5,-12.5,-13.2,-9.9,5.6,-1.3,4.6,2022.0,11.0,-0.02300565976313662,0.16365595282188083,0.05261666638308138,-0.10471196559628615,0.02963275649488817,-0.03632675083346426,-0.0028822117,0,-0.0,0.10340425506725237,0.4319437229630292
121,121,2023-01-31,1654.553,1767.96,1612.919,1617.632,FG8888.XZCE,True,2023,1,5,49,49,2022-12,5.1,9.1,-0.4,-1.2,-3.4,-1.2,-0.5,3.6,-13.7,-1.1,-13.1,-11.7,-16.7,3.4,-0.7,4.1,2022.0,12.0,-0.048501760598207766,-0.02300565976313662,0.16365595282188083,0.05261666638308138,-0.10471196559628615,0.02963275649488817,0.052624386,1,-0.048501760598207766,0.054902494469044605,0.3834419623648214
122,122,2023-02-28,1615.696,1642.7,1514.471,1539.174,FG8888.XZCE,True,2023,2,9,50,50,2023-01,5.1,9.1,-0.4,-1.2,-3.4,-1.2,-0.5,3.6,-13.7,-1.1,-13.1,-11.7,-16.7,3.4,-0.8,-0.8,2023.0,1.0,0.061570036915904236,-0.048501760598207766,-0.02300565976313662,0.16365595282188083,0.05261666638308138,-0.10471196559628615,0.041741982,1,0.061570036915904236,0.11647253138494884,0.44501199928072566
123,123,2023-03-31,1540.117,1674.213,1522.419,1633.941,FG8888.XZCE,True,2023,3,13,51,51,2023-02,5.5,8.1,-0.8,-1.2,-3.4,-1.3,-0.5,3.9,-13.7,23.2,-11.8,-11.7,-16.7,-14.0,-1.4,-1.1,2023.0,2.0,0.10871689981461996,0.061570036915904236,-0.048501760598207766,-0.02300565976313662,0.16365595282188083,0.05261666638308138,0.06586718,1,0.10871689981461996,0.2251894311995688,0.5537288990953456
124,124,2023-04-28,1634.324,1927.353,1611.003,1811.578,FG8888.XZCE,True,2023,4,17,52,52,2023-03,5.1,7.0,1.6,4.8,4.6,1.1,7.3,5.5,-2.6,-4.1,-6.8,0.0,11.2,-5.1,-2.5,-1.6,2023.0,3.0,-0.2337067462731386,0.10871689981461996,0.061570036915904236,-0.048501760598207766,-0.02300565976313662,0.16365595282188083,-0.022455618,-1,0.2337067462731386,0.4588961774727074,0.32002215282220703
125,125,2023-05-31,1786.824,1815.21,1374.92,1388.2,FG8888.XZCE,True,2023,5,22,53,53,2023-04,4.7,6.4,1.8,2.7,13.5,4.0,9.1,6.4,-10.6,4.3,-3.0,-1.9,59.8,4.3,-3.6,-2.1,2023.0,4.0,0.06675046823224329,-0.2337067462731386,0.10871689981461996,0.061570036915904236,-0.048501760598207766,-0.02300565976313662,-0.04755105,-1,-0.06675046823224329,0.3921457092404641,0.3867726210544503
126,126,2023-06-30,1385.961,1642.093,1375.815,1480.863,FG8888.XZCE,True,2023,6,26,54,54,2023-05,4.0,6.0,1.3,-0.1,6.1,4.5,3.9,5.9,3.9,-1.2,-2.0,1.9,17.3,7.1,-4.6,-2.6,2023.0,5.0,0.11320763635798858,0.06675046823224329,-0.2337067462731386,0.10871689981461996,0.061570036915904236,-0.048501760598207766,0.040340524,1,0.11320763635798858,0.5053533455984527,0.4999802574124389
127,127,2023-07-31,1483.002,1675.811,1471.696,1648.508,FG8888.XZCE,True,2023,7,31,55,55,2023-06,3.8,6.0,1.5,2.4,-0.2,3.6,3.4,5.5,-0.7,-1.2,-2.9,0.0,0.8,6.1,-5.4,-3.1,2023.0,6.0,0.08734382848005584,0.11320763635798858,0.06675046823224329,-0.2337067462731386,0.10871689981461996,0.061570036915904236,-0.22915453,-1,-0.08734382848005584,0.41800951711839684,0.5873240858924947
128,128,2023-08-31,1654.266,1826.529,1587.281,1792.495,FG8888.XZCE,True,2023,8,35,56,56,2023-07,3.4,5.7,1.6,1.4,-1.4,2.8,1.5,4.9,-15.8,-3.2,-1.7,-2.1,-3.8,4.5,-4.4,-3.2,2023.0,7.0,-0.07482140814897664,0.08734382848005584,0.11320763635798858,0.06675046823224329,-0.2337067462731386,0.10871689981461996,0.06338712,1,-0.07482140814897664,0.3431881089694202,0.5125026777435181
129,129,2023-09-28,1796.897,1873.924,1651.469,1658.378,FG8888.XZCE,True,2023,9,39,57,57,2023-08,3.2,5.9,1.6,1.4,-0.8,2.4,-0.5,4.2,-3.3,-2.4,-1.0,0.0,4.5,4.8,-3.0,-3.2,2023.0,8.0,-0.023377661787602144,-0.07482140814897664,0.08734382848005584,0.11320763635798858,0.06675046823224329,-0.2337067462731386,0.08737668,1,-0.023377661787602144,0.31981044718181806,0.48912501595591595
130,130,2023-10-31,1692.806,1726.724,1579.413,1619.609,FG8888.XZCE,True,2023,10,44,58,58,2023-09,3.1,6.2,1.9,3.7,0.0,2.1,1.6,3.9,-7.2,-3.6,1.6,12.5,3.4,4.6,-2.5,-3.1,2023.0,9.0,0.11304333329834537,-0.023377661787602144,-0.07482140814897664,0.08734382848005584,0.11320763635798858,0.06675046823224329,-0.0042090756,0,0.0,0.31981044718181806,0.6021683492542613
131,131,2023-11-30,1619.799,1819.276,1591.73,1802.695,FG8888.XZCE,True,2023,11,48,59,59,2023-10,2.9,6.2,2.3,5.5,-0.1,1.8,2.7,3.8,-6.3,-3.5,3.7,23.3,8.5,4.9,-2.6,-3.1,2023.0,10.0,0.051929472262362664,0.11304333329834537,-0.023377661787602144,-0.07482140814897664,0.08734382848005584,0.11320763635798858,0.112792715,1,0.051929472262362664,0.3717399194441807,0.654097821516624
132,132,2023-12-29,1802.039,1990.712,1742.096,1896.308,FG8888.XZCE,True,2023,12,52,60,60,2023-10,2.9,6.2,2.3,5.5,-0.1,1.8,2.7,3.8,-6.3,-3.5,3.7,23.3,8.5,4.9,-2.6,-3.1,2023.0,10.0,-0.038420973808052206,0.051929472262362664,0.11304333329834537,-0.023377661787602144,-0.07482140814897664,0.08734382848005584,-0.071823604,-1,0.038420973808052206,0.4101608932522329,0.6156768477085718
133,133,2024-01-31,1868.893,1967.191,1691.35,1823.45,FG8888.XZCE,True,2024,1,5,61,61,2023-10,2.9,6.2,2.3,5.5,-0.1,1.8,2.7,3.8,-6.3,-3.5,3.7,23.3,8.5,4.9,-2.6,-3.1,2023.0,10.0,-0.10509418958567551,-0.038420973808052206,0.051929472262362664,0.11304333329834537,-0.023377661787602144,-0.07482140814897664,-0.023003837,-1,0.10509418958567551,0.5152550828379084,0.5105826581228963
134,134,2024-02-29,1817.722,1824.632,1610.763,1631.816,FG8888.XZCE,True,2024,2,9,62,62,2023-10,2.9,6.2,2.3,5.5,-0.1,1.8,2.7,3.8,-6.3,-3.5,3.7,23.3,8.5,4.9,-2.6,-3.1,2023.0,10.0,-0.11421569588728153,-0.10509418958567551,-0.038420973808052206,0.051929472262362664,0.11304333329834537,-0.023377661787602144,0.049297616,1,-0.11421569588728153,0.4010393869506269,0.39636696223561474
135,135,2024-03-29,1631.347,1654.945,1419.936,1445.437,FG8888.XZCE,True,2024,3,13,63,63,2023-10,2.9,6.2,2.3,5.5,-0.1,1.8,2.7,3.8,-6.3,-3.5,3.7,23.3,8.5,4.9,-2.6,-3.1,2023.0,10.0,0.05672955652857925,-0.11421569588728153,-0.10509418958567551,-0.038420973808052206,0.051929472262362664,0.11304333329834537,0.030546583,1,0.05672955652857925,0.45776894347920616,0.453096518764194
136,136,2024-04-30,1438.123,1594.344,1424.66,1527.436,FG8888.XZCE,True,2024,4,18,64,64,2023-10,2.9,6.2,2.3,5.5,-0.1,1.8,2.7,3.8,-6.3,-3.5,3.7,23.3,8.5,4.9,-2.6,-3.1,2023.0,10.0,0.05672955652857925,0.05672955652857925,-0.11421569588728153,-0.10509418958567551,-0.038420973808052206,0.051929472262362664,0.052020375,1,0.05672955652857925,0.5144985000077854,0.5098260752927732
