id,stat_month,growth_yoy,growth_acc,state_owned_yoy,state_owned_acc,private_yoy,private_acc,collective_yoy,collective_acc,stock_cooperate_yoy,stock_cooperate_acc,joint_stock_yoy,joint_stock_acc,foreign_yoy,foreign_acc
1,2006-06,19.5,17.7,15.4,11.8,27.9,27.2,11.9,13.1,15.8,17.2,21.3,18.7,19.0,19.0
2,2005-09,16.5,16.3,11.3,11.3,25.6,25.1,8.7,11.9,16.0,14.9,17.8,17.9,17.3,16.2
3,2005-08,16.0,16.3,11.1,11.2,24.6,25.0,12.7,12.5,16.6,14.8,17.3,17.9,16.3,15.9
4,2005-05,16.6,16.3,11.3,11.9,26.6,24.8,12.3,12.1,16.3,14.0,19.2,17.8,14.7,15.7
5,2005-04,16.0,16.2,11.9,12.1,24.7,24.6,10.6,11.7,11.7,13.4,17.9,17.3,15.2,16.1
6,2005-07,16.1,16.3,11.3,11.3,24.5,25.1,12.8,12.5,15.6,14.5,18.0,17.9,16.5,15.9
7,2005-06,16.8,16.4,10.2,11.6,27.4,25.5,14.8,12.7,16.9,14.4,19.4,18.0,15.4,15.7
8,2005-01,,,17.0,17.0,,,19.5,19.5,24.6,24.6,21.2,21.2,21.6,21.6
9,2005-03,15.1,16.2,11.8,12.0,23.4,24.6,12.9,12.0,10.9,14.1,17.6,17.1,12.8,16.2
10,2005-02,7.6,16.9,4.0,12.6,13.7,25.4,6.4,12.6,5.7,15.8,8.5,17.0,6.7,18.2
11,2016-03,6.8,5.8,3.2,-0.1,8.6,9.0,0.2,2.4,11.4,12.9,7.6,7.2,4.8,3.3
12,2016-02,,5.4,,-2.0,,9.3,,3.7,,13.8,,6.9,,2.4
13,2016-05,6.0,5.9,-0.5,-0.2,9.5,9.1,3.3,2.4,-0.4,8.9,7.2,7.2,3.1,3.1
14,2016-04,6.0,5.8,-0.1,-0.1,8.9,9.0,1.6,2.2,6.9,11.3,7.1,7.2,2.6,3.1
15,2016-07,6.0,6.0,2.9,0.3,7.4,8.7,-1.5,2.0,-1.5,7.4,6.3,7.1,5.1,3.5
16,2016-06,6.2,6.0,-0.1,-0.2,8.2,8.9,3.6,2.6,9.1,8.9,7.4,7.2,3.6,3.2
17,2016-09,6.1,6.0,3.3,1.0,6.4,8.1,-3.8,0.7,1.6,6.6,6.4,6.9,6.2,4.2
18,2016-08,6.3,6.0,3.6,0.7,6.5,8.4,-4.1,1.3,6.9,7.3,6.4,7.0,6.7,3.9
19,2002-11,14.5,12.4,14.2,11.5,,,9.2,8.7,10.5,11.0,17.9,14.1,14.5,12.9
20,2002-10,14.2,12.3,13.8,11.2,,,10.5,9.0,11.2,11.0,16.2,13.8,14.8,12.9
21,2012-07,9.2,10.3,4.8,6.6,14.4,15.4,7.1,8.0,2.6,9.1,10.9,12.1,5.3,6.1
22,2012-06,9.5,10.5,6.5,7.0,13.0,15.6,7.4,8.0,8.2,11.0,11.5,12.4,5.5,6.3
23,2012-03,11.9,11.6,8.0,7.2,17.7,18.8,9.3,9.7,16.1,13.9,13.7,13.8,8.2,6.4
24,2012-02,21.3,11.4,14.7,7.3,30.6,19.7,15.8,9.9,11.2,11.0,23.8,13.9,17.1,5.0
25,2012-09,9.2,10.0,6.3,6.3,12.6,15.0,7.0,7.6,5.3,8.2,11.0,11.8,5.3,6.0
26,2012-08,8.9,10.1,5.3,6.3,14.3,15.4,6.6,7.8,5.0,8.9,10.4,12.0,5.0,6.0
27,2006-04,16.6,16.7,10.8,10.6,24.8,26.4,13.0,13.4,17.9,17.9,17.2,17.4,18.6,19.0
28,2011-12,12.8,13.9,9.2,9.9,18.8,19.5,11.4,9.3,18.7,14.7,14.7,15.8,8.7,10.4
29,2000-01,,,5.2,5.2,,,6.3,6.3,12.3,12.3,9.9,9.9,13.7,13.7
30,2000-02,12.0,10.4,10.3,7.6,,,8.4,7.1,17.0,13.4,13.8,11.8,14.9,14.1
31,2000-03,11.9,10.7,10.6,8.6,,,9.0,7.7,11.8,11.5,14.3,13.3,15.2,14.4
32,2000-04,11.4,10.9,10.8,9.1,,,8.0,7.8,10.6,11.3,14.0,13.5,14.2,14.4
33,2000-05,11.5,11.0,10.6,9.4,,,7.3,7.7,14.5,11.9,14.5,13.7,14.8,14.5
34,2000-06,12.2,11.2,11.9,9.8,,,8.9,7.9,13.6,12.2,15.2,13.8,15.1,14.6
35,2000-07,12.8,11.4,12.8,10.2,,,7.9,7.9,16.7,12.8,16.8,14.2,15.2,14.7
36,2000-08,12.8,11.6,12.1,10.4,,,8.0,7.9,11.5,12.6,17.2,14.6,14.9,14.7
37,2000-09,12.0,11.6,11.2,10.5,,,7.2,7.8,13.5,12.7,16.1,14.7,14.8,14.7
38,1999-08,9.5,9.4,8.4,7.7,,,7.8,7.8,15.6,14.9,12.7,12.1,13.7,12.9
39,1999-09,8.2,9.3,7.9,7.7,,,6.4,7.7,13.0,14.7,9.0,11.8,12.2,12.8
40,2008-08,12.8,15.7,9.7,12.3,19.1,22.6,9.1,9.7,9.6,13.8,15.0,18.1,9.7,13.4
41,2008-09,11.4,15.2,7.4,11.8,19.2,22.1,10.4,9.6,13.2,13.8,13.2,17.5,8.2,12.7
42,2008-02,15.4,15.4,11.5,11.7,22.4,22.8,12.2,11.9,13.3,14.6,18.0,17.6,13.3,13.3
43,2008-03,17.8,16.4,14.3,12.9,24.1,23.3,10.7,11.6,13.4,14.0,20.4,18.9,15.6,14.3
44,2008-04,15.7,16.3,11.3,12.4,23.2,23.5,9.5,11.1,12.3,13.7,18.1,18.7,14.1,14.5
45,2008-05,16.0,16.3,12.6,12.4,22.1,23.3,8.8,10.7,15.2,14.0,17.7,18.6,14.4,14.6
46,2008-06,16.0,16.3,12.4,12.7,22.5,23.6,8.9,10.5,14.4,14.7,18.5,18.8,12.8,14.3
47,2008-07,14.7,16.1,11.8,12.6,20.7,23.1,7.4,9.8,11.5,14.3,17.0,18.5,11.9,13.9
48,1999-03,9.0,10.1,6.8,8.3,,,8.6,8.5,14.8,15.9,13.9,14.2,11.1,13.6
49,2002-06,12.4,11.7,10.0,10.0,,,11.1,8.3,12.7,10.8,12.9,13.0,13.2,12.2
50,2004-04,19.1,18.2,15.8,14.9,,,11.4,11.6,15.0,13.3,19.0,18.4,23.4,21.9
51,2004-05,17.5,18.1,13.8,14.7,,,10.5,11.4,11.5,12.8,16.9,18.2,22.3,22.0
52,2004-06,16.2,17.7,14.0,14.5,,,8.9,10.9,11.4,12.5,16.9,18.0,19.7,21.5
53,2004-07,15.5,17.3,12.7,14.0,,,7.2,10.3,11.8,13.7,15.3,17.1,18.1,21.0
54,2004-01,,,7.5,7.5,,,4.2,4.2,3.4,3.4,8.4,8.4,6.4,6.4
55,2004-02,23.2,16.6,20.0,14.1,,,15.7,10.6,16.3,10.6,24.2,17.5,26.3,18.9
56,2004-03,19.4,17.7,15.2,14.5,,,12.6,11.5,16.1,12.6,18.9,18.1,24.5,21.1
57,2011-10,13.2,14.1,8.9,10.1,19.2,19.6,9.2,9.1,17.3,14.5,15.1,16.0,9.6,10.7
58,2004-08,15.9,17.1,12.8,13.9,,,9.7,10.4,13.3,13.8,15.7,16.9,18.2,20.6
59,2004-09,16.1,17.0,13.3,13.8,,,11.3,10.5,10.9,13.3,16.7,17.0,17.0,20.3
60,2000-11,10.6,11.5,9.1,10.2,,,6.1,7.6,8.3,11.8,15.0,14.6,14.0,14.6
61,2000-10,11.4,11.6,8.3,10.3,,,7.4,7.8,6.5,12.1,13.3,14.6,14.4,14.7
62,2002-09,13.8,12.2,14.0,10.8,,,10.4,8.8,10.0,10.8,16.3,13.5,13.2,12.7
63,2015-10,5.6,6.1,-0.5,1.1,8.1,8.8,-1.6,1.4,9.6,4.6,6.6,7.4,3.6,3.5
64,1998-10,10.6,8.2,6.0,4.3,,,10.3,8.2,,,16.5,10.6,15.1,12.6
65,1998-11,11.0,8.5,7.2,4.6,,,11.3,8.5,,,18.2,11.3,13.5,12.7
66,2008-11,5.4,13.7,0.7,10.3,14.1,20.8,4.4,8.7,8.8,12.1,6.1,15.7,1.5,10.9
67,2008-10,8.2,14.4,4.5,11.1,15.9,21.3,3.8,9.1,8.0,13.0,9.2,16.6,5.0,11.8
68,1999-05,8.9,9.5,5.6,7.6,,,7.6,8.2,14.1,14.6,10.5,12.5,12.4,12.8
69,2017-02,,6.3,,5.4,,6.0,,-0.1,,-11.2,,6.2,,6.8
70,2017-03,7.6,6.8,7.7,6.2,7.4,6.5,1.5,0.5,4.6,-4.5,7.9,6.9,7.1,6.9
71,2017-04,6.5,6.7,5.6,6.1,6.8,6.6,1.9,0.9,-1.1,-3.5,6.9,6.9,5.5,6.5
72,2017-05,6.5,6.7,6.2,6.1,6.6,6.6,3.2,1.4,0.5,-2.7,6.8,6.9,5.9,6.4
73,2005-11,16.6,16.4,9.6,11.0,26.8,25.7,13.0,12.1,16.0,15.3,17.5,17.9,17.9,16.6
74,2004-12,14.4,16.7,12.4,14.2,,,9.5,9.9,11.1,12.5,15.2,16.5,14.8,18.8
75,2004-11,14.8,16.8,12.5,13.8,,,8.5,10.1,11.9,12.9,15.8,17.0,15.1,19.6
76,2004-10,15.7,16.9,14.0,13.8,,,8.2,10.3,9.4,13.1,15.9,16.9,16.3,20.1
77,2014-02,,8.6,,4.4,,11.9,,3.9,,11.9,,9.9,,7.8
78,2001-05,10.2,11.1,8.8,9.5,,,7.2,7.8,7.9,9.6,11.5,11.5,12.0,13.7
79,2007-10,17.9,18.5,13.6,14.0,24.0,26.3,8.8,11.4,13.5,17.2,20.3,20.4,16.7,17.4
80,2007-11,17.3,18.5,14.2,13.8,24.3,26.5,10.4,11.4,17.6,17.8,19.8,20.4,15.1,17.3
81,2007-12,17.4,18.5,13.6,13.8,23.3,26.7,9.8,11.5,12.7,17.5,19.3,20.6,17.2,17.5
82,1998-07,7.6,7.8,5.1,4.0,,,5.1,7.1,,,10.0,9.5,11.6,11.9
83,2001-07,8.1,10.7,7.9,9.3,,,5.0,7.5,5.9,9.3,8.8,11.3,9.6,13.1
84,1998-09,10.2,8.0,5.8,4.1,,,11.8,8.0,,,11.4,10.0,13.7,12.3
85,1998-08,7.9,7.8,3.1,3.9,,,8.7,7.5,,,10.2,9.8,11.3,12.1
86,2014-10,7.7,8.4,5.5,5.2,8.7,10.5,-1.6,2.2,-1.4,8.3,9.1,9.8,5.7,6.6
87,2013-09,10.2,9.6,7.8,6.3,12.8,12.8,3.8,4.5,8.8,7.3,11.1,11.0,9.4,7.9
88,2014-12,7.9,8.3,3.8,4.9,9.5,10.2,0.9,1.7,6.4,7.2,9.3,9.7,5.4,6.3
89,2013-04,9.3,9.4,4.3,4.9,13.6,13.8,5.7,6.5,7.7,5.6,10.9,11.1,7.4,7.1
90,2013-05,9.2,9.4,4.4,4.9,13.0,13.6,4.0,5.7,8.8,7.2,10.7,11.0,8.1,7.3
91,2013-06,8.9,9.3,6.3,5.2,10.9,13.1,1.7,5.0,8.9,7.6,10.5,10.9,7.8,7.4
92,2013-07,9.7,9.4,8.1,5.6,11.6,12.9,3.6,4.8,6.7,7.5,11.1,10.9,7.9,7.5
93,2016-10,6.1,6.0,3.2,1.2,6.8,8.0,-3.8,0.2,4.4,6.4,6.8,6.9,4.8,4.3
94,2013-02,,9.9,,5.8,,14.3,,6.5,,4.2,,11.4,,7.7
95,2013-03,8.9,9.5,4.3,5.2,13.3,13.9,5.8,6.7,1.0,2.7,11.0,11.3,6.1,6.9
96,2009-02,11.0,3.8,3.6,-1.0,25.1,15.6,10.8,4.3,15.5,4.8,14.2,6.4,3.7,-3.6
97,2006-11,14.9,16.8,13.6,12.2,19.4,25.0,7.1,12.3,14.4,16.5,16.1,17.9,14.7,17.2
98,2013-11,10.0,9.7,9.1,6.8,11.0,12.5,2.4,4.4,0.9,6.5,11.1,11.0,9.5,8.2
99,2006-10,14.7,16.9,12.5,12.0,20.6,25.4,10.1,12.6,14.3,16.3,16.0,17.9,14.9,17.7
100,2013-10,10.3,9.7,8.4,6.5,11.9,12.7,5.4,4.6,5.8,7.1,11.1,11.0,9.6,8.1
101,2006-12,14.7,16.6,15.8,12.6,19.4,24.4,4.2,11.6,9.4,15.5,16.8,17.8,12.9,16.9
102,2008-12,5.7,12.9,-0.6,9.1,16.3,20.4,1.8,8.1,5.1,11.4,7.9,15.0,0.3,9.9
103,2007-09,18.9,18.5,15.6,14.1,25.8,26.5,7.9,11.7,15.4,17.6,21.6,20.4,16.9,17.4
104,2007-08,17.5,18.4,13.6,13.9,25.3,26.4,8.5,12.2,17.6,17.7,19.6,20.0,15.9,17.4
105,2007-07,18.0,18.5,12.5,13.9,26.3,26.6,11.3,12.8,17.9,17.7,19.7,20.0,17.4,17.7
106,2007-06,19.4,18.5,13.3,14.0,27.9,26.6,14.6,13.0,19.0,17.7,21.3,20.0,18.3,17.9
107,2007-05,18.1,18.1,13.0,14.0,26.5,26.0,12.9,12.4,19.3,17.5,19.7,19.6,17.1,17.5
108,2007-04,17.4,18.0,13.2,14.4,25.5,25.7,12.2,12.3,14.5,16.6,19.4,19.6,15.4,17.4
109,2007-03,17.6,18.3,13.6,14.9,25.9,26.0,10.6,12.1,15.7,17.2,19.6,19.5,16.5,18.2
110,2007-02,12.6,18.5,10.1,15.6,18.9,25.7,6.9,12.9,13.0,19.6,13.1,19.2,12.0,18.5
111,2001-02,19.0,10.2,19.3,10.3,,,12.5,6.2,17.3,8.6,19.6,11.9,24.9,12.4
112,2014-03,8.8,8.7,4.6,4.5,11.3,11.7,1.7,3.1,11.4,11.7,10.1,10.0,7.8,7.8
113,2012-05,9.6,10.7,6.6,6.7,13.7,16.3,6.4,7.7,5.8,12.2,11.0,12.4,6.7,6.5
114,2014-07,9.0,8.8,5.8,5.5,11.5,11.4,4.4,3.4,8.9,10.6,10.2,10.2,6.3,7.1
115,2014-06,9.2,8.8,7.3,5.5,10.9,11.4,3.3,3.2,8.9,10.8,10.8,10.2,7.4,7.4
116,2014-05,8.8,8.7,6.1,5.1,11.3,11.5,5.0,3.2,11.5,11.3,10.3,10.1,6.5,7.4
117,2012-04,9.3,11.0,4.3,6.6,15.3,17.6,6.6,8.3,9.9,12.8,10.7,12.9,5.7,6.6
118,2013-12,9.7,9.7,8.3,6.9,11.0,12.4,3.4,4.3,11.0,6.9,10.8,11.0,8.9,8.3
119,2014-09,8.0,8.5,4.8,5.2,8.8,10.7,-1.0,2.6,4.7,9.4,9.3,9.9,6.4,6.7
120,2014-08,6.9,8.5,4.0,5.3,8.7,11.0,1.2,3.1,5.5,10.0,8.7,10.0,3.8,6.7
121,2002-12,14.9,12.6,14.1,11.7,,,8.1,8.6,8.5,10.5,18.1,14.4,18.0,13.3
122,2010-10,13.1,16.1,10.6,14.8,17.0,19.9,7.9,9.2,15.8,13.9,14.3,17.1,11.2,15.3
123,2010-11,13.3,15.8,10.9,14.2,17.3,19.8,10.8,9.3,13.3,13.7,14.4,16.9,11.7,14.9
124,2010-12,13.5,15.7,9.8,13.7,18.6,20.0,7.9,9.4,14.1,14.0,15.0,16.8,11.4,14.5
125,2003-10,17.2,16.7,12.6,14.1,,,12.4,11.7,16.6,13.1,18.4,18.1,20.6,19.7
126,2003-11,17.9,16.8,15.5,14.3,,,10.2,11.6,15.0,13.2,20.5,18.4,19.6,19.8
127,2003-12,18.1,17.0,15.3,14.3,,,10.4,11.5,17.7,13.9,19.0,18.3,21.8,20.0
128,2000-12,10.4,11.4,8.5,10.1,,,4.8,7.4,10.0,11.7,13.4,14.5,14.7,14.6
129,2013-08,10.4,9.5,9.5,6.1,12.1,12.8,2.9,4.6,4.7,7.1,11.7,11.0,8.7,7.7
130,2014-11,7.2,8.3,2.8,5.0,8.7,10.3,-2.5,1.8,-1.6,7.3,8.7,9.7,4.4,6.4
131,2010-07,13.4,17.0,11.4,16.6,16.9,20.2,5.2,9.5,11.7,13.3,14.0,18.0,13.0,16.4
132,2010-06,13.7,17.6,13.3,17.7,16.7,20.8,5.3,10.2,10.1,13.3,14.5,18.8,13.0,17.0
133,2010-05,16.5,18.5,16.8,18.7,19.6,21.9,10.4,11.5,16.1,14.4,18.3,19.7,14.7,17.8
134,2010-04,17.8,19.1,17.6,19.3,21.0,22.5,12.0,12.8,12.6,13.8,19.1,20.2,16.8,18.6
135,2010-03,18.1,19.6,18.2,19.9,21.5,22.8,13.0,13.0,10.2,14.5,19.3,20.8,16.3,18.8
136,2010-02,12.8,20.7,13.3,20.7,15.2,24.0,7.1,13.4,7.1,16.9,13.9,22.2,12.1,20.3
137,1999-02,2.1,10.6,0.5,8.8,,,1.4,8.5,7.5,17.0,3.7,14.4,5.1,15.3
138,2011-11,12.4,14.0,7.8,9.9,19.1,19.6,6.8,9.0,14.9,14.7,14.4,16.0,8.4,10.6
139,1999-01,,,16.9,16.9,,,14.4,14.4,25.4,25.4,20.4,20.4,23.9,23.9
140,1999-06,9.1,9.4,7.5,7.6,,,8.5,8.2,15.6,14.7,10.3,12.1,12.9,12.8
141,1999-07,9.3,9.4,7.8,7.6,,,8.2,8.1,15.8,14.8,10.9,12.0,12.9,12.8
142,1999-04,9.1,9.7,7.1,8.0,,,8.9,8.4,14.2,14.7,11.0,13.0,11.8,12.9
143,2010-08,13.9,16.6,11.7,15.8,18.4,20.2,8.1,9.3,12.5,12.9,14.7,17.6,13.4,16.2
144,2003-09,16.3,16.5,11.6,14.3,,,12.6,11.7,14.9,12.7,16.5,17.9,19.4,19.6
145,2003-08,17.1,16.5,14.0,14.5,,,11.6,11.3,9.8,12.5,17.9,17.9,20.7,19.4
146,2003-03,16.9,17.2,15.1,16.4,,,12.4,11.9,11.9,11.9,19.0,18.8,19.0,20.0
147,2003-02,19.8,17.5,20.1,17.3,,,13.4,12.1,15.4,12.3,21.2,18.9,23.2,20.7
148,2003-01,,,14.5,14.5,,,11.3,11.3,9.7,9.7,16.6,16.6,17.2,17.2
149,2003-07,16.5,16.4,14.0,14.6,,,12.7,11.4,12.3,12.7,17.2,17.9,19.4,19.2
150,2003-06,16.9,16.2,13.7,14.4,,,12.1,11.2,13.1,12.7,19.0,17.9,18.7,19.0
151,2003-05,13.7,15.9,10.5,14.4,,,9.1,10.8,12.1,12.5,14.3,17.4,17.4,18.9
152,2003-04,14.9,16.4,11.9,15.1,,,10.7,11.2,12.5,12.3,16.2,18.0,18.0,19.3
153,1998-12,11.5,8.8,8.0,4.9,,,10.8,8.7,,,18.8,11.9,12.2,12.7
154,2001-12,8.7,9.9,5.0,8.1,,,8.9,7.2,9.5,9.2,8.7,10.4,9.2,11.9
155,2001-10,8.8,10.2,6.5,8.9,,,5.9,6.9,8.1,9.0,7.9,11.0,11.1,12.2
156,2001-11,7.9,10.0,4.3,8.4,,,5.4,7.0,8.2,9.2,7.0,10.6,10.1,12.1
157,2009-12,18.5,11.0,21.7,6.9,18.5,18.7,15.7,10.2,15.0,10.3,20.5,13.3,15.7,6.2
158,2006-07,16.7,17.6,12.7,12.1,25.5,27.2,12.9,13.4,15.5,17.3,18.5,18.8,15.5,18.5
159,2009-10,16.1,9.4,13.7,4.9,23.2,18.2,15.4,8.7,11.9,10.0,19.0,11.7,10.8,4.2
160,2006-05,17.9,17.0,13.6,11.1,26.4,26.5,12.4,13.1,15.2,17.4,19.4,17.8,17.9,18.9
161,2006-02,20.1,16.2,12.4,9.4,32.2,26.7,15.8,13.7,20.8,18.3,20.2,16.7,24.9,18.9
162,2006-03,17.8,16.7,9.0,9.3,29.4,27.4,14.7,14.3,19.2,18.0,18.1,17.1,20.4,19.4
163,2014-04,8.7,8.7,5.7,4.8,11.2,11.6,1.7,2.7,10.0,11.3,10.3,10.1,7.0,7.6
164,2009-11,19.2,10.3,19.0,5.9,23.1,18.8,17.4,9.5,11.3,10.0,22.7,12.8,14.1,5.3
165,2006-08,15.7,17.3,12.1,12.0,23.1,26.5,10.1,12.8,14.8,16.8,17.3,18.5,15.2,18.1
166,2006-09,16.1,17.2,12.4,12.2,23.3,26.1,14.2,13.2,15.7,16.7,16.7,18.2,16.0,17.8
167,2002-04,12.1,11.2,10.9,9.5,,,7.6,7.9,12.1,11.0,13.9,12.8,13.1,11.4
168,1999-11,7.6,9.0,16.9,16.9,,,4.9,7.2,11.7,14.2,7.8,11.1,14.6,13.0
169,1999-10,7.0,9.1,16.9,16.9,,,6.8,7.6,4.5,7.4,12.4,14.5,12.3,12.8
170,1999-12,7.4,8.9,6.5,7.4,,,3.5,7.0,10.8,13.9,12.2,11.2,12.1,12.9
171,2015-08,6.1,6.3,-0.6,1.6,10.3,8.8,0.4,1.9,1.0,3.8,7.6,7.5,2.8,3.6
172,2015-09,5.7,6.2,-1.4,1.3,9.3,8.9,0.5,1.7,5.5,4.0,7.2,7.5,2.7,3.5
173,2010-09,13.3,16.3,11.0,15.1,17.3,20.0,8.7,9.4,15.8,13.6,14.2,17.3,12.0,15.8
174,2015-02,,6.8,,2.2,,9.8,,3.0,,6.6,,7.7,,4.9
175,2015-03,5.6,6.4,0.9,1.7,8.0,9.1,1.4,2.4,-4.5,2.5,6.8,7.4,3.3,4.3
176,2015-06,6.8,6.3,2.2,1.9,8.9,8.7,3.2,2.0,-0.5,3.0,7.8,7.5,4.5,3.8
177,2015-07,6.0,6.3,0.0,1.6,9.3,8.8,1.3,1.9,9.1,3.8,7.7,7.5,2.6,3.6
178,2015-04,5.9,6.2,1.9,1.7,7.7,8.7,0.4,1.9,1.7,2.3,7.4,7.4,2.9,3.9
179,2015-05,6.1,6.2,2.2,1.8,8.1,8.6,1.2,1.7,8.8,3.8,7.5,7.4,3.0,3.7
180,2001-09,9.5,10.3,9.2,9.1,,,5.1,6.9,8.6,9.0,10.4,11.1,10.6,12.3
181,2001-08,8.1,10.4,7.9,9.1,,,5.3,7.1,6.6,9.0,9.8,11.2,8.6,12.5
182,2012-10,9.6,10.0,7.0,6.4,13.8,14.9,5.1,7.3,7.3,8.2,11.7,11.8,4.7,6.0
183,2002-05,12.9,11.6,11.2,9.9,,,8.5,7.8,9.6,10.5,14.4,13.2,13.2,11.8
184,2001-01,,,2.3,2.3,,,1.5,1.5,-3.0,-3.0,4.6,4.6,1.5,1.5
185,2001-03,12.1,11.2,9.5,9.7,,,8.8,7.9,10.1,10.0,12.4,11.6,17.3,14.3
186,2012-11,10.1,10.0,7.2,6.3,13.7,14.7,6.5,7.3,10.3,8.2,11.8,11.8,6.5,6.0
187,2005-12,16.5,16.4,10.3,10.7,24.3,25.3,13.6,12.4,20.2,16.0,16.8,17.8,16.8,16.6
188,2001-04,11.5,11.3,10.7,9.9,,,7.5,7.9,9.6,9.8,11.5,11.5,14.3,14.3
189,2005-10,16.1,16.3,8.9,11.1,26.2,25.2,11.5,11.8,16.3,15.1,16.5,17.8,18.2,16.5
190,2001-06,10.1,11.0,9.0,9.5,,,6.4,7.9,9.3,9.9,12.2,11.8,11.2,13.5
191,2016-12,6.0,6.0,6.4,2.0,5.2,7.5,-11.7,-1.3,3.6,6.2,6.5,6.9,5.2,4.5
192,2015-11,6.2,6.1,2.8,1.3,8.0,8.7,-0.2,1.3,8.0,4.9,6.9,7.3,5.2,3.7
193,2009-03,8.3,5.1,2.7,0.1,18.7,16.2,5.1,3.5,10.9,7.3,10.7,7.7,3.0,-1.4
194,2016-11,6.2,6.0,4.2,1.5,6.4,7.8,-4.4,-0.3,7.6,6.5,6.6,6.9,5.6,4.4
195,2009-05,8.9,6.3,2.4,0.6,18.8,16.8,8.5,5.2,9.7,8.1,11.1,8.7,3.6,0.3
196,2009-04,7.3,5.5,2.3,0.4,16.9,16.1,7.1,4.3,7.0,7.1,9.4,7.9,1.7,-0.7
197,2009-07,10.8,7.5,7.4,2.5,19.9,17.1,12.4,6.7,14.0,10.2,13.4,9.8,5.0,1.6
198,2009-06,10.7,7.0,5.7,1.7,19.7,17.1,8.9,5.9,15.5,9.7,13.0,9.4,5.3,1.2
199,2009-09,13.9,8.7,11.8,4.1,20.4,17.5,13.5,7.9,11.2,9.8,16.6,11.0,8.9,3.4
200,2009-08,12.3,8.1,8.6,3.3,19.6,17.4,10.9,7.3,11.6,10.2,14.7,10.5,8.0,2.5
201,2002-08,12.7,12.0,11.2,10.3,,,10.5,8.8,10.1,11.0,13.2,13.1,13.5,12.5
202,2011-05,13.3,14.0,8.9,10.7,18.7,19.3,9.5,9.4,11.9,14.3,15.2,15.8,9.5,10.9
203,2002-02,2.7,10.9,0.2,9.1,,,3.3,7.9,4.6,11.6,4.3,11.9,0.8,11.5
204,2002-03,10.9,10.9,8.4,8.7,,,8.4,8.3,10.2,10.7,13.4,12.7,9.8,10.5
205,2002-01,,,18.5,18.5,,,12.3,12.3,18.4,18.4,18.3,18.3,21.8,21.8
206,2012-12,10.3,10.0,8.0,6.4,12.9,14.6,5.2,7.1,0.9,6.5,12.1,11.8,6.9,6.3
207,2002-07,12.8,11.8,11.6,10.2,,,9.6,8.6,13.5,11.1,12.4,13.0,14.1,12.3
208,2011-08,13.5,14.2,9.4,10.4,18.8,19.8,8.7,9.6,14.8,13.9,15.5,16.1,10.0,10.9
209,2011-09,13.8,14.2,9.9,10.4,19.1,19.7,7.2,9.6,15.5,14.5,16.0,16.1,10.1,10.9
210,2011-06,15.1,14.3,10.7,10.7,20.8,19.7,11.2,9.6,13.6,14.0,17.2,16.1,11.3,11.1
211,2011-07,14.0,14.3,9.5,10.6,19.7,19.8,9.2,9.6,14.1,14.0,15.8,16.2,10.6,11.1
212,2011-04,13.4,14.2,10.4,11.2,18.0,19.5,8.1,9.4,15.3,16.1,15.4,15.9,9.7,11.4
213,2015-12,5.9,6.1,2.6,1.4,7.9,8.6,0.7,1.2,1.3,4.6,7.1,7.3,3.5,3.7
214,2011-02,14.9,14.1,10.5,10.6,21.7,20.3,11.7,10.5,27.7,15.2,16.5,15.6,12.2,12.2
215,2011-03,14.8,14.4,12.9,11.4,19.2,19.8,8.9,10.2,17.3,16.0,16.5,15.9,11.6,11.9
216,2017-06,7.6,6.9,6.8,6.2,7.4,6.8,3.9,1.9,5.7,-1.2,7.7,7.1,8.0,6.7
217,2017-08,6.0,6.7,7.8,6.5,3.7,6.2,-2.1,0.7,-6.9,-2.6,5.8,6.8,7.9,6.9
218,2017-07,6.4,6.8,6.7,6.3,5.5,6.6,-3.6,1.1,-6.6,-2.0,6.7,7.0,6.7,6.7
219,2017-09,6.6,6.7,9.0,6.8,5.2,6.1,-2.6,0.3,-8.1,-3.2,7.1,6.8,8.9,7.1
220,2017-10,6.2,6.7,6.6,6.8,5.0,6.0,3.6,0.7,-6.6,-3.5,6.1,6.7,6.5,7.0
221,2017-11,6.1,6.6,6.3,6.7,5.0,5.9,-0.7,0.6,-10.6,-4.2,6.2,6.6,6.8,7.0
223,2017-12,6.2,6.6,5.0,6.5,6.2,5.9,0.5,0.6,-8.6,-4.6,6.7,6.6,5.7,6.9
224,2018-02,,7.2,,9.0,,6.6,,-2.3,,-2.3,,7.3,,5.9
225,2018-03,6.0,6.8,5.7,7.9,6.7,6.6,3.9,0.1,2.1,-0.5,6.5,7.0,4.9,5.5
226,2018-04,7.0,6.9,7.7,7.9,7.1,6.7,-6.4,-1.6,3.3,0.6,7.1,7.0,6.8,5.8
227,2018-05,6.8,6.9,8.1,7.9,4.2,6.2,-2.9,-1.9,3.1,1.2,6.1,6.8,8.4,6.4
228,2018-06,6.0,6.7,6.1,7.6,5.1,6.0,-1.9,-1.9,-6.0,-0.1,6.1,6.7,5.4,6.2
239,2018-07,6.0,6.6,6.2,7.4,4.9,5.8,-2.8,-2.0,-4.4,-0.7,6.0,6.6,6.1,6.2
240,2018-08,6.1,6.5,5.6,7.2,5.6,5.8,-1.2,-1.9,2.3,-0.3,6.4,6.6,4.9,6.0
241,2018-09,5.8,6.4,5.6,7.0,6.2,5.9,2.0,-1.4,1.6,0.0,6.3,6.6,3.2,5.7
242,2018-10,5.9,6.4,4.6,6.8,6.2,5.9,-3.6,-1.6,5.1,0.5,6.7,6.6,3.9,5.5
243,2018-11,5.4,6.3,3.9,6.5,6.6,6.0,2.0,-1.2,-2.6,0.2,6.6,6.6,1.9,5.1
244,2018-12,5.7,6.2,3.6,6.2,7.8,6.2,-1.4,-1.2,10.3,1.0,7.0,6.6,1.7,4.8
245,2019-02,,5.3,,4.4,,8.3,,,,,,6.4,,-0.3
246,2019-03,8.5,6.5,4.7,4.5,14.2,10.6,,,,,10.0,7.8,4.2,1.4
247,2019-04,5.4,6.2,6.0,4.9,5.1,9.1,,,,,6.3,7.4,2.5,1.7
248,2019-05,5.0,6.0,3.7,4.7,7.8,8.8,,,,,6.6,7.2,-0.3,1.3
249,2019-06,6.3,6.0,6.2,5.0,8.3,8.7,,,,,7.6,7.3,1.8,1.4
250,2019-07,4.8,5.8,3.7,4.8,7.3,8.5,,,,,6.1,7.1,-0.2,1.2
251,2019-08,4.4,5.6,4.1,4.7,6.0,8.2,,,,,5.3,6.9,1.3,1.2
259,2019-09,5.8,5.6,4.9,4.7,6.7,8.0,,,,,6.9,6.9,2.9,1.4
260,2019-10,4.7,5.6,4.8,4.7,5.4,7.7,,,,,5.4,6.7,2.1,1.5
261,2019-11,6.2,5.6,3.7,4.6,8.9,7.8,,,,,7.0,6.7,3.2,1.7
262,2019-12,6.9,5.7,7.0,4.8,7.1,7.7,,,,,7.5,6.8,4.8,2.0
263,2020-02,,-13.5,,-7.9,,-20.2,,,,,,-14.2,,-21.4
264,2020-03,-1.1,-8.4,-2.5,-6.0,-0.5,-11.3,,,,,-0.2,-8.4,-5.4,-14.5
265,2020-04,3.9,-4.9,0.5,-4.2,7.0,-5.6,,,,,4.0,-4.9,3.9,-8.9
266,2020-05,4.4,-2.8,2.1,-3.0,7.1,-1.4,,,,,4.8,-2.2,3.4,-5.3
267,2020-06,4.8,-1.3,4.9,-1.5,4.8,-0.1,,,,,5.0,-0.8,4.2,-3.4
268,2020-07,4.8,-0.4,4.1,-0.7,4.2,0.6,,,,,4.2,0.0,7.6,-1.6
269,2020-08,5.6,0.4,5.2,0.1,5.7,1.3,,,,,5.8,0.8,5.3,-0.7
270,2020-09,6.9,1.2,6.5,0.9,7.9,2.1,,,,,6.8,1.5,7.1,0.3
271,2020-10,6.9,1.8,5.4,1.4,8.2,2.8,,,,,6.9,2.1,7.0,1.0
272,2020-11,7.0,2.3,5.9,1.8,6.8,3.2,,,,,6.8,2.6,8.3,1.7
273,2020-12,7.3,2.8,6.4,2.2,7.6,3.7,,,,,7.0,3.0,8.5,2.4
285,2021-02,,35.1,,23.0,,43.8,,,,,,34.2,,41.4
286,2021-03,14.1,24.5,10.9,16.9,16.8,29.7,,,,,13.4,23.7,17.4,29.2
287,2021-04,9.8,20.3,8.6,14.8,11.2,23.9,,,,,10.4,19.9,8.4,23.0
288,2021-05,8.8,17.8,7.7,13.4,9.1,20.4,,,,,8.9,17.5,8.5,19.7
289,2021-06,8.3,15.9,5.4,11.9,10.2,18.3,,,,,9.0,15.8,6.4,17.0
384,2021-07,6.4,14.4,7.2,11.2,6.1,16.3,,,,,7.1,14.4,3.8,14.9
385,2021-08,5.3,13.1,4.6,10.3,5.2,14.7,,,,,6.1,13.2,3.4,13.3
386,2021-09,3.1,11.8,4.5,9.6,2.8,13.1,,,,,4.0,12.0,0.4,11.6
387,2021-10,3.5,10.9,5.2,9.1,2.4,11.8,,,,,4.2,11.1,1.3,10.4
388,2021-11,3.8,10.1,3.6,8.5,3.9,10.9,,,,,4.5,10.4,1.9,9.5
389,2021-12,4.3,9.6,3.3,8.0,4.7,10.2,,,,,4.7,9.8,3.4,8.9
390,2022-02,,7.5,,5.9,,8.7,,,,,,8.4,,4.2
391,2022-03,5.0,6.5,3.3,5.0,6.0,7.6,,,,,6.9,7.8,-1.1,2.1
392,2022-04,-2.9,4.0,-2.9,3.1,-1.1,5.1,,,,,0.5,5.8,-16.1,-2.8
393,2022-05,0.7,3.3,0.7,2.6,1.1,4.2,,,,,2.3,5.0,-5.4,-3.4
394,2022-06,3.9,3.4,3.1,2.7,3.0,4.0,,,,,4.0,4.8,3.6,-2.1
