id,day,currency_id,market_id,term_id,interest_rate,currency_name
234,2017-10-19,1,5,20,2.592,人民币
258,2017-10-20,1,5,20,2.5782,人民币
213490,2017-10-23,1,5,20,2.616,人民币
420499,2017-10-24,1,5,20,2.634,人民币
650656,2017-10-25,1,5,20,2.664,人民币
797913,2017-10-26,1,5,20,2.6937,人民币
874944,2016-08-02,1,5,20,2.008,人民币元CNY
874999,2016-08-03,1,5,20,2.004,人民币元CNY
875054,2016-08-04,1,5,20,2.002,人民币元CNY
875109,2016-08-05,1,5,20,2.002,人民币元CNY
875164,2016-08-08,1,5,20,2.005,人民币元CNY
875219,2016-08-09,1,5,20,2.01,人民币元CNY
875274,2016-08-10,1,5,20,2.017,人民币元CNY
875329,2016-08-11,1,5,20,2.021,人民币元CNY
875384,2016-08-12,1,5,20,2.021,人民币元CNY
875439,2016-08-15,1,5,20,2.0233,人民币元CNY
875494,2016-08-16,1,5,20,2.022,人民币元CNY
875549,2016-08-17,1,5,20,2.022,人民币元CNY
875604,2016-08-18,1,5,20,2.023,人民币元CNY
875659,2016-08-19,1,5,20,2.023,人民币元CNY
875714,2016-08-22,1,5,20,2.0233,人民币元CNY
875769,2016-08-23,1,5,20,2.033,人民币元CNY
875823,2016-08-24,1,5,20,2.043,人民币元CNY
875878,2016-08-25,1,5,20,2.044,人民币元CNY
875933,2016-08-26,1,5,20,2.044,人民币元CNY
875960,2016-08-29,1,5,20,2.049,人民币元CNY
876008,2016-08-30,1,5,20,2.063,人民币元CNY
876063,2016-08-31,1,5,20,2.065,人民币元CNY
876118,2016-09-01,1,5,20,2.066,人民币元CNY
876169,2016-09-02,1,5,20,2.066,人民币元CNY
876227,2016-09-05,1,5,20,2.07,人民币元CNY
876282,2016-09-06,1,5,20,2.077,人民币元CNY
876337,2016-09-07,1,5,20,2.0803,人民币元CNY
876392,2016-09-08,1,5,20,2.081,人民币元CNY
876447,2016-09-09,1,5,20,2.085,人民币元CNY
876502,2016-09-12,1,5,20,2.095,人民币元CNY
876557,2016-09-13,1,5,20,2.108,人民币元CNY
876612,2016-09-14,1,5,20,2.128,人民币元CNY
876713,2016-09-18,1,5,20,2.14,人民币元CNY
876761,2016-09-19,1,5,20,2.154,人民币元CNY
876816,2016-09-20,1,5,20,2.159,人民币元CNY
876871,2016-09-21,1,5,20,2.167,人民币元CNY
876926,2016-09-22,1,5,20,2.168,人民币元CNY
876981,2016-09-23,1,5,20,2.1668,人民币元CNY
877036,2016-09-26,1,5,20,2.164,人民币元CNY
877091,2016-09-27,1,5,20,2.166,人民币元CNY
877146,2016-09-28,1,5,20,2.178,人民币元CNY
877201,2016-09-29,1,5,20,2.188,人民币元CNY
877256,2016-09-30,1,5,20,2.327,人民币元CNY
877506,2016-10-08,1,5,20,2.193,人民币元CNY
877514,2016-10-09,1,5,20,2.175,人民币元CNY
877553,2016-10-10,1,5,20,2.162,人民币元CNY
877608,2016-10-11,1,5,20,2.153,人民币元CNY
877663,2016-10-12,1,5,20,2.15,人民币元CNY
877718,2016-10-13,1,5,20,2.151,人民币元CNY
877773,2016-10-14,1,5,20,2.153,人民币元CNY
877828,2016-10-17,1,5,20,2.159,人民币元CNY
877883,2016-10-18,1,5,20,2.173,人民币元CNY
877938,2016-10-19,1,5,20,2.196,人民币元CNY
877993,2016-10-20,1,5,20,2.208,人民币元CNY
878040,2016-10-21,1,5,20,2.222,人民币元CNY
878095,2016-10-24,1,5,20,2.231,人民币元CNY
878150,2016-10-25,1,5,20,2.238,人民币元CNY
878205,2016-10-26,1,5,20,2.248,人民币元CNY
878260,2016-10-27,1,5,20,2.254,人民币元CNY
878315,2016-10-28,1,5,20,2.254,人民币元CNY
878370,2016-10-31,1,5,20,2.253,人民币元CNY
878425,2016-11-01,1,5,20,2.252,人民币元CNY
878480,2016-11-02,1,5,20,2.2492,人民币元CNY
878535,2016-11-03,1,5,20,2.245,人民币元CNY
878590,2016-11-04,1,5,20,2.232,人民币元CNY
878645,2016-11-07,1,5,20,2.206,人民币元CNY
878700,2016-11-08,1,5,20,2.187,人民币元CNY
878755,2016-11-09,1,5,20,2.182,人民币元CNY
878810,2016-11-10,1,5,20,2.196,人民币元CNY
878860,2016-11-11,1,5,20,2.211,人民币元CNY
878919,2016-11-14,1,5,20,2.231,人民币元CNY
878974,2016-11-15,1,5,20,2.247,人民币元CNY
879029,2016-11-16,1,5,20,2.257,人民币元CNY
879084,2016-11-17,1,5,20,2.259,人民币元CNY
879139,2016-11-18,1,5,20,2.265,人民币元CNY
879194,2016-11-21,1,5,20,2.271,人民币元CNY
879249,2016-11-22,1,5,20,2.273,人民币元CNY
879304,2016-11-23,1,5,20,2.277,人民币元CNY
879358,2016-11-24,1,5,20,2.282,人民币元CNY
879413,2016-11-25,1,5,20,2.289,人民币元CNY
879468,2016-11-28,1,5,20,2.298,人民币元CNY
879523,2016-11-29,1,5,20,2.302,人民币元CNY
879578,2016-11-30,1,5,20,2.316,人民币元CNY
879633,2016-12-01,1,5,20,2.325,人民币元CNY
879688,2016-12-02,1,5,20,2.32,人民币元CNY
879743,2016-12-05,1,5,20,2.308,人民币元CNY
879798,2016-12-06,1,5,20,2.299,人民币元CNY
879853,2016-12-07,1,5,20,2.292,人民币元CNY
879908,2016-12-08,1,5,20,2.2908,人民币元CNY
879963,2016-12-09,1,5,20,2.2925,人民币元CNY
880018,2016-12-12,1,5,20,2.292,人民币元CNY
880073,2016-12-13,1,5,20,2.296,人民币元CNY
880128,2016-12-14,1,5,20,2.3,人民币元CNY
880183,2016-12-15,1,5,20,2.311,人民币元CNY
880238,2016-12-16,1,5,20,2.33,人民币元CNY
880293,2016-12-19,1,5,20,2.335,人民币元CNY
880348,2016-12-20,1,5,20,2.345,人民币元CNY
880403,2016-12-21,1,5,20,2.345,人民币元CNY
880458,2016-12-22,1,5,20,2.341,人民币元CNY
880513,2016-12-23,1,5,20,2.323,人民币元CNY
880528,2016-12-26,1,5,20,2.294,人民币元CNY
880540,2016-12-27,1,5,20,2.264,人民币元CNY
880588,2016-12-28,1,5,20,2.246,人民币元CNY
880643,2016-12-29,1,5,20,2.227,人民币元CNY
880698,2016-12-30,1,5,20,2.23,人民币元CNY
880753,2017-01-03,1,5,20,2.209,人民币元CNY
880808,2017-01-04,1,5,20,2.172,人民币元CNY
880863,2017-01-05,1,5,20,2.13,人民币元CNY
880918,2017-01-06,1,5,20,2.112,人民币元CNY
880973,2017-01-09,1,5,20,2.094,人民币元CNY
881028,2017-01-10,1,5,20,2.096,人民币元CNY
881083,2017-01-11,1,5,20,2.104,人民币元CNY
881138,2017-01-12,1,5,20,2.103,人民币元CNY
881193,2017-01-13,1,5,20,2.104,人民币元CNY
881247,2017-01-16,1,5,20,2.142,人民币元CNY
881302,2017-01-17,1,5,20,2.2563,人民币元CNY
881357,2017-01-18,1,5,20,2.328,人民币元CNY
881412,2017-01-19,1,5,20,2.364,人民币元CNY
881467,2017-01-20,1,5,20,2.376,人民币元CNY
881482,2017-01-22,1,5,20,2.189,人民币元CNY
881530,2017-01-23,1,5,20,2.175,人民币元CNY
881585,2017-01-24,1,5,20,2.164,人民币元CNY
881640,2017-01-25,1,5,20,2.165,人民币元CNY
881695,2017-01-26,1,5,20,2.5293,人民币元CNY
881930,2017-02-03,1,5,20,2.218,人民币元CNY
881945,2017-02-04,1,5,20,2.2571,人民币元CNY
881993,2017-02-06,1,5,20,2.278,人民币元CNY
882048,2017-02-07,1,5,20,2.281,人民币元CNY
882103,2017-02-08,1,5,20,2.2765,人民币元CNY
882158,2017-02-09,1,5,20,2.272,人民币元CNY
882213,2017-02-10,1,5,20,2.2678,人民币元CNY
882268,2017-02-13,1,5,20,2.264,人民币元CNY
882323,2017-02-14,1,5,20,2.261,人民币元CNY
882378,2017-02-15,1,5,20,2.2658,人民币元CNY
882433,2017-02-16,1,5,20,2.333,人民币元CNY
882488,2017-02-17,1,5,20,2.36,人民币元CNY
882541,2017-02-20,1,5,20,2.4086,人民币元CNY
882596,2017-02-21,1,5,20,2.483,人民币元CNY
882651,2017-02-22,1,5,20,2.4845,人民币元CNY
882706,2017-02-23,1,5,20,2.5271,人民币元CNY
882761,2017-02-24,1,5,20,2.4756,人民币元CNY
882816,2017-02-27,1,5,20,2.4338,人民币元CNY
882871,2017-02-28,1,5,20,2.493,人民币元CNY
882926,2017-03-01,1,5,20,2.4943,人民币元CNY
882981,2017-03-02,1,5,20,2.4611,人民币元CNY
883036,2017-03-03,1,5,20,2.369,人民币元CNY
883091,2017-03-06,1,5,20,2.4033,人民币元CNY
883146,2017-03-07,1,5,20,2.4041,人民币元CNY
883201,2017-03-08,1,5,20,2.4061,人民币元CNY
883255,2017-03-09,1,5,20,2.4076,人民币元CNY
883310,2017-03-10,1,5,20,2.4019,人民币元CNY
883365,2017-03-13,1,5,20,2.379,人民币元CNY
883420,2017-03-14,1,5,20,2.3761,人民币元CNY
883475,2017-03-15,1,5,20,2.3869,人民币元CNY
883530,2017-03-16,1,5,20,2.441,人民币元CNY
883585,2017-03-17,1,5,20,2.633,人民币元CNY
883640,2017-03-20,1,5,20,2.6325,人民币元CNY
883695,2017-03-21,1,5,20,2.6477,人民币元CNY
883750,2017-03-22,1,5,20,2.6507,人民币元CNY
883805,2017-03-23,1,5,20,2.657,人民币元CNY
883860,2017-03-24,1,5,20,2.604,人民币元CNY
883915,2017-03-27,1,5,20,2.482,人民币元CNY
883970,2017-03-28,1,5,20,2.448,人民币元CNY
884025,2017-03-29,1,5,20,2.521,人民币元CNY
884080,2017-03-30,1,5,20,2.507,人民币元CNY
884135,2017-03-31,1,5,20,2.5384,人民币元CNY
884150,2017-04-01,1,5,20,2.497,人民币元CNY
884284,2017-04-05,1,5,20,2.4868,人民币元CNY
884339,2017-04-06,1,5,20,2.537,人民币元CNY
884394,2017-04-07,1,5,20,2.4957,人民币元CNY
884449,2017-04-10,1,5,20,2.442,人民币元CNY
884504,2017-04-11,1,5,20,2.408,人民币元CNY
884559,2017-04-12,1,5,20,2.3885,人民币元CNY
884614,2017-04-13,1,5,20,2.413,人民币元CNY
884637,2017-04-14,1,5,20,2.429,人民币元CNY
884649,2017-04-17,1,5,20,2.444,人民币元CNY
884697,2017-04-18,1,5,20,2.486,人民币元CNY
884752,2017-04-19,1,5,20,2.575,人民币元CNY
884807,2017-04-20,1,5,20,2.5987,人民币元CNY
884862,2017-04-21,1,5,20,2.6163,人民币元CNY
884917,2017-04-24,1,5,20,2.7157,人民币元CNY
884972,2017-04-25,1,5,20,2.7514,人民币元CNY
885027,2017-04-26,1,5,20,2.759,人民币元CNY
885082,2017-04-27,1,5,20,2.792,人民币元CNY
885137,2017-04-28,1,5,20,2.819,人民币元CNY
885192,2017-05-02,1,5,20,2.8175,人民币元CNY
885239,2017-05-03,1,5,20,2.8451,人民币元CNY
885294,2017-05-04,1,5,20,2.8506,人民币元CNY
885349,2017-05-05,1,5,20,2.8348,人民币元CNY
885404,2017-05-08,1,5,20,2.818,人民币元CNY
885459,2017-05-09,1,5,20,2.8199,人民币元CNY
885510,2017-05-10,1,5,20,2.827,人民币元CNY
885565,2017-05-11,1,5,20,2.813,人民币元CNY
885620,2017-05-12,1,5,20,2.7911,人民币元CNY
885675,2017-05-15,1,5,20,2.716,人民币元CNY
885730,2017-05-16,1,5,20,2.746,人民币元CNY
885785,2017-05-17,1,5,20,2.7525,人民币元CNY
885840,2017-05-18,1,5,20,2.7641,人民币元CNY
885895,2017-05-19,1,5,20,2.715,人民币元CNY
885950,2017-05-22,1,5,20,2.6745,人民币元CNY
886005,2017-05-23,1,5,20,2.654,人民币元CNY
886060,2017-05-24,1,5,20,2.623,人民币元CNY
886115,2017-05-25,1,5,20,2.611,人民币元CNY
886170,2017-05-26,1,5,20,2.609,人民币元CNY
886185,2017-05-27,1,5,20,2.601,人民币元CNY
886284,2017-05-31,1,5,20,2.6365,人民币元CNY
886339,2017-06-01,1,5,20,2.6525,人民币元CNY
886394,2017-06-02,1,5,20,2.7953,人民币元CNY
886449,2017-06-05,1,5,20,2.8167,人民币元CNY
886503,2017-06-06,1,5,20,2.8419,人民币元CNY
886558,2017-06-07,1,5,20,2.809,人民币元CNY
886613,2017-06-08,1,5,20,2.8199,人民币元CNY
886668,2017-06-09,1,5,20,2.8275,人民币元CNY
886723,2017-06-12,1,5,20,2.8302,人民币元CNY
886778,2017-06-13,1,5,20,2.832,人民币元CNY
886833,2017-06-14,1,5,20,2.825,人民币元CNY
886888,2017-06-15,1,5,20,2.8317,人民币元CNY
886943,2017-06-16,1,5,20,2.8528,人民币元CNY
886998,2017-06-19,1,5,20,2.8635,人民币元CNY
887053,2017-06-20,1,5,20,2.8776,人民币元CNY
887108,2017-06-21,1,5,20,2.889,人民币元CNY
887135,2017-06-22,1,5,20,2.869,人民币元CNY
887179,2017-06-23,1,5,20,2.81,人民币元CNY
887269,2017-06-27,1,5,20,2.626,人民币元CNY
887324,2017-06-28,1,5,20,2.5596,人民币元CNY
887379,2017-06-29,1,5,20,2.539,人民币元CNY
887434,2017-06-30,1,5,20,2.618,人民币元CNY
887489,2017-07-03,1,5,20,2.72,人民币元CNY
887543,2017-07-04,1,5,20,2.6897,人民币元CNY
887598,2017-07-05,1,5,20,2.583,人民币元CNY
887653,2017-07-06,1,5,20,2.5473,人民币元CNY
887708,2017-07-07,1,5,20,2.533,人民币元CNY
887763,2017-07-10,1,5,20,2.549,人民币元CNY
887818,2017-07-11,1,5,20,2.621,人民币元CNY
887873,2017-07-12,1,5,20,2.646,人民币元CNY
887928,2017-07-13,1,5,20,2.659,人民币元CNY
887983,2017-07-14,1,5,20,2.627,人民币元CNY
888038,2017-07-17,1,5,20,2.6329,人民币元CNY
888093,2017-07-18,1,5,20,2.701,人民币元CNY
888148,2017-07-19,1,5,20,2.722,人民币元CNY
888203,2017-07-20,1,5,20,2.7534,人民币元CNY
888258,2017-07-21,1,5,20,2.733,人民币元CNY
888313,2017-07-24,1,5,20,2.708,人民币元CNY
888368,2017-07-25,1,5,20,2.7147,人民币元CNY
888423,2017-07-26,1,5,20,2.725,人民币元CNY
888478,2017-07-27,1,5,20,2.786,人民币元CNY
888533,2017-07-28,1,5,20,2.8152,人民币元CNY
888588,2017-07-31,1,5,20,2.806,人民币元CNY
888643,2017-08-01,1,5,20,2.8093,人民币元CNY
888698,2017-08-02,1,5,20,2.832,人民币元CNY
888753,2017-08-03,1,5,20,2.807,人民币元CNY
888808,2017-08-04,1,5,20,2.721,人民币元CNY
888863,2017-08-07,1,5,20,2.736,人民币元CNY
888918,2017-08-08,1,5,20,2.784,人民币元CNY
888973,2017-08-09,1,5,20,2.8018,人民币元CNY
889028,2017-08-10,1,5,20,2.797,人民币元CNY
889083,2017-08-11,1,5,20,2.79,人民币元CNY
889142,2017-08-14,1,5,20,2.7743,人民币元CNY
889193,2017-08-15,1,5,20,2.798,人民币元CNY
889220,2017-08-16,1,5,20,2.8213,人民币元CNY
889264,2017-08-17,1,5,20,2.8352,人民币元CNY
889358,2017-08-21,1,5,20,2.8482,人民币元CNY
889413,2017-08-22,1,5,20,2.8171,人民币元CNY
889468,2017-08-23,1,5,20,2.8453,人民币元CNY
889523,2017-08-24,1,5,20,2.8479,人民币元CNY
889578,2017-08-25,1,5,20,2.855,人民币元CNY
889605,2017-08-28,1,5,20,2.851,人民币元CNY
889653,2017-08-29,1,5,20,2.922,人民币元CNY
889708,2017-08-30,1,5,20,2.9237,人民币元CNY
889763,2017-08-31,1,5,20,2.831,人民币元CNY
889814,2017-09-01,1,5,20,2.813,人民币元CNY
889868,2017-09-04,1,5,20,2.75,人民币元CNY
889923,2017-09-05,1,5,20,2.665,人民币元CNY
889978,2017-09-06,1,5,20,2.641,人民币元CNY
890033,2017-09-07,1,5,20,2.6406,人民币元CNY
890088,2017-09-08,1,5,20,2.636,人民币元CNY
890143,2017-09-11,1,5,20,2.644,人民币元CNY
890198,2017-09-12,1,5,20,2.6483,人民币元CNY
890253,2017-09-13,1,5,20,2.65,人民币元CNY
890308,2017-09-14,1,5,20,2.681,人民币元CNY
890363,2017-09-15,1,5,20,2.6958,人民币元CNY
890418,2017-09-18,1,5,20,2.756,人民币元CNY
890473,2017-09-19,1,5,20,2.832,人民币元CNY
890528,2017-09-20,1,5,20,2.79,人民币元CNY
890583,2017-09-21,1,5,20,2.8057,人民币元CNY
890638,2017-09-22,1,5,20,2.756,人民币元CNY
890693,2017-09-25,1,5,20,2.758,人民币元CNY
890748,2017-09-26,1,5,20,2.837,人民币元CNY
890803,2017-09-27,1,5,20,2.863,人民币元CNY
890858,2017-09-28,1,5,20,2.917,人民币元CNY
890909,2017-09-29,1,5,20,2.804,人民币元CNY
890924,2017-09-30,1,5,20,2.938,人民币元CNY
891186,2017-10-09,1,5,20,2.74,人民币元CNY
891241,2017-10-10,1,5,20,2.738,人民币元CNY
891296,2017-10-11,1,5,20,2.741,人民币元CNY
891351,2017-10-12,1,5,20,2.657,人民币元CNY
891406,2017-10-13,1,5,20,2.605,人民币元CNY
891461,2017-10-16,1,5,20,2.594,人民币元CNY
891516,2017-10-17,1,5,20,2.6003,人民币元CNY
891567,2017-10-18,1,5,20,2.596,人民币元CNY
891604,2017-10-31,1,5,20,2.736,人民币
891661,2017-10-30,1,5,20,2.72,人民币
891711,2017-10-27,1,5,20,2.7181,人民币
891736,2017-11-01,1,5,20,2.739,人民币
891790,2017-11-02,1,5,20,2.626,人民币
891848,2017-11-03,1,5,20,2.5772,人民币
891906,2017-11-06,1,5,20,2.512,人民币
891964,2017-11-07,1,5,20,2.552,人民币
892022,2017-11-09,1,5,20,2.646,人民币
892078,2017-11-08,1,5,20,2.595,人民币
892179,2017-11-13,1,5,20,2.787,人民币
892229,2017-11-10,1,5,20,2.717,人民币
892251,2017-11-14,1,5,20,2.827,人民币
892309,2017-11-15,1,5,20,2.806,人民币
892366,2017-11-16,1,5,20,2.8,人民币
892422,2017-11-17,1,5,20,2.738,人民币
892447,2017-11-20,1,5,20,2.786,人民币
892524,2017-11-21,1,5,20,2.808,人民币
892581,2017-11-22,1,5,20,2.809,人民币
892639,2017-11-23,1,5,20,2.803,人民币
892696,2017-11-24,1,5,20,2.797,人民币
892753,2017-11-27,1,5,20,2.819,人民币
892809,2017-11-28,1,5,20,2.799,人民币
892867,2017-11-29,1,5,20,2.683,人民币
892895,2017-11-30,1,5,20,2.788,人民币
892949,2017-12-01,1,5,20,2.642,人民币
893027,2017-12-04,1,5,20,2.6,人民币
893084,2017-12-05,1,5,20,2.579,人民币
893140,2017-12-06,1,5,20,2.573,人民币
893198,2017-12-07,1,5,20,2.585,人民币
893265,2017-12-11,1,5,20,2.688,人民币
893315,2017-12-08,1,5,20,2.608,人民币
893372,2017-12-12,1,5,20,2.726,人民币
893395,2017-12-13,1,5,20,2.788,人民币
893474,2017-12-14,1,5,20,2.803,人民币
893532,2017-12-15,1,5,20,2.724,人民币
893589,2017-12-18,1,5,20,2.723,人民币
893647,2017-12-19,1,5,20,2.741,人民币
893671,2017-12-20,1,5,20,2.73,人民币
893763,2017-12-21,1,5,20,2.665,人民币
893785,2017-12-22,1,5,20,2.612,人民币
893855,2017-12-25,1,5,20,2.569,人民币
893870,2017-12-26,1,5,20,2.589,人民币
893894,2018-01-18,1,5,20,2.7655,人民币
893952,2018-01-17,1,5,20,2.765,人民币
894010,2018-01-16,1,5,20,2.785,人民币
894067,2018-01-15,1,5,20,2.794,人民币
894089,2018-01-19,1,5,20,2.836,人民币
894147,2018-01-22,1,5,20,2.771,人民币
894205,2018-01-23,1,5,20,2.602,人民币
894264,2018-01-24,1,5,20,2.574,人民币
894323,2018-01-25,1,5,20,2.5634,人民币
894347,2018-01-26,1,5,20,2.5506,人民币
894426,2018-01-29,1,5,20,2.566,人民币
894485,2018-01-30,1,5,20,2.554,人民币
894544,2018-01-31,1,5,20,2.594,人民币
894601,2018-02-01,1,5,20,2.5154,人民币
894660,2018-02-02,1,5,20,2.5173,人民币
894759,2018-02-06,1,5,20,2.539,人民币
894825,2018-02-07,1,5,20,2.571,人民币
894883,2018-02-08,1,5,20,2.572,人民币
894942,2018-02-09,1,5,20,2.589,人民币
895001,2018-02-12,1,5,20,2.585,人民币
895008,2018-02-11,1,5,20,2.608,人民币
895067,2018-02-13,1,5,20,2.587,人民币
895131,2018-02-14,1,5,20,2.723,人民币
895203,2018-02-23,1,5,20,2.597,人民币
895253,2018-02-22,1,5,20,2.631,人民币
895335,2018-02-26,1,5,20,2.571,人民币
895342,2018-02-24,1,5,20,2.56,人民币
895401,2018-02-27,1,5,20,2.561,人民币
895425,2018-02-28,1,5,20,2.708,人民币
895468,2018-03-01,1,5,20,2.691,人民币
895562,2018-03-02,1,5,20,2.773,人民币
895621,2018-03-05,1,5,20,2.652,人民币
895679,2018-03-06,1,5,20,2.617,人民币
895738,2018-03-07,1,5,20,2.592,人民币
895797,2018-03-08,1,5,20,2.57,人民币
895856,2018-03-09,1,5,20,2.573,人民币
895950,2018-03-12,1,5,20,2.586,人民币
895973,2018-03-13,1,5,20,2.637,人民币
896032,2018-03-14,1,5,20,2.633,人民币
896090,2018-03-15,1,5,20,2.632,人民币
896149,2018-03-16,1,5,20,2.586,人民币
896243,2018-03-19,1,5,20,2.561,人民币
896273,2018-03-20,1,5,20,2.558,人民币
896311,2018-03-22,1,5,20,2.549,人民币
896335,2018-03-21,1,5,20,2.559,人民币
896392,2018-03-23,1,5,20,2.545,人民币
896436,2018-03-26,1,5,20,2.543,人民币
896514,2018-03-27,1,5,20,2.5935,人民币
896572,2018-03-28,1,5,20,2.592,人民币
896630,2018-03-29,1,5,20,2.581,人民币
896714,2018-03-30,1,5,20,2.69,人民币
896728,2018-04-02,1,5,20,2.622,人民币
896752,2018-04-03,1,5,20,2.574,人民币
896776,2018-04-04,1,5,20,2.469,人民币
896903,2018-04-08,1,5,20,2.446,人民币
896962,2018-04-09,1,5,20,2.528,人民币
896986,2018-04-10,1,5,20,2.551,人民币
897045,2018-04-11,1,5,20,2.561,人民币
897102,2018-04-12,1,5,20,2.557,人民币
897161,2018-04-13,1,5,20,2.557,人民币
897255,2018-04-17,1,5,20,2.665,人民币
897314,2018-04-16,1,5,20,2.582,人民币
897338,2018-04-18,1,5,20,2.679,人民币
897396,2018-04-19,1,5,20,2.733,人民币
897453,2018-04-20,1,5,20,2.747,人民币
897545,2018-04-23,1,5,20,2.724,人民币
897567,2018-04-24,1,5,20,2.736,人民币
897591,2018-04-25,1,5,20,2.728,人民币
897684,2018-04-26,1,5,20,2.765,人民币
897706,2018-04-27,1,5,20,2.921,人民币
897791,2018-04-28,1,5,20,2.824,人民币
897813,2018-05-02,1,5,20,2.72,人民币
897879,2018-05-03,1,5,20,2.681,人民币
897922,2018-05-04,1,5,20,2.594,人民币
898042,2018-05-07,1,5,20,2.582,人民币
898065,2018-05-08,1,5,20,2.575,人民币
898088,2018-05-09,1,5,20,2.52,人民币
898154,2018-05-11,1,5,20,2.487,人民币
898169,2018-05-10,1,5,20,2.509,人民币
898263,2018-05-14,1,5,20,2.58,人民币
898286,2018-05-15,1,5,20,2.641,人民币
898309,2018-05-16,1,5,20,2.766,人民币
898400,2018-05-17,1,5,20,2.597,人民币
898522,2018-06-01,1,5,20,2.801,人民币
898523,2018-05-31,1,5,20,2.831,人民币
898524,2018-05-30,1,5,20,2.884,人民币
898525,2018-05-29,1,5,20,2.742,人民币
898526,2018-05-28,1,5,20,2.533,人民币
898527,2018-05-25,1,5,20,2.528,人民币
898528,2018-05-24,1,5,20,2.53,人民币
898529,2018-05-23,1,5,20,2.53,人民币
898530,2018-05-22,1,5,20,2.525,人民币
898531,2018-05-21,1,5,20,2.527,人民币
898532,2018-05-18,1,5,20,2.563,人民币
901026,2018-06-05,1,5,20,2.584,人民币
901082,2018-06-06,1,5,20,2.562,人民币
901131,2018-06-07,1,5,20,2.555,人民币
901180,2018-06-08,1,5,20,2.563,人民币
901229,2018-06-11,1,5,20,2.573,人民币
901277,2018-06-12,1,5,20,2.584,人民币
901327,2018-06-13,1,5,20,2.589,人民币
901378,2018-06-14,1,5,20,2.591,人民币
901428,2018-06-15,1,5,20,2.592,人民币
901499,2018-06-19,1,5,20,2.59,人民币
901573,2018-06-20,1,5,20,2.619,人民币
901623,2018-06-21,1,5,20,2.593,人民币
901673,2018-06-22,1,5,20,2.586,人民币
901744,2018-06-25,1,5,20,2.564,人民币
901775,2018-06-26,1,5,20,2.518,人民币
901825,2018-06-27,1,5,20,2.445,人民币
901874,2018-06-28,1,5,20,2.289,人民币
901924,2018-06-29,1,5,20,2.628,人民币
902158,2018-07-09,1,5,20,1.991,人民币
902188,2018-07-10,1,5,20,2.308,人民币
902237,2018-07-11,1,5,20,2.406,人民币
902287,2018-07-12,1,5,20,2.487,人民币
902337,2018-07-13,1,5,20,2.48,人民币
902407,2018-07-16,1,5,20,2.557,人民币
902437,2018-07-17,1,5,20,2.591,人民币
902486,2018-07-18,1,5,20,2.525,人民币
902537,2018-07-19,1,5,20,2.416,人民币
902588,2018-07-20,1,5,20,2.346,人民币
902657,2018-07-23,1,5,20,2.362,人民币
902685,2018-07-24,1,5,20,2.353,人民币
902715,2018-07-25,1,5,20,2.349,人民币
902763,2018-07-26,1,5,20,2.321,人民币
902811,2018-07-27,1,5,20,2.284,人民币
902879,2018-07-30,1,5,20,2.198,人民币
902909,2018-07-31,1,5,20,2.066,人民币
902937,2018-08-01,1,5,20,2.028,人民币
902965,2018-08-02,1,5,20,1.97,人民币
902985,2018-08-03,1,5,20,1.849,人民币
903055,2018-08-06,1,5,20,1.819,人民币
903086,2018-08-07,1,5,20,1.613,人民币
903135,2018-08-09,1,5,20,1.622,人民币
903186,2018-08-10,1,5,20,1.826,人民币
903255,2018-08-13,1,5,20,2.113,人民币
903285,2018-08-14,1,5,20,2.328,人民币
903336,2018-08-24,1,5,20,2.392,人民币
903407,2018-08-27,1,5,20,2.44,人民币
903438,2018-08-28,1,5,20,2.4255,人民币
903466,2018-08-29,1,5,20,2.3895,人民币
903515,2018-08-30,1,5,20,2.277,人民币
903563,2018-08-31,1,5,20,2.309,人民币
903633,2018-09-03,1,5,20,2.277,人民币
903653,2018-09-04,1,5,20,2.195,人民币
903703,2018-09-05,1,5,20,2.164,人民币
903753,2018-09-06,1,5,20,2.494,人民币
903803,2018-09-07,1,5,20,2.591,人民币
903872,2018-09-10,1,5,20,2.573,人民币
903903,2018-09-11,1,5,20,2.59,人民币
903953,2018-09-12,1,5,20,2.557,人民币
904003,2018-09-13,1,5,20,2.53,人民币
904054,2018-09-14,1,5,20,2.489,人民币
904122,2018-09-17,1,5,20,2.466,人民币
904152,2018-09-18,1,5,20,2.654,人民币
904201,2018-09-19,1,5,20,2.562,人民币
904251,2018-09-20,1,5,20,2.519,人民币
904302,2018-09-21,1,5,20,2.514,人民币
904411,2018-09-26,1,5,20,2.553,人民币
904462,2018-09-27,1,5,20,2.46,人民币
904510,2018-09-28,1,5,20,2.445,人民币
904556,2018-09-29,1,5,20,2.073,人民币
904591,2018-09-30,1,5,20,2.653,人民币
904738,2018-10-08,1,5,20,2.536,人民币
904767,2018-10-09,1,5,20,2.502,人民币
904815,2018-10-10,1,5,20,2.398,人民币
904865,2018-10-11,1,5,20,2.36,人民币
904912,2018-10-12,1,5,20,2.439,人民币
904981,2018-10-15,1,5,20,2.377,人民币
905010,2018-10-16,1,5,20,2.373,人民币
905343,2018-10-26,1,5,20,2.067,人民币
905413,2018-10-29,1,5,20,1.852,人民币
905438,2018-10-30,1,5,20,1.566,人民币
905484,2018-10-31,1,5,20,2.37,人民币
905528,2018-10-25,1,5,20,2.215,人民币
905529,2018-10-24,1,5,20,2.393,人民币
905530,2018-10-23,1,5,20,2.451,人民币
905531,2018-10-22,1,5,20,2.475,人民币
905532,2018-10-19,1,5,20,2.445,人民币
905533,2018-10-18,1,5,20,2.427,人民币
905534,2018-10-17,1,5,20,2.353,人民币
905535,2018-09-25,1,5,20,2.543,人民币
905536,2018-08-23,1,5,20,2.454,人民币
905537,2018-08-22,1,5,20,2.538,人民币
905538,2018-08-21,1,5,20,2.636,人民币
905539,2018-08-20,1,5,20,2.625,人民币
905540,2018-08-17,1,5,20,2.58,人民币
905541,2018-08-16,1,5,20,2.511,人民币
905542,2018-08-15,1,5,20,2.345,人民币
905543,2018-08-08,1,5,20,1.422,人民币
905544,2018-07-06,1,5,20,1.967,人民币
905545,2018-07-05,1,5,20,2.132,人民币
905546,2018-07-04,1,5,20,2.199,人民币
905547,2018-07-03,1,5,20,2.42,人民币
905548,2018-07-02,1,5,20,2.519,人民币
905549,2018-06-04,1,5,20,2.599,人民币
905550,2018-02-05,1,5,20,2.5305,人民币
905551,2018-01-12,1,5,20,2.83,人民币
905552,2018-01-11,1,5,20,2.832,人民币
905553,2018-01-10,1,5,20,2.643,人民币
905554,2018-01-09,1,5,20,2.529,人民币
905555,2018-01-08,1,5,20,2.461,人民币
905556,2018-01-05,1,5,20,2.484,人民币
905557,2018-01-04,1,5,20,2.505,人民币
905558,2018-01-03,1,5,20,2.5635,人民币
905559,2018-01-02,1,5,20,2.657,人民币
905560,2017-12-29,1,5,20,2.84,人民币
905561,2017-12-28,1,5,20,2.672,人民币
905562,2017-12-27,1,5,20,2.666,人民币
905563,2017-08-18,1,5,20,2.8355,人民币
905564,2017-06-26,1,5,20,2.717,人民币
981787,2018-11-01,1,5,20,2.547,人民币
981835,2018-11-02,1,5,20,2.477,人民币
981903,2018-11-05,1,5,20,2.4345,人民币
981932,2018-11-06,1,5,20,2.27,人民币
981982,2018-11-07,1,5,20,2.0906,人民币
982030,2018-11-08,1,5,20,1.978,人民币
982079,2018-11-09,1,5,20,2.038,人民币
982148,2018-11-12,1,5,20,2.309,人民币
982178,2018-11-13,1,5,20,2.468,人民币
982226,2018-11-14,1,5,20,2.325,人民币
982276,2018-11-15,1,5,20,2.339,人民币
982325,2018-11-16,1,5,20,2.345,人民币
982394,2018-11-19,1,5,20,2.551,人民币
982424,2018-11-20,1,5,20,2.609,人民币
982473,2018-11-21,1,5,20,2.579,人民币
982523,2018-11-22,1,5,20,2.456,人民币
982572,2018-11-23,1,5,20,2.356,人民币
982640,2018-11-26,1,5,20,2.498,人民币
982670,2018-11-27,1,5,20,2.556,人民币
982717,2018-11-28,1,5,20,2.539,人民币
982766,2018-11-29,1,5,20,2.262,人民币
982815,2018-11-30,1,5,20,2.642,人民币
982885,2018-12-03,1,5,20,2.515,人民币
982916,2018-12-04,1,5,20,2.445,人民币
982966,2018-12-05,1,5,20,2.267,人民币
983017,2018-12-06,1,5,20,2.418,人民币
983068,2018-12-07,1,5,20,2.416,人民币
983139,2018-12-10,1,5,20,2.453,人民币
983170,2018-12-11,1,5,20,2.463,人民币
983221,2018-12-12,1,5,20,2.424,人民币
983272,2018-12-13,1,5,20,2.519,人民币
983323,2018-12-14,1,5,20,2.655,人民币
983394,2018-12-17,1,5,20,2.625,人民币
983425,2018-12-18,1,5,20,2.669,人民币
983475,2018-12-19,1,5,20,2.654,人民币
983526,2018-12-20,1,5,20,2.567,人民币
983576,2018-12-21,1,5,20,2.486,人民币
983647,2018-12-24,1,5,20,2.316,人民币
983678,2018-12-25,1,5,20,2.028,人民币
983701,2018-12-26,1,5,20,2.029,人民币
983739,2018-12-27,1,5,20,1.793,人民币
983769,2018-12-28,1,5,20,1.47,人民币
983820,2018-12-29,1,5,20,2.554,人民币
983870,2019-01-02,1,5,20,2.3,人民币
983918,2019-01-03,1,5,20,1.968,人民币
983966,2019-01-04,1,5,20,1.649,人民币
984034,2019-01-07,1,5,20,1.447,人民币
984064,2019-01-08,1,5,20,1.414,人民币
984111,2019-01-09,1,5,20,1.567,人民币
984160,2019-01-10,1,5,20,1.743,人民币
984208,2019-01-11,1,5,20,1.708,人民币
984277,2019-01-14,1,5,20,1.878,人民币
984308,2019-01-15,1,5,20,2.245,人民币
984357,2019-01-16,1,5,20,2.306,人民币
984405,2019-01-17,1,5,20,2.259,人民币
984453,2019-01-18,1,5,20,2.1785,人民币
984523,2019-01-21,1,5,20,2.24,人民币
984553,2019-01-22,1,5,20,2.243,人民币
984602,2019-01-23,1,5,20,2.244,人民币
984652,2019-01-24,1,5,20,2.263,人民币
984702,2019-01-25,1,5,20,2.362,人民币
984772,2019-01-28,1,5,20,2.194,人民币
984802,2019-01-29,1,5,20,2.078,人民币
984851,2019-01-30,1,5,20,2.0021,人民币
984899,2019-01-31,1,5,20,2.238,人民币
984948,2019-02-01,1,5,20,2.1,人民币
984998,2019-02-02,1,5,20,2.264,人民币
985034,2019-02-03,1,5,20,2.086,人民币
985165,2019-02-11,1,5,20,2.265,人民币
985194,2019-02-12,1,5,20,2.017,人民币
985245,2019-02-13,1,5,20,1.722,人民币
985295,2019-02-14,1,5,20,1.721,人民币
985346,2019-02-15,1,5,20,1.713,人民币
985417,2019-02-18,1,5,20,1.8224,人民币
985447,2019-02-19,1,5,20,1.967,人民币
985496,2019-02-20,1,5,20,1.854,人民币
985545,2019-02-21,1,5,20,2.03,人民币
985595,2019-02-22,1,5,20,2.431,人民币
985665,2019-02-25,1,5,20,2.605,人民币
985695,2019-02-26,1,5,20,2.705,人民币
985745,2019-02-27,1,5,20,2.654,人民币
985795,2019-02-28,1,5,20,2.584,人民币
985844,2019-03-01,1,5,20,2.155,人民币
985909,2019-03-04,1,5,20,1.933,人民币
985938,2019-03-05,1,5,20,2.266,人民币
985989,2019-03-06,1,5,20,2.074,人民币
986039,2019-03-07,1,5,20,2.06,人民币
986089,2019-03-08,1,5,20,2.047,人民币
986158,2019-03-11,1,5,20,2.092,人民币
986188,2019-03-12,1,5,20,2.365,人民币
986236,2019-03-13,1,5,20,2.079,人民币
986286,2019-03-14,1,5,20,2.31,人民币
986335,2019-03-15,1,5,20,2.655,人民币
986405,2019-03-18,1,5,20,2.756,人民币
986435,2019-03-19,1,5,20,2.666,人民币
986484,2019-03-20,1,5,20,2.714,人民币
986534,2019-03-21,1,5,20,2.661,人民币
986584,2019-03-22,1,5,20,2.62,人民币
986654,2019-03-25,1,5,20,2.535,人民币
986682,2019-03-26,1,5,20,2.495,人民币
986730,2019-03-27,1,5,20,2.286,人民币
986780,2019-03-28,1,5,20,2.041,人民币
986829,2019-03-29,1,5,20,2.486,人民币
986898,2019-04-01,1,5,20,2.315,人民币
986927,2019-04-02,1,5,20,1.956,人民币
986975,2019-04-03,1,5,20,1.663,人民币
987024,2019-04-04,1,5,20,1.417,人民币
987113,2019-04-08,1,5,20,1.428,人民币
987144,2019-04-09,1,5,20,1.797,人民币
987193,2019-04-10,1,5,20,2.278,人民币
987243,2019-04-11,1,5,20,2.735,人民币
987293,2019-04-12,1,5,20,2.652,人民币
987362,2019-04-15,1,5,20,2.797,人民币
987391,2019-04-16,1,5,20,2.883,人民币
987442,2019-04-17,1,5,20,2.998,人民币
987492,2019-04-18,1,5,20,2.812,人民币
987537,2019-04-30,1,5,20,2.086,人民币
987538,2019-04-29,1,5,20,1.7,人民币
987539,2019-04-28,1,5,20,2.07,人民币
987540,2019-04-26,1,5,20,2.496,人民币
987541,2019-04-25,1,5,20,2.785,人民币
987542,2019-04-24,1,5,20,2.752,人民币
987543,2019-04-23,1,5,20,2.828,人民币
987544,2019-04-22,1,5,20,2.557,人民币
987545,2019-04-19,1,5,20,2.661,人民币
987972,2019-05-05,1,5,20,1.79,人民币
987990,2019-05-06,1,5,20,1.642,人民币
988020,2019-05-07,1,5,20,1.391,人民币
988047,2019-05-08,1,5,20,1.141,人民币
988097,2019-05-09,1,5,20,1.513,人民币
988148,2019-05-10,1,5,20,1.826,人民币
988219,2019-05-13,1,5,20,2.156,人民币
988242,2019-05-14,1,5,20,2.4123,人民币
988292,2019-05-15,1,5,20,2.5334,人民币
988343,2019-05-16,1,5,20,2.281,人民币
988391,2019-05-17,1,5,20,2.134,人民币
988460,2019-05-20,1,5,20,2.5845,人民币
988490,2019-05-21,1,5,20,2.75,人民币
988537,2019-05-22,1,5,20,2.623,人民币
988588,2019-05-23,1,5,20,2.584,人民币
988638,2019-05-24,1,5,20,2.342,人民币
988708,2019-05-27,1,5,20,2.666,人民币
988737,2019-05-28,1,5,20,2.76,人民币
988765,2019-05-29,1,5,20,2.491,人民币
988814,2019-05-30,1,5,20,2.067,人民币
988863,2019-05-31,1,5,20,2.194,人民币
988930,2019-06-03,1,5,20,2.003,人民币
988955,2019-06-04,1,5,20,1.738,人民币
989004,2019-06-05,1,5,20,1.593,人民币
989052,2019-06-06,1,5,20,1.521,人民币
989142,2019-06-10,1,5,20,1.848,人民币
989172,2019-06-11,1,5,20,2.053,人民币
989202,2019-06-12,1,5,20,1.939,人民币
989250,2019-06-13,1,5,20,1.924,人民币
989298,2019-06-14,1,5,20,1.723,人民币
989363,2019-06-17,1,5,20,1.801,人民币
989387,2019-06-18,1,5,20,1.601,人民币
989432,2019-06-19,1,5,20,1.447,人民币
989478,2019-06-20,1,5,20,1.253,人民币
989525,2019-06-21,1,5,20,1.112,人民币
989591,2019-06-24,1,5,20,1.0,人民币
989617,2019-06-25,1,5,20,1.023,人民币
989662,2019-06-26,1,5,20,0.991,人民币
989709,2019-06-27,1,5,20,0.9615,人民币
989754,2019-06-28,1,5,20,1.3705,人民币
989818,2019-07-01,1,5,20,1.065,人民币
989834,2019-07-02,1,5,20,0.914,人民币
989880,2019-07-03,1,5,20,0.877,人民币
989926,2019-07-04,1,5,20,0.844,人民币
989970,2019-07-05,1,5,20,1.055,人民币
990031,2019-07-08,1,5,20,1.445,人民币
990056,2019-07-09,1,5,20,1.773,人民币
990100,2019-07-10,1,5,20,1.814,人民币
990144,2019-07-11,1,5,20,1.998,人民币
990186,2019-07-12,1,5,20,2.235,人民币
990251,2019-07-15,1,5,20,2.6175,人民币
990276,2019-07-16,1,5,20,2.725,人民币
990320,2019-07-17,1,5,20,2.711,人民币
990364,2019-07-18,1,5,20,2.772,人民币
990408,2019-07-19,1,5,20,2.827,人民币
990473,2019-07-22,1,5,20,2.6698,人民币
990497,2019-07-23,1,5,20,2.562,人民币
990543,2019-07-24,1,5,20,2.481,人民币
990588,2019-07-25,1,5,20,2.628,人民币
990634,2019-07-26,1,5,20,2.636,人民币
990701,2019-07-29,1,5,20,2.629,人民币
990726,2019-07-30,1,5,20,2.621,人民币
990771,2019-07-31,1,5,20,2.642,人民币
990817,2019-08-01,1,5,20,2.634,人民币
990862,2019-08-02,1,5,20,2.634,人民币
990927,2019-08-05,1,5,20,2.544,人民币
990953,2019-08-06,1,5,20,2.261,人民币
990998,2019-08-07,1,5,20,2.22,人民币
991043,2019-08-08,1,5,20,2.5,人民币
991087,2019-08-09,1,5,20,2.596,人民币
991152,2019-08-12,1,5,20,2.629,人民币
991178,2019-08-13,1,5,20,2.667,人民币
991221,2019-08-14,1,5,20,2.689,人民币
991266,2019-08-15,1,5,20,2.659,人民币
991311,2019-08-16,1,5,20,2.665,人民币
991377,2019-08-19,1,5,20,2.666,人民币
991402,2019-08-20,1,5,20,2.642,人民币
991445,2019-08-21,1,5,20,2.5832,人民币
991490,2019-08-22,1,5,20,2.544,人民币
991535,2019-08-23,1,5,20,2.586,人民币
991601,2019-08-26,1,5,20,2.639,人民币
991625,2019-08-27,1,5,20,2.677,人民币
991650,2019-08-28,1,5,20,2.609,人民币
991694,2019-08-29,1,5,20,2.478,人民币
991738,2019-08-30,1,5,20,2.572,人民币
991803,2019-09-02,1,5,20,2.55,人民币
991828,2019-09-03,1,5,20,2.513,人民币
991871,2019-09-04,1,5,20,2.445,人民币
991915,2019-09-05,1,5,20,2.536,人民币
991958,2019-09-06,1,5,20,2.597,人民币
992024,2019-09-09,1,5,20,2.607,人民币
992049,2019-09-10,1,5,20,2.553,人民币
992092,2019-09-11,1,5,20,2.451,人民币
992137,2019-09-12,1,5,20,2.369,人民币
992230,2019-09-16,1,5,20,2.336,人民币
992256,2019-09-17,1,5,20,2.565,人民币
992301,2019-09-18,1,5,20,2.633,人民币
992347,2019-09-19,1,5,20,2.737,人民币
992393,2019-09-20,1,5,20,2.746,人民币
992459,2019-09-23,1,5,20,2.759,人民币
992485,2019-09-24,1,5,20,2.369,人民币
992529,2019-09-25,1,5,20,2.046,人民币
992575,2019-09-26,1,5,20,1.637,人民币
992622,2019-09-27,1,5,20,1.313,人民币
992688,2019-09-29,1,5,20,1.249,人民币
992705,2019-09-30,1,5,20,2.635,人民币
992852,2019-10-08,1,5,20,2.627,人民币
992897,2019-10-09,1,5,20,2.202,人民币
992943,2019-10-10,1,5,20,2.016,人民币
992988,2019-10-11,1,5,20,1.911,人民币
993034,2019-10-12,1,5,20,2.215,人民币
993070,2019-10-14,1,5,20,2.555,人民币
993094,2019-10-15,1,5,20,2.703,人民币
993137,2019-10-16,1,5,20,2.694,人民币
993181,2019-10-17,1,5,20,2.585,人民币
993226,2019-10-18,1,5,20,2.618,人民币
993292,2019-10-21,1,5,20,2.682,人民币
993317,2019-10-22,1,5,20,2.799,人民币
993364,2019-10-23,1,5,20,2.654,人民币
993411,2019-10-24,1,5,20,2.446,人民币
993456,2019-10-25,1,5,20,2.506,人民币
993523,2019-10-28,1,5,20,2.478,人民币
993549,2019-10-29,1,5,20,2.368,人民币
993595,2019-10-30,1,5,20,2.303,人民币
993639,2019-10-31,1,5,20,2.59,人民币
993683,2019-11-01,1,5,20,2.301,人民币
993747,2019-11-04,1,5,20,2.075,人民币
993772,2019-11-05,1,5,20,1.88,人民币
993818,2019-11-07,1,5,20,1.915,人民币
993865,2019-11-08,1,5,20,1.902,人民币
993929,2019-11-11,1,5,20,2.033,人民币
993954,2019-11-12,1,5,20,2.376,人民币
993999,2019-11-13,1,5,20,2.598,人民币
994045,2019-11-14,1,5,20,2.666,人民币
994090,2019-11-15,1,5,20,2.693,人民币
994153,2019-11-18,1,5,20,2.707,人民币
994177,2019-11-19,1,5,20,2.343,人民币
994220,2019-11-20,1,5,20,1.899,人民币
994270,2019-11-21,1,5,20,1.849,人民币
994271,2019-11-06,1,5,20,1.788,人民币
994470,2019-11-22,1,5,20,1.948,人民币
994535,2019-11-25,1,5,20,2.234,人民币
994561,2019-11-26,1,5,20,2.323,人民币
994606,2019-11-27,1,5,20,2.233,人民币
994656,2019-11-29,1,5,20,2.356,人民币
994657,2019-11-28,1,5,20,2.078,人民币
994758,2019-12-02,1,5,20,2.233,人民币
994783,2019-12-03,1,5,20,2.132,人民币
994828,2019-12-04,1,5,20,1.971,人民币
994872,2019-12-05,1,5,20,1.906,人民币
994916,2019-12-06,1,5,20,2.073,人民币
994960,2019-12-09,1,5,20,2.345,人民币
995007,2019-12-10,1,5,20,2.198,人民币
995054,2019-12-11,1,5,20,2.081,人民币
995100,2019-12-12,1,5,20,2.053,人民币
995143,2019-12-13,1,5,20,2.133,人民币
995189,2019-12-16,1,5,20,2.437,人民币
995233,2019-12-17,1,5,20,2.506,人民币
995278,2019-12-18,1,5,20,2.485,人民币
995322,2019-12-19,1,5,20,2.0575,人民币
995367,2019-12-20,1,5,20,1.814,人民币
995393,2019-12-23,1,5,20,1.557,人民币
995419,2019-12-24,1,5,20,1.114,人民币
995506,2019-12-25,1,5,20,0.943,人民币
995523,2019-12-26,1,5,20,0.848,人民币
995561,2019-12-27,1,5,20,1.075,人民币
995606,2019-12-30,1,5,20,1.2,人民币
995630,2019-12-31,1,5,20,1.694,人民币
995695,2020-01-02,1,5,20,1.4436,人民币
995721,2020-01-03,1,5,20,1.162,人民币
995786,2020-01-06,1,5,20,1.003,人民币
995813,2020-01-07,1,5,20,1.215,人民币
995859,2020-01-08,1,5,20,1.553,人民币
995904,2020-01-09,1,5,20,1.69,人民币
995950,2020-01-10,1,5,20,1.7722,人民币
996015,2020-01-13,1,5,20,2.059,人民币
996042,2020-01-14,1,5,20,2.518,人民币
996089,2020-01-15,1,5,20,2.654,人民币
996136,2020-01-16,1,5,20,2.609,人民币
996183,2020-01-17,1,5,20,2.522,人民币
996249,2020-01-19,1,5,20,2.413,人民币
996267,2020-01-20,1,5,20,2.248,人民币
996293,2020-01-21,1,5,20,1.885,人民币
996339,2020-01-22,1,5,20,1.534,人民币
996384,2020-01-23,1,5,20,2.444,人民币
996601,2020-02-03,1,5,20,2.504,人民币
996628,2020-02-04,1,5,20,2.273,人民币
996674,2020-02-05,1,5,20,2.051,人民币
996720,2020-02-06,1,5,20,1.819,人民币
996765,2020-02-07,1,5,20,1.793,人民币
996831,2020-02-10,1,5,20,1.652,人民币
996858,2020-02-11,1,5,20,1.56,人民币
996903,2020-02-12,1,5,20,1.521,人民币
996949,2020-02-13,1,5,20,1.443,人民币
996995,2020-02-14,1,5,20,1.256,人民币
997060,2020-02-17,1,5,20,1.425,人民币
997087,2020-02-18,1,5,20,1.503,人民币
997133,2020-02-19,1,5,20,1.626,人民币
997177,2020-02-20,1,5,20,1.403,人民币
997223,2020-02-21,1,5,20,1.355,人民币
997288,2020-02-24,1,5,20,1.533,人民币
997315,2020-02-25,1,5,20,1.602,人民币
997361,2020-02-26,1,5,20,1.499,人民币
997408,2020-02-27,1,5,20,1.347,人民币
997454,2020-02-28,1,5,20,1.628,人民币
997520,2020-03-02,1,5,20,1.714,人民币
997547,2020-03-03,1,5,20,1.622,人民币
997597,2020-03-05,1,5,20,1.45,人民币
997598,2020-03-04,1,5,20,1.462,人民币
997686,2020-03-06,1,5,20,1.362,人民币
997753,2020-03-09,1,5,20,1.588,人民币
997780,2020-03-10,1,5,20,2.014,人民币
997827,2020-03-11,1,5,20,2.118,人民币
997873,2020-03-12,1,5,20,1.664,人民币
997918,2020-03-13,1,5,20,1.414,人民币
997984,2020-03-16,1,5,20,1.231,人民币
998010,2020-03-17,1,5,20,1.083,人民币
998056,2020-03-18,1,5,20,0.963,人民币
998101,2020-03-19,1,5,20,0.846,人民币
998148,2020-03-20,1,5,20,0.795,人民币
998215,2020-03-23,1,5,20,0.845,人民币
998242,2020-03-24,1,5,20,0.814,人民币
998289,2020-03-25,1,5,20,0.847,人民币
998335,2020-03-26,1,5,20,0.845,人民币
998381,2020-03-27,1,5,20,1.104,人民币
998447,2020-03-30,1,5,20,1.374,人民币
998472,2020-03-31,1,5,20,1.614,人民币
998516,2020-04-01,1,5,20,1.403,人民币
998563,2020-04-02,1,5,20,1.278,人民币
998609,2020-04-03,1,5,20,1.001,人民币
998683,2020-04-07,1,5,20,0.806,人民币
998728,2020-04-08,1,5,20,0.893,人民币
998773,2020-04-09,1,5,20,1.182,人民币
998820,2020-04-10,1,5,20,1.349,人民币
998857,2020-04-13,1,5,20,1.378,人民币
998874,2020-04-14,1,5,20,0.994,人民币
998899,2020-04-15,1,5,20,0.801,人民币
998944,2020-04-16,1,5,20,0.702,人民币
998991,2020-04-17,1,5,20,0.716,人民币
999057,2020-04-20,1,5,20,0.896,人民币
999084,2020-04-21,1,5,20,0.901,人民币
999130,2020-04-22,1,5,20,0.901,人民币
999176,2020-04-23,1,5,20,0.893,人民币
999222,2020-04-24,1,5,20,0.912,人民币
999288,2020-04-26,1,5,20,0.908,人民币
999308,2020-04-28,1,5,20,0.874,人民币
999309,2020-04-27,1,5,20,0.874,人民币
999375,2020-04-29,1,5,20,0.661,人民币
999421,2020-04-30,1,5,20,1.888,人民币
999534,2020-05-06,1,5,20,1.483,人民币
999579,2020-05-07,1,5,20,1.143,人民币
999625,2020-05-08,1,5,20,0.938,人民币
999672,2020-05-09,1,5,20,0.85,人民币
999687,2020-05-11,1,5,20,0.876,人民币
999712,2020-05-12,1,5,20,0.803,人民币
999757,2020-05-13,1,5,20,0.705,人民币
999802,2020-05-14,1,5,20,0.743,人民币
999847,2020-05-15,1,5,20,0.864,人民币
999912,2020-05-18,1,5,20,0.905,人民币
999937,2020-05-19,1,5,20,1.385,人民币
999982,2020-05-20,1,5,20,1.22,人民币
1000028,2020-05-21,1,5,20,1.104,人民币
1000073,2020-05-22,1,5,20,1.094,人民币
1000139,2020-05-25,1,5,20,1.473,人民币
1000163,2020-05-26,1,5,20,1.88,人民币
1000188,2020-05-27,1,5,20,2.104,人民币
1000233,2020-05-28,1,5,20,2.102,人民币
1000276,2020-05-29,1,5,20,2.097,人民币
1000339,2020-06-01,1,5,20,1.629,人民币
1000366,2020-06-02,1,5,20,1.468,人民币
1000411,2020-06-03,1,5,20,1.885,人民币
1000455,2020-06-04,1,5,20,1.963,人民币
1000500,2020-06-05,1,5,20,1.582,人民币
1000564,2020-06-08,1,5,20,1.89,人民币
1000589,2020-06-09,1,5,20,1.833,人民币
1000635,2020-06-10,1,5,20,1.849,人民币
1000681,2020-06-11,1,5,20,1.757,人民币
1000726,2020-06-12,1,5,20,1.529,人民币
1000792,2020-06-15,1,5,20,1.477,人民币
1000817,2020-06-16,1,5,20,1.751,人民币
1000862,2020-06-17,1,5,20,2.048,人民币
1000908,2020-06-18,1,5,20,2.123,人民币
1000953,2020-06-19,1,5,20,2.131,人民币
1001018,2020-06-22,1,5,20,2.133,人民币
1001043,2020-06-23,1,5,20,1.971,人民币
1001089,2020-06-24,1,5,20,1.54,人民币
1001204,2020-06-28,1,5,20,1.096,人民币
1001220,2020-06-29,1,5,20,1.012,人民币
1001245,2020-06-30,1,5,20,1.785,人民币
1001290,2020-07-01,1,5,20,1.967,人民币
1001327,2020-07-02,1,5,20,1.745,人民币
1001373,2020-07-03,1,5,20,1.364,人民币
1001440,2020-07-06,1,5,20,1.346,人民币
1001465,2020-07-07,1,5,20,1.706,人民币
1001511,2020-07-08,1,5,20,2.088,人民币
1001555,2020-07-09,1,5,20,2.189,人民币
1001602,2020-07-10,1,5,20,2.197,人民币
1001668,2020-07-13,1,5,20,2.128,人民币
1001693,2020-07-14,1,5,20,1.67,人民币
1001738,2020-07-15,1,5,20,2.022,人民币
1001784,2020-07-16,1,5,20,2.2465,人民币
1001829,2020-07-17,1,5,20,2.328,人民币
1001895,2020-07-20,1,5,20,1.9565,人民币
1001920,2020-07-21,1,5,20,1.584,人民币
1001964,2020-07-22,1,5,20,1.336,人民币
1002009,2020-07-23,1,5,20,1.858,人民币
1002054,2020-07-24,1,5,20,1.843,人民币
1002120,2020-07-27,1,5,20,1.994,人民币
1002145,2020-07-28,1,5,20,1.753,人民币
1002190,2020-07-29,1,5,20,1.45,人民币
1002234,2020-07-30,1,5,20,1.369,人民币
1002277,2020-07-31,1,5,20,1.788,人民币
1002340,2020-08-03,1,5,20,1.57,人民币
1002365,2020-08-04,1,5,20,1.925,人民币
1002409,2020-08-05,1,5,20,1.69,人民币
1002455,2020-08-06,1,5,20,1.661,人民币
1002500,2020-08-07,1,5,20,2.057,人民币
1002546,2020-08-10,1,5,20,2.129,人民币
1002586,2020-08-12,1,5,20,2.152,人民币
1002587,2020-08-11,1,5,20,2.201,人民币
1002663,2020-08-13,1,5,20,2.162,人民币
1002709,2020-08-14,1,5,20,2.175,人民币
1002773,2020-08-17,1,5,20,2.128,人民币
1002789,2020-08-18,1,5,20,2.115,人民币
1002833,2020-08-19,1,5,20,2.148,人民币
1002871,2020-08-20,1,5,20,2.172,人民币
1002924,2020-08-21,1,5,20,2.258,人民币
1002989,2020-08-24,1,5,20,2.3595,人民币
1003005,2020-08-25,1,5,20,1.969,人民币
1003051,2020-08-26,1,5,20,1.63,人民币
1003093,2020-08-27,1,5,20,1.477,人民币
1003138,2020-08-28,1,5,20,1.345,人民币
1003202,2020-08-31,1,5,20,1.766,人民币
1003218,2020-09-01,1,5,20,2.104,人民币
1003242,2020-09-02,1,5,20,2.094,人民币
1003287,2020-09-03,1,5,20,1.742,人民币
1003330,2020-09-04,1,5,20,2.052,人民币
1003394,2020-09-07,1,5,20,2.088,人民币
1003410,2020-09-08,1,5,20,2.051,人民币
1003452,2020-09-09,1,5,20,1.607,人民币
1003498,2020-09-10,1,5,20,1.34,人民币
1003544,2020-09-11,1,5,20,1.464,人民币
1003608,2020-09-14,1,5,20,1.607,人民币
1003624,2020-09-15,1,5,20,1.731,人民币
1003669,2020-09-16,1,5,20,1.404,人民币
1003705,2020-09-17,1,5,20,1.769,人民币
1003751,2020-09-18,1,5,20,2.101,人民币
1003816,2020-09-21,1,5,20,2.204,人民币
1003832,2020-09-22,1,5,20,2.286,人民币
1003876,2020-09-23,1,5,20,1.884,人民币
1003922,2020-09-24,1,5,20,1.424,人民币
1003966,2020-09-25,1,5,20,1.113,人民币
1004031,2020-09-27,1,5,20,0.685,人民币
1004039,2020-09-28,1,5,20,0.602,人民币
1004062,2020-09-29,1,5,20,0.913,人民币
1004107,2020-09-30,1,5,20,2.361,人民币
1004304,2020-10-09,1,5,20,2.038,人民币
1004340,2020-10-10,1,5,20,1.628,人民币
1004377,2020-10-12,1,5,20,1.53,人民币
1004393,2020-10-13,1,5,20,1.7,人民币
1004430,2020-10-14,1,5,20,1.962,人民币
1004475,2020-10-15,1,5,20,2.063,人民币
1004518,2020-10-16,1,5,20,2.017,人民币
1004582,2020-10-19,1,5,20,2.187,人民币
1004598,2020-10-20,1,5,20,2.162,人民币
1004642,2020-10-21,1,5,20,1.988,人民币
1004685,2020-10-22,1,5,20,1.911,人民币
1004721,2020-10-23,1,5,20,2.161,人民币
1004798,2020-10-26,1,5,20,2.18,人民币
1004806,2020-10-27,1,5,20,2.38,人民币
1004852,2020-10-28,1,5,20,2.379,人民币
1004898,2020-10-29,1,5,20,2.125,人民币
1004943,2020-10-30,1,5,20,2.236,人民币
1005008,2020-11-02,1,5,20,2.322,人民币
1005024,2020-11-03,1,5,20,1.868,人民币
1005067,2020-11-04,1,5,20,1.449,人民币
1005112,2020-11-05,1,5,20,1.377,人民币
1005156,2020-11-06,1,5,20,1.79,人民币
1005220,2020-11-09,1,5,20,2.193,人民币
1005236,2020-11-10,1,5,20,2.333,人民币
1005282,2020-11-11,1,5,20,2.314,人民币
1005328,2020-11-12,1,5,20,2.521,人民币
1005372,2020-11-13,1,5,20,2.523,人民币
1005438,2020-11-16,1,5,20,2.252,人民币
1005454,2020-11-17,1,5,20,1.798,人民币
1005501,2020-11-18,1,5,20,1.72,人民币
1005545,2020-11-19,1,5,20,1.918,人民币
1005591,2020-11-20,1,5,20,1.959,人民币
1005657,2020-11-23,1,5,20,1.839,人民币
1005673,2020-11-24,1,5,20,1.828,人民币
1005720,2020-11-25,1,5,20,1.578,人民币
1005765,2020-11-26,1,5,20,1.298,人民币
1005810,2020-11-27,1,5,20,0.836,人民币
1005875,2020-11-30,1,5,20,1.115,人民币
1005891,2020-12-01,1,5,20,0.764,人民币
1005938,2020-12-02,1,5,20,0.742,人民币
1005984,2020-12-03,1,5,20,0.901,人民币
1006029,2020-12-04,1,5,20,1.086,人民币
1006075,2020-12-07,1,5,20,1.366,人民币
1006091,2020-12-08,1,5,20,1.302,人民币
1006136,2020-12-09,1,5,20,1.065,人民币
1006183,2020-12-10,1,5,20,0.979,人民币
1006229,2020-12-11,1,5,20,1.431,人民币
1006294,2020-12-14,1,5,20,1.702,人民币
1006310,2020-12-15,1,5,20,1.403,人民币
1006356,2020-12-16,1,5,20,0.974,人民币
1006403,2020-12-17,1,5,20,1.356,人民币
1006447,2020-12-18,1,5,20,1.723,人民币
1006514,2020-12-21,1,5,20,1.489,人民币
1006530,2020-12-22,1,5,20,1.015,人民币
1006577,2020-12-23,1,5,20,0.623,人民币
1006622,2020-12-24,1,5,20,0.609,人民币
1006667,2020-12-25,1,5,20,0.793,人民币
1006705,2020-12-28,1,5,20,0.673,人民币
1006721,2020-12-29,1,5,20,0.624,人民币
1006747,2020-12-30,1,5,20,0.644,人民币
1006794,2020-12-31,1,5,20,1.093,人民币
1006861,2021-01-04,1,5,20,0.899,人民币
1006877,2021-01-05,1,5,20,0.729,人民币
1006924,2021-01-06,1,5,20,0.616,人民币
1006970,2021-01-07,1,5,20,0.921,人民币
1007017,2021-01-08,1,5,20,0.965,人民币
1007084,2021-01-11,1,5,20,1.216,人民币
1007100,2021-01-12,1,5,20,1.333,人民币
1007145,2021-01-13,1,5,20,1.401,人民币
1007192,2021-01-14,1,5,20,1.675,人民币
1007239,2021-01-15,1,5,20,1.738,人民币
1007304,2021-01-18,1,5,20,2.125,人民币
1007320,2021-01-19,1,5,20,2.236,人民币
1007366,2021-01-20,1,5,20,2.457,人民币
1007430,2021-01-21,1,5,20,2.573,人民币
1007476,2021-01-22,1,5,20,2.436,人民币
1007541,2021-01-25,1,5,20,2.45,人民币
1007565,2021-01-26,1,5,20,2.726,人民币
1007611,2021-01-27,1,5,20,2.97,人民币
1007654,2021-01-28,1,5,20,3.024,人民币
1007698,2021-01-29,1,5,20,3.282,人民币
1007763,2021-02-01,1,5,20,2.795,人民币
1007790,2021-02-02,1,5,20,2.313,人民币
1007836,2021-02-03,1,5,20,1.859,人民币
1007882,2021-02-04,1,5,20,2.075,人民币
1007929,2021-02-05,1,5,20,1.909,人民币
1007994,2021-02-07,1,5,20,1.573,人民币
1008013,2021-02-08,1,5,20,1.906,人民币
1008040,2021-02-09,1,5,20,1.772,人民币
1008086,2021-02-10,1,5,20,1.925,人民币
1008255,2021-02-18,1,5,20,2.341,人民币
1008302,2021-02-19,1,5,20,1.886,人民币
1008349,2021-02-20,1,5,20,1.457,人民币
1008388,2021-02-22,1,5,20,1.512,人民币
1008415,2021-02-23,1,5,20,1.984,人民币
1008461,2021-02-24,1,5,20,1.512,人民币
1008507,2021-02-25,1,5,20,1.703,人民币
1008554,2021-02-26,1,5,20,2.092,人民币
1008620,2021-03-01,1,5,20,2.154,人民币
1008636,2021-03-02,1,5,20,1.775,人民币
1008672,2021-03-03,1,5,20,1.471,人民币
1008708,2021-03-04,1,5,20,1.926,人民币
1008744,2021-03-05,1,5,20,1.565,人民币
1008800,2021-03-08,1,5,20,1.704,人民币
1008816,2021-03-09,1,5,20,2.024,人民币
1008852,2021-03-10,1,5,20,1.747,人民币
1008888,2021-03-11,1,5,20,1.796,人民币
1008924,2021-03-12,1,5,20,1.787,人民币
1008980,2021-03-15,1,5,20,2.245,人民币
1008996,2021-03-16,1,5,20,2.14,人民币
1009032,2021-03-17,1,5,20,1.968,人民币
1009068,2021-03-18,1,5,20,2.206,人民币
1009104,2021-03-19,1,5,20,2.135,人民币
1009160,2021-03-22,1,5,20,2.052,人民币
1009176,2021-03-23,1,5,20,1.976,人民币
1009212,2021-03-24,1,5,20,1.822,人民币
1009248,2021-03-25,1,5,20,2.029,人民币
1009284,2021-03-26,1,5,20,1.762,人民币
1009340,2021-03-29,1,5,20,1.814,人民币
1009356,2021-03-30,1,5,20,1.825,人民币
1009392,2021-03-31,1,5,20,2.124,人民币
1009428,2021-04-01,1,5,20,2.143,人民币
1009464,2021-04-02,1,5,20,1.734,人民币
1009492,2021-04-06,1,5,20,1.765,人民币
1009500,2021-04-07,1,5,20,1.824,人民币
1009536,2021-04-08,1,5,20,1.76,人民币
1009572,2021-04-09,1,5,20,1.784,人民币
1009835,2021-04-19,1,5,20,2.118,人民币
1009836,2021-04-16,1,5,20,1.946,人民币
1009837,2021-04-15,1,5,20,1.81,人民币
1009838,2021-04-14,1,5,20,1.81,人民币
1009839,2021-04-13,1,5,20,1.781,人民币
1009840,2021-04-12,1,5,20,1.792,人民币
1010090,2021-04-20,1,5,20,1.854,人民币
1010137,2021-04-21,1,5,20,1.864,人民币
1010183,2021-04-22,1,5,20,2.127,人民币
1010230,2021-04-23,1,5,20,1.942,人民币
1010296,2021-04-25,1,5,20,2.018,人民币
1010312,2021-04-26,1,5,20,2.075,人民币
1010338,2021-04-27,1,5,20,1.814,人民币
1010383,2021-04-28,1,5,20,1.78,人民币
1010429,2021-04-29,1,5,20,1.823,人民币
1010475,2021-04-30,1,5,20,2.285,人民币
1010585,2021-05-06,1,5,20,2.097,人民币
1010621,2021-05-07,1,5,20,1.779,人民币
1010679,2021-05-08,1,5,20,1.494,人民币
1010717,2021-05-10,1,5,20,1.663,人民币
1010742,2021-05-11,1,5,20,1.938,人民币
1010787,2021-05-12,1,5,20,1.951,人民币
1010833,2021-05-13,1,5,20,1.966,人民币
1010878,2021-05-14,1,5,20,1.805,人民币
1010945,2021-05-17,1,5,20,2.136,人民币
1010970,2021-05-18,1,5,20,2.119,人民币
1011014,2021-05-19,1,5,20,2.025,人民币
1011052,2021-05-20,1,5,20,2.092,人民币
1011098,2021-05-21,1,5,20,1.996,人民币
1011164,2021-05-24,1,5,20,2.171,人民币
1011191,2021-05-25,1,5,20,2.194,人民币
1011237,2021-05-26,1,5,20,1.99,人民币
1011282,2021-05-27,1,5,20,2.117,人民币
1011327,2021-05-28,1,5,20,2.166,人民币
1011393,2021-05-31,1,5,20,2.227,人民币
1011418,2021-06-01,1,5,20,2.187,人民币
1011450,2021-06-08,1,5,20,2.193,人民币
1011451,2021-06-07,1,5,20,2.299,人民币
1011452,2021-06-04,1,5,20,2.175,人民币
1011453,2021-06-03,1,5,20,1.852,人民币
1011454,2021-06-02,1,5,20,2.04,人民币
1011671,2021-06-09,1,5,20,2.188,人民币
1011716,2021-06-10,1,5,20,1.892,人民币
1011763,2021-06-11,1,5,20,1.998,人民币
1011828,2021-06-15,1,5,20,2.104,人民币
1011870,2021-06-21,1,5,20,2.247,人民币
1011878,2021-06-18,1,5,20,2.014,人民币
1011886,2021-06-17,1,5,20,1.876,人民币
1011894,2021-06-16,1,5,20,2.006,人民币
1011906,2021-06-22,1,5,20,2.301,人民币
1012102,2021-06-23,1,5,20,2.208,人民币
1012152,2021-06-25,1,5,20,1.55,人民币
1012153,2021-06-24,1,5,20,1.853,人民币
1012264,2021-06-29,1,5,20,1.795,人民币
1012265,2021-06-28,1,5,20,1.558,人民币
1012330,2021-06-30,1,5,20,2.177,人民币
1012376,2021-07-01,1,5,20,1.734,人民币
1012414,2021-07-02,1,5,20,1.614,人民币
1012479,2021-07-05,1,5,20,1.665,人民币
1012505,2021-07-06,1,5,20,1.908,人民币
1012549,2021-07-07,1,5,20,2.068,人民币
1012595,2021-07-08,1,5,20,1.791,人民币
1012641,2021-07-09,1,5,20,2.206,人民币
1012705,2021-07-12,1,5,20,1.94,人民币
1012729,2021-07-13,1,5,20,2.05,人民币
1012773,2021-07-14,1,5,20,1.984,人民币
1012819,2021-07-15,1,5,20,2.098,人民币
1012865,2021-07-16,1,5,20,2.115,人民币
1012930,2021-07-19,1,5,20,2.111,人民币
1012956,2021-07-20,1,5,20,2.178,人民币
1013002,2021-07-21,1,5,20,2.182,人民币
1013047,2021-07-22,1,5,20,2.114,人民币
1013092,2021-07-23,1,5,20,2.057,人民币
1013159,2021-07-26,1,5,20,2.119,人民币
1013184,2021-07-27,1,5,20,2.27,人民币
1013231,2021-07-28,1,5,20,2.092,人民币
1013276,2021-07-29,1,5,20,1.644,人民币
1013321,2021-07-30,1,5,20,2.178,人民币
1013366,2021-08-02,1,5,20,1.876,人民币
1013390,2021-08-03,1,5,20,1.836,人民币
1013456,2021-08-04,1,5,20,1.71,人民币
1013501,2021-08-05,1,5,20,1.709,人民币
1013547,2021-08-06,1,5,20,1.859,人民币
1013613,2021-08-09,1,5,20,2.212,人民币
1013639,2021-08-10,1,5,20,2.25,人民币
1013684,2021-08-11,1,5,20,2.032,人民币
1013728,2021-08-12,1,5,20,1.94,人民币
1013772,2021-08-13,1,5,20,2.176,人民币
1013838,2021-08-16,1,5,20,2.105,人民币
1013861,2021-08-17,1,5,20,1.972,人民币
1013907,2021-08-18,1,5,20,1.725,人民币
1013952,2021-08-19,1,5,20,1.841,人民币
1013997,2021-08-20,1,5,20,2.042,人民币
1014062,2021-08-23,1,5,20,2.143,人民币
1014087,2021-08-24,1,5,20,2.262,人民币
1014133,2021-08-25,1,5,20,2.211,人民币
1014179,2021-08-26,1,5,20,2.199,人民币
1014224,2021-08-27,1,5,20,2.092,人民币
1014283,2021-08-30,1,5,20,1.846,人民币
1014291,2021-08-31,1,5,20,2.195,人民币
1014299,2021-09-01,1,5,20,2.122,人民币
1014307,2021-09-02,1,5,20,2.082,人民币
1014315,2021-09-03,1,5,20,1.943,人民币
1014323,2021-09-06,1,5,20,2.115,人民币
1014331,2021-09-07,1,5,20,2.187,人民币
1014339,2021-09-08,1,5,20,2.184,人民币
1014347,2021-09-09,1,5,20,2.029,人民币
1014355,2021-09-10,1,5,20,2.109,人民币
1014363,2021-09-14,1,5,20,2.296,人民币
1014371,2021-09-13,1,5,20,2.165,人民币
1014379,2021-09-15,1,5,20,2.137,人民币
1014391,2021-09-16,1,5,20,2.21,人民币
1014878,2021-09-17,1,5,20,2.213,人民币
1014924,2021-09-18,1,5,20,2.107,人民币
1014997,2021-09-22,1,5,20,2.161,人民币
1015036,2021-09-23,1,5,20,2.035,人民币
1015089,2021-09-24,1,5,20,1.695,人民币
1015106,2021-09-26,1,5,20,1.691,人民币
1015124,2021-09-27,1,5,20,1.708,人民币
1015136,2021-09-28,1,5,20,1.946,人民币
1015237,2021-09-29,1,5,20,1.505,人民币
1015283,2021-09-30,1,5,20,2.22,人民币
1015332,2021-10-08,1,5,20,2.105,人民币
1015344,2021-10-09,1,5,20,1.635,人民币
1015381,2021-10-11,1,5,20,2.135,人民币
1015407,2021-10-12,1,5,20,2.101,人民币
1015452,2021-10-13,1,5,20,2.157,人民币
1015488,2021-10-14,1,5,20,2.106,人民币
1015553,2021-10-15,1,5,20,2.065,人民币
1015618,2021-10-18,1,5,20,2.131,人民币
1015645,2021-10-19,1,5,20,2.223,人民币
1015689,2021-10-20,1,5,20,2.104,人民币
1015734,2021-10-21,1,5,20,1.683,人民币
1015780,2021-10-22,1,5,20,1.672,人民币
1015847,2021-10-25,1,5,20,1.61,人民币
1015873,2021-10-26,1,5,20,1.546,人民币
1015918,2021-10-27,1,5,20,1.921,人民币
1015962,2021-10-28,1,5,20,1.94,人民币
1016008,2021-10-29,1,5,20,2.142,人民币
1016073,2021-11-01,1,5,20,2.03,人民币
1016098,2021-11-02,1,5,20,2.126,人民币
1016145,2021-11-03,1,5,20,2.0,人民币
1016192,2021-11-04,1,5,20,1.886,人民币
1016239,2021-11-05,1,5,20,1.887,人民币
1016306,2021-11-08,1,5,20,1.897,人民币
1016331,2021-11-09,1,5,20,2.137,人民币
1016377,2021-11-10,1,5,20,1.833,人民币
1016423,2021-11-11,1,5,20,1.881,人民币
1016465,2021-11-12,1,5,20,1.856,人民币
1016473,2021-11-15,1,5,20,1.787,人民币
1016485,2021-11-16,1,5,20,1.923,人民币
1016605,2021-11-17,1,5,20,2.152,人民币
1016650,2021-11-18,1,5,20,1.932,人民币
1016697,2021-11-19,1,5,20,1.998,人民币
1016762,2021-11-22,1,5,20,1.946,人民币
1016789,2021-11-23,1,5,20,2.178,人民币
1016834,2021-11-24,1,5,20,1.788,人民币
1016878,2021-11-25,1,5,20,1.823,人民币
1016925,2021-11-26,1,5,20,1.712,人民币
1016989,2021-11-29,1,5,20,1.86,人民币
1017016,2021-11-30,1,5,20,2.173,人民币
1017097,2021-12-01,1,5,20,2.017,人民币
1017143,2021-12-02,1,5,20,1.984,人民币
1017155,2021-12-03,1,5,20,1.913,人民币
1017220,2021-12-06,1,5,20,1.817,人民币
1017246,2021-12-07,1,5,20,2.13,人民币
1017293,2021-12-08,1,5,20,2.151,人民币
1017343,2021-12-10,1,5,20,1.807,人民币
1017344,2021-12-09,1,5,20,2.154,人民币
1017452,2021-12-13,1,5,20,2.108,人民币
1017468,2021-12-14,1,5,20,2.168,人民币
1017514,2021-12-15,1,5,20,2.137,人民币
1017571,2021-12-16,1,5,20,2.116,人民币
1017618,2021-12-17,1,5,20,1.862,人民币
1017683,2021-12-20,1,5,20,1.994,人民币
1017710,2021-12-21,1,5,20,1.858,人民币
1017757,2021-12-22,1,5,20,1.687,人民币
1017803,2021-12-23,1,5,20,1.631,人民币
1017849,2021-12-24,1,5,20,1.84,人民币
1017914,2021-12-27,1,5,20,1.778,人民币
1017932,2021-12-28,1,5,20,1.616,人民币
1017958,2021-12-29,1,5,20,1.343,人民币
1017983,2021-12-30,1,5,20,1.276,人民币
1018028,2021-12-31,1,5,20,2.129,人民币
1018098,2022-01-04,1,5,20,1.925,人民币
1018129,2022-01-06,1,5,20,1.714,人民币
1018130,2022-01-05,1,5,20,1.777,人民币
1018193,2022-01-07,1,5,20,1.839,人民币
1018233,2022-01-10,1,5,20,1.878,人民币
1018241,2022-01-11,1,5,20,1.984,人民币
1018249,2022-01-12,1,5,20,1.972,人民币
1018257,2022-01-13,1,5,20,2.218,人民币
1018265,2022-01-14,1,5,20,2.209,人民币
1018273,2022-01-17,1,5,20,2.113,人民币
1018281,2022-01-18,1,5,20,1.921,人民币
1018289,2022-01-19,1,5,20,2.035,人民币
1018297,2022-01-20,1,5,20,2.035,人民币
1018305,2022-01-21,1,5,20,2.063,人民币
1018313,2022-01-24,1,5,20,1.935,人民币
1018321,2022-01-25,1,5,20,1.931,人民币
1018329,2022-01-26,1,5,20,1.74,人民币
1018337,2022-01-27,1,5,20,1.614,人民币
1018345,2022-01-28,1,5,20,1.2,人民币
1018353,2022-01-29,1,5,20,1.255,人民币
1018361,2022-01-30,1,5,20,2.155,人民币
1018369,2022-02-07,1,5,20,2.112,人民币
1018377,2022-02-08,1,5,20,2.044,人民币
1018385,2022-02-09,1,5,20,1.728,人民币
1018393,2022-02-10,1,5,20,1.673,人民币
1018401,2022-02-11,1,5,20,1.812,人民币
1018409,2022-02-14,1,5,20,1.866,人民币
1018417,2022-02-15,1,5,20,1.807,人民币
1018425,2022-02-16,1,5,20,1.942,人民币
1018433,2022-02-17,1,5,20,1.855,人民币
1018441,2022-02-18,1,5,20,2.11,人民币
1018449,2022-02-21,1,5,20,2.195,人民币
1018457,2022-02-22,1,5,20,2.039,人民币
1018465,2022-02-23,1,5,20,2.043,人民币
1018473,2022-02-24,1,5,20,2.197,人民币
1018481,2022-02-25,1,5,20,2.231,人民币
1018489,2022-02-28,1,5,20,2.234,人民币
1018497,2022-03-01,1,5,20,1.801,人民币
1018505,2022-03-02,1,5,20,1.887,人民币
1018513,2022-03-03,1,5,20,1.729,人民币
1018521,2022-03-04,1,5,20,1.902,人民币
1018529,2022-03-07,1,5,20,2.039,人民币
1018537,2022-03-08,1,5,20,2.056,人民币
1018545,2022-03-09,1,5,20,2.024,人民币
1018553,2022-03-10,1,5,20,2.025,人民币
1018561,2022-03-11,1,5,20,2.051,人民币
1018569,2022-03-14,1,5,20,2.063,人民币
1018577,2022-03-15,1,5,20,2.063,人民币
1018585,2022-03-16,1,5,20,2.04,人民币
1018593,2022-03-17,1,5,20,2.009,人民币
1018601,2022-03-18,1,5,20,1.992,人民币
1018609,2022-03-21,1,5,20,2.015,人民币
1018617,2022-03-22,1,5,20,1.946,人民币
1018625,2022-03-23,1,5,20,2.003,人民币
1018633,2022-03-24,1,5,20,2.005,人民币
1018641,2022-03-25,1,5,20,2.001,人民币
1018649,2022-03-28,1,5,20,1.946,人民币
1018657,2022-03-29,1,5,20,1.727,人民币
1018665,2022-03-30,1,5,20,1.557,人民币
1018673,2022-03-31,1,5,20,2.011,人民币
1018681,2022-04-01,1,5,20,1.604,人民币
1018689,2022-04-02,1,5,20,1.308,人民币
1018697,2022-04-06,1,5,20,1.848,人民币
1018705,2022-04-07,1,5,20,1.825,人民币
1018713,2022-04-08,1,5,20,1.751,人民币
1018721,2022-04-11,1,5,20,1.856,人民币
1018729,2022-04-12,1,5,20,1.772,人民币
1018737,2022-04-13,1,5,20,1.665,人民币
1018745,2022-04-14,1,5,20,1.552,人民币
1018753,2022-04-15,1,5,20,1.339,人民币
1018761,2022-04-18,1,5,20,1.403,人民币
1018769,2022-04-19,1,5,20,1.294,人民币
1018777,2022-04-20,1,5,20,1.303,人民币
1018785,2022-04-21,1,5,20,1.294,人民币
1018793,2022-04-22,1,5,20,1.255,人民币
1018801,2022-04-24,1,5,20,1.302,人民币
1018809,2022-04-25,1,5,20,1.303,人民币
1018817,2022-04-26,1,5,20,1.306,人民币
1018825,2022-04-27,1,5,20,1.303,人民币
1018833,2022-04-28,1,5,20,1.301,人民币
1018841,2022-04-29,1,5,20,1.838,人民币
1018849,2022-05-05,1,5,20,1.783,人民币
1018857,2022-05-06,1,5,20,1.351,人民币
1018865,2022-05-07,1,5,20,1.294,人民币
1018873,2022-05-09,1,5,20,1.309,人民币
1018881,2022-05-10,1,5,20,1.305,人民币
1018889,2022-05-11,1,5,20,1.325,人民币
1018897,2022-05-12,1,5,20,1.309,人民币
1018901,2022-05-13,1,5,20,1.31,人民币
1018909,2022-05-16,1,5,20,1.311,人民币
1018917,2022-05-17,1,5,20,1.325,人民币
1018925,2022-05-18,1,5,20,1.326,人民币
1018933,2022-05-19,1,5,20,1.414,人民币
1018941,2022-05-20,1,5,20,1.322,人民币
1018949,2022-05-23,1,5,20,1.323,人民币
1018957,2022-05-24,1,5,20,1.325,人民币
1018965,2022-05-25,1,5,20,1.347,人民币
1018973,2022-05-26,1,5,20,1.364,人民币
1018981,2022-05-27,1,5,20,1.381,人民币
1018989,2022-05-30,1,5,20,1.405,人民币
1018997,2022-05-31,1,5,20,1.588,人民币
1019005,2022-06-01,1,5,20,1.413,人民币
1019013,2022-06-02,1,5,20,1.432,人民币
1019021,2022-06-06,1,5,20,1.454,人民币
1019029,2022-06-07,1,5,20,1.421,人民币
1019037,2022-06-08,1,5,20,1.419,人民币
1019045,2022-06-09,1,5,20,1.414,人民币
1019053,2022-06-10,1,5,20,1.403,人民币
1019061,2022-06-13,1,5,20,1.408,人民币
1019069,2022-06-14,1,5,20,1.413,人民币
1019077,2022-06-15,1,5,20,1.413,人民币
1019085,2022-06-16,1,5,20,1.413,人民币
1019093,2022-06-17,1,5,20,1.414,人民币
1019101,2022-06-20,1,5,20,1.418,人民币
1019109,2022-06-21,1,5,20,1.438,人民币
1019117,2022-06-22,1,5,20,1.444,人民币
1019125,2022-06-23,1,5,20,1.437,人民币
1019133,2022-06-24,1,5,20,1.435,人民币
1019141,2022-06-27,1,5,20,1.438,人民币
1019149,2022-06-28,1,5,20,1.438,人民币
1019157,2022-06-29,1,5,20,1.372,人民币
1019165,2022-06-30,1,5,20,1.901,人民币
1019173,2022-07-01,1,5,20,1.441,人民币
1019181,2022-07-04,1,5,20,1.418,人民币
1019189,2022-07-05,1,5,20,1.367,人民币
1019197,2022-07-06,1,5,20,1.21,人民币
1019205,2022-07-07,1,5,20,1.222,人民币
1019213,2022-07-08,1,5,20,1.216,人民币
1019221,2022-07-11,1,5,20,1.223,人民币
1019229,2022-07-12,1,5,20,1.211,人民币
1019237,2022-07-13,1,5,20,1.219,人民币
1019245,2022-07-14,1,5,20,1.195,人民币
1019253,2022-07-15,1,5,20,1.211,人民币
1019261,2022-07-18,1,5,20,1.218,人民币
1019269,2022-07-19,1,5,20,1.242,人民币
1019277,2022-07-20,1,5,20,1.27,人民币
1019285,2022-07-21,1,5,20,1.254,人民币
1019293,2022-07-22,1,5,20,1.194,人民币
1019301,2022-07-25,1,5,20,1.074,人民币
1019309,2022-07-26,1,5,20,1.018,人民币
1019317,2022-07-27,1,5,20,1.008,人民币
1019325,2022-07-28,1,5,20,1.014,人民币
1019333,2022-07-29,1,5,20,1.254,人民币
1019341,2022-08-01,1,5,20,1.177,人民币
1019349,2022-08-02,1,5,20,1.076,人民币
1019357,2022-08-03,1,5,20,1.026,人民币
1019365,2022-08-04,1,5,20,1.025,人民币
1019373,2022-08-05,1,5,20,1.019,人民币
