,Unnamed: 0,date_x,中国:固定资产投资完成额:累计值,中国:固定资产投资完成额:累计同比,中国:固定资产投资完成额:制造业:累计同比,中国:工业增加值:金属制品业:累计同比,中国:工业增加值:金属制品业:当月同比,中国:工业增加值:通用设备制造业:当月同比,中国:工业增加值:通用设备制造业:累计同比,中国:工业增加值:专用设备制造业:当月同比,中国:工业增加值:专用设备制造业:累计同比,中国:产量:工业锅炉:累计值,中国:产量:工业锅炉:当月同比,中国:产量:工业锅炉:累计同比,中国:产量:金属切削机床:累计值,中国:产量:金属切削机床:累计同比,中国:产量:金属切削机床:当月同比,中国:产量:汽车:当月值,中国:产量:汽车:当月同比,中国:产量:汽车:累计同比,中国:产量:汽车:累计值,month,date_y,open,close,high,low,volume,money,re1,re3,re6,re12,ppi_yoy
0,0,2009-11,168634.2,32.1,26.8,9.6,15.5,17.6,10.3,13.7,11.8,269012.69,40.4,19.8,56.62,-15.9,24.4,144.19,100.8,43.2,1279.94,1,2010-01-29,3190.32,3204.16,3249.45,3176.92,5026261300.0,68018118702.0,0.0241904274443225,-0.0426944971537001,-0.1046483321681813,-0.0398388345151302,-2.08
1,1,2009-12,194138.62,30.4,26.6,10.01,13.58,18.1,10.97,20.27,12.96,292149.85,3.3,18.4,58.05,-13.6,43.1,153.75,130.5,47.8,1382.68,2,2010-02-26,3286.09,3281.67,3301.15,3273.69,5210728800.0,70171666128.0,0.0194839822407493,-0.1549241697062775,-0.1153315232793059,-0.0128318813287138,1.7
2,2,2010-01,194138.62,30.4,26.6,10.01,13.58,18.1,10.97,20.27,12.96,16471.71,24.43,24.43,4.55,39.62,39.62,162.49,144.3,144.3,162.49,3,2010-03-31,3369.19,3345.61,3369.9,3338.74,5312428700.0,72120886278.0,-0.0831686897157768,-0.2339005442953601,-0.1225606092760362,-0.0365613445679562,4.32
3,3,2010-02,13014.03,26.6,23.6,19.6,10.5,13.8,22.3,11.0,19.6,34148.4,13.9,18.8,8.7,33.8,15.2,122.6,46.7,89.7,285.0,4,2010-04-30,3060.12,3067.36,3068.13,3014.07,5447788100.0,73190884013.0,-0.0958804965833811,-0.0647168900944135,0.101918261958166,0.0408690209170099,5.39
4,4,2010-03,29792.68,26.4,25.8,18.9,17.6,22.3,22.3,19.6,19.2,57437.1,12.1,15.2,14.2,23.5,18.2,174.8,51.5,73.2,458.9,5,2010-05-31,2835.33,2773.26,2857.42,2772.79,4621685400.0,56695803642.0,-0.0757916675681328,0.0468509984639016,0.1311561123010463,0.0823218883191621,5.91
5,5,2010-04,46742.75,26.1,24.6,18.9,18.4,23.3,22.8,20.0,19.8,80419.6,8.5,13.2,20.5,22.8,31.1,159.8,34.6,61.9,621.6,6,2010-06-30,2572.91,2563.07,2575.82,2546.84,3569879400.0,35809892277.0,0.1193022430132613,0.1453335258108439,0.2205129005450494,0.1876733760685427,6.81
6,6,2010-05,67358.3,25.9,24.8,19.0,18.9,20.0,21.9,21.1,20.6,105002.1,26.4,16.2,27.3,28.2,31.9,145.8,26.6,53.6,767.1,7,2010-07-30,2871.48,2868.85,2876.14,2844.68,6257559100.0,65224482367.0,0.0119699531171026,0.1781654669989718,0.0723844049009185,0.0359830594140508,7.13
7,7,2010-06,98047.38,25.5,24.9,18.8,16.2,19.7,21.4,19.4,20.6,135834.3,11.3,16.0,33.8,25.7,32.0,142.6,18.4,46.6,908.4,8,2010-08-31,2905.15,2903.19,2910.06,2889.81,6576610400.0,79976347302.0,0.0111532486678447,0.0805321043403979,0.1158622067449943,-0.0194303507521036,6.41
8,8,2010-07,119866.25,24.9,25.1,18.8,17.4,21.0,21.5,20.6,20.4,165219.7,12.4,15.3,40.5,29.0,34.0,134.2,17.1,42.3,1044.7,9,2010-09-30,2859.06,2935.57,2935.59,2857.42,6300024700.0,80709727516.0,0.1513879757593925,0.0656397224389131,0.098011629768665,-0.12066481126323,4.84
9,9,2010-08,140997.74,24.8,24.9,18.9,19.3,20.1,21.4,22.1,20.9,195818.2,20.6,16.1,47.6,32.2,58.1,133.1,13.1,38.4,1184.7,10,2010-10-29,3400.26,3379.98,3404.6,3351.6,10045897000.0,145528365885.0,-0.0718909579346623,-0.0897845549381948,-0.0554026946905011,-0.2025662873744815,4.32
10,10,2010-09,165869.58,24.5,25.4,18.5,16.2,20.2,21.4,19.1,20.7,230162.6,19.5,17.3,54.5,32.3,32.0,163.4,17.8,35.3,1339.0,11,2010-11-30,3187.53,3136.99,3205.78,3060.44,8576235500.0,120572328539.0,-0.002782922483017,0.0326969483485761,-0.0431719578321894,-0.1961976289372933,4.33
11,11,2010-10,187556.1,24.4,25.7,18.5,15.9,18.8,21.4,17.0,20.6,268052.2,56.3,21.5,61.4,33.2,43.5,159.3,23.0,33.8,1498.3,12,2010-12-31,3069.05,3128.26,3129.45,3067.11,6256607800.0,90545901164.0,-0.0165427426109082,0.0303779097645335,-0.026906331315172,-0.2501454482683666,5.04
12,12,2010-11,210697.86,24.9,26.1,18.5,17.3,19.0,21.1,18.8,20.6,308238.0,70.7,26.8,68.4,32.3,44.9,182.1,27.6,33.1,1680.6,13,2011-01-31,3035.42,3076.51,3076.55,3032.45,6710591400.0,83070309373.0,0.0529983650305052,0.0377733210683532,-0.0339443070232179,-0.1990079668195454,6.06
13,13,2010-12,241414.93,24.5,26.9,19.0,21.2,23.9,21.7,19.2,20.6,336381.7,43.1,28.0,75.5,32.7,44.9,195.4,23.9,31.9,1865.4,14,2011-02-28,3200.68,3239.56,3241.6,3178.83,7663066300.0,109249970846.0,-0.0050222869772438,-0.0734667670918273,-0.1212448604131424,-0.1868834039190507,5.93
14,14,2011-01,241414.93,24.5,26.9,19.0,21.2,23.9,21.7,19.2,20.6,18691.05,34.61,34.61,5.58,28.52,28.52,183.5,13.26,13.26,183.5,15,2011-03-31,3257.16,3223.29,3264.96,3210.17,6450388000.0,86565372662.0,-0.0094840985452752,-0.0555953699480964,-0.1991567621901846,-0.2383868655938497,6.64
15,15,2011-02,17444.16,24.9,29.9,19.5,20.0,22.7,22.4,23.0,24.7,44236.9,41.5,38.5,10.0,20.5,22.2,129.4,6.2,10.3,313.3,16,2011-04-29,3161.16,3192.72,3193.6,3147.14,5368306500.0,63455814284.0,-0.0598737126963841,-0.0691072189230499,-0.1557950587586759,-0.1774537071838432,7.23
16,16,2011-03,39464.91,25.0,29.2,19.7,19.8,20.3,21.8,23.8,24.4,73788.3,33.7,36.6,17.3,21.8,24.1,192.3,9.9,10.3,507.0,17,2011-05-31,2958.61,3001.56,3001.73,2946.15,3968939900.0,50553386204.0,0.0141692986313783,-0.0515665187435865,-0.1599301696451178,-0.1231093164887592,7.31
17,17,2011-04,62716.23,25.4,29.0,19.2,17.2,19.9,21.6,20.4,23.3,99331.8,16.0,30.7,24.8,23.4,30.9,156.5,-1.6,6.9,663.3,18,2011-06-30,3003.23,3044.09,3058.63,3003.23,6250254900.0,73891668789.0,-0.0236556737809986,-0.1520125883268892,-0.2294117453820354,-0.1913478248015006,6.82
18,18,2011-05,90254.51,25.8,31.2,18.7,17.8,18.9,20.5,19.7,22.7,128821.1,16.5,27.0,33.7,23.9,26.6,142.6,-1.9,5.2,806.2,19,2011-07-29,2981.02,2972.08,2995.97,2948.08,4629825300.0,54358237266.0,-0.0421590266749212,-0.0931233344997443,-0.1708635030012649,-0.2150547764528545,6.79
19,19,2011-06,124566.68,25.6,32.4,19.0,19.3,18.5,20.2,18.9,22.1,167352.5,37.6,29.9,42.4,24.7,27.3,148.5,3.6,5.0,955.0,20,2011-08-31,2843.99,2846.78,2855.3,2823.77,3210789900.0,37624544060.0,-0.0932386766803196,-0.1142554043515832,-0.0746949184692882,-0.2254863389513767,7.12
20,20,2011-07,152419.86,25.4,31.8,19.0,17.9,15.8,19.7,17.4,21.5,201603.6,23.5,28.8,50.6,23.1,23.5,131.8,-1.3,4.0,1085.0,21,2011-09-30,2595.58,2581.35,2607.57,2572.19,3205082200.0,32376678343.0,0.0441474422298409,-0.0912739458035524,-0.0489859956999243,-0.1116625021790922,7.54
21,21,2011-08,180607.62,25.0,32.2,18.6,16.0,15.7,19.0,17.6,21.2,236154.8,18.4,27.0,58.0,20.1,11.3,145.0,9.5,4.7,1230.1,22,2011-10-31,2704.53,2695.31,2709.32,2680.99,5040711200.0,52522499085.0,-0.0644786685019533,-0.0857229780618925,-0.0256556759704821,-0.1634283254987366,7.25
22,22,2011-09,212273.99,24.9,31.5,18.6,16.8,14.7,18.5,20.2,21.0,277748.9,30.4,26.9,65.8,20.3,15.2,166.4,2.5,4.5,1396.8,23,2011-11-30,2600.1,2521.52,2601.9,2507.18,4235264500.0,42454205363.0,-0.0697119197944098,0.0446635362797043,0.0438307052888733,-0.1514404010279514,6.52
23,23,2011-10,241365.09,24.9,31.6,18.8,15.7,15.8,18.2,20.6,20.9,324072.5,26.1,26.9,72.5,18.9,9.4,160.5,1.3,4.2,1558.1,24,2011-12-30,2318.67,2345.74,2349.03,2318.67,3586524300.0,32362650284.0,0.050525633701945,0.0465354216579843,0.0493959262322338,0.0755454568707529,5.0
24,24,2011-11,269452.12,24.5,31.5,18.4,13.6,14.2,18.1,18.2,20.6,378298.1,43.4,28.6,79.5,17.3,-1.5,179.3,-1.3,3.9,1737.1,25,2012-01-31,2462.34,2464.26,2472.84,2447.77,3070150100.0,32694132107.0,0.0689375309423516,0.0656992362818857,-0.0532979474568431,0.0903394933976122,2.72
25,25,2011-12,301932.85,23.8,31.8,17.8,13.9,11.7,17.4,12.7,19.8,413328.6,32.7,28.9,86.0,15.3,-11.0,182.4,-6.5,3.0,1919.1,26,2012-02-29,2655.86,2634.14,2666.65,2631.78,5912020600.0,64875221164.0,-0.0680449786268003,-0.0007972241414655,-0.1629640034318601,0.0148777210019208,1.69
26,26,2012-01,301932.85,23.8,31.8,17.8,13.9,11.7,17.4,12.7,19.8,23627.25,-1.54,-1.54,4.85,-29.81,-29.81,138.92,-25.71,-25.71,138.92,27,2012-03-30,2447.94,2454.9,2461.98,2438.49,3702708600.0,39139734882.0,0.069762515784757,0.0027333088924192,-0.0659049248441892,0.0163672654690618,0.73
27,27,2012-02,21188.83,21.5,24.66,12.2,25.4,20.9,8.6,25.9,11.6,51604.4,-5.83,-3.9,11.1,-11.9,10.99,173.13,32.79,-1.8,312.0,28,2012-04-27,2630.55,2626.16,2637.92,2623.6,4823358600.0,53345515969.0,0.0022390105705669,-0.1116611326042585,-0.1414003716452918,-0.0681032381880768,0.03
28,28,2012-03,47865.4,20.9,24.82,12.8,13.6,9.8,8.8,13.5,12.1,89208.4,17.6,3.3,17.9,-3.2,-5.5,202.4,5.1,0.0,506.4,29,2012-05-31,2623.16,2632.04,2645.59,2617.23,4410746900.0,49875041384.0,-0.0647520554398868,-0.1622961657117673,-0.187071625051291,-0.0097300952873057,-0.32
29,29,2012-04,75591.6,20.2,24.36,12.0,10.1,7.4,9.0,6.8,10.9,115904.8,0.6,-0.1,24.8,-9.2,-19.0,175.8,10.7,3.1,695.8,30,2012-06-29,2418.86,2461.61,2462.82,2417.49,3799494100.0,40976538386.0,-0.0522787931475742,-0.0684511356388705,0.0249186508017109,-0.1060159814105403,-0.7
30,30,2012-05,108924.21,20.1,24.48,10.8,7.9,7.8,8.7,9.5,10.5,150579.8,13.7,1.6,31.7,-12.7,-24.4,171.5,18.5,6.2,870.5,31,2012-07-31,2336.88,2332.92,2350.07,2329.51,3209972300.0,31196332451.0,-0.0548882944978825,-0.0334773588464242,0.1517240196834868,-0.0599677657184987,-1.4
31,31,2012-06,150710.06,20.4,24.55,11.2,11.6,6.5,8.0,9.6,10.0,194030.2,4.5,2.7,41.6,-9.0,-17.8,169.5,13.8,6.7,1028.2,32,2012-08-31,2205.57,2204.87,2218.87,2203.12,2596498600.0,23340891008.0,0.0400205000748343,-0.0295754398218489,0.2124660410817871,0.0494541628304616,-2.08
32,32,2012-07,184311.78,20.4,24.85,11.3,11.3,6.5,7.8,7.9,9.6,239329.6,21.2,5.1,44.9,-16.4,-33.7,148.9,12.3,7.4,1176.4,33,2012-09-28,2235.06,2293.11,2297.03,2234.32,5787582500.0,54431465854.0,-0.0166978470287076,0.1002306910702057,0.088076891208882,0.0505557954044941,-2.87
33,33,2012-08,217958.07,20.2,23.94,11.6,12.7,7.9,8.2,9.2,9.6,282583.5,15.2,6.9,50.8,-16.7,-31.7,158.3,8.2,7.6,1334.3,34,2012-10-31,2241.43,2254.82,2256.09,2233.68,3716979500.0,30634360248.0,-0.0510728129074605,0.1916161822229711,0.0853682333844829,0.0527314818921242,-3.48
34,34,2012-09,256932.89,20.5,23.48,11.8,11.5,7.2,7.9,6.8,9.1,327870.1,-4.9,4.5,60.0,-16.6,-12.6,180.4,6.3,7.3,1519.5,35,2012-11-30,2114.24,2139.66,2142.86,2109.96,3640691100.0,28552066162.0,0.1791359374853949,0.2494181318527242,0.2181514820111607,0.13987269005356,-3.55
35,35,2012-10,292542.0,20.7,23.11,12.2,14.0,7.1,8.0,6.2,8.9,374732.3,-7.0,2.9,66.5,-16.9,-19.5,167.7,3.8,6.9,1687.4,36,2012-12-31,2485.56,2522.95,2522.95,2485.56,8200229300.0,81149079560.0,0.0649755246834065,-0.0110465922828434,-0.1277512435838997,-0.0764660417368555,-2.76
36,36,2012-11,326236.17,20.7,22.75,12.2,13.6,9.1,8.2,6.3,8.7,419631.9,-10.3,1.5,73.6,-15.7,-6.8,184.9,3.9,6.5,1868.4,37,2013-01-31,2690.95,2686.88,2696.88,2671.33,9674010100.0,94476820552.0,-0.0050430238789972,-0.0891628952539749,-0.1838042636812957,-0.1802946168046211,-2.2
37,37,2012-12,364835.07,20.6,22.03,12.2,12.2,9.6,8.4,10.4,8.9,439337.2,3.8,-2.2,79.8,-13.4,-1.4,191.7,5.3,6.3,2059.7,38,2013-02-28,2611.94,2673.33,2673.71,2594.0,8692259500.0,92235377254.0,-0.0666771404951876,-0.0250249688590634,-0.1344465516789921,-0.1849229238440447,-1.94
38,38,2013-01,364835.07,20.6,22.03,12.2,12.2,9.6,8.4,10.4,8.9,39417.2,57.9,57.9,6.4,27.9,27.9,205.5,47.5,47.5,205.5,39,2013-03-29,2502.78,2495.08,2509.11,2482.49,5240213700.0,52055540480.0,-0.019145678695673,-0.1180082402167466,-0.0344838642448338,-0.139787101014797,-1.64
39,39,2013-02,25675.92,21.2,17.0,13.2,12.2,9.6,9.2,10.4,6.5,79500.9,25.0,39.4,11.7,3.5,-15.9,144.5,-16.0,12.4,350.0,40,2013-04-26,2477.72,2447.31,2488.59,2439.8,4712337800.0,46351986661.0,0.0650183262439167,-0.1039059211951081,-0.0300697500520981,-0.1179458262337015,-1.63
40,40,2013-03,58092.28,20.9,18.7,13.4,12.9,7.8,8.4,6.6,7.1,126888.2,12.5,24.5,17.2,-9.0,-12.3,229.0,12.4,13.5,579.2,41,2013-05-31,2638.71,2606.43,2645.57,2604.75,6252853300.0,65904433688.0,-0.1556880484033717,-0.1122301385419903,-0.0642603100793037,-0.1726384364820846,-1.92
41,41,2013-04,91319.18,20.6,18.4,12.9,12.3,10.5,9.1,7.3,6.3,158991.2,0.9,9.3,24.3,-4.0,-1.5,203.2,18.3,15.4,780.3,42,2013-06-28,2149.03,2200.64,2227.46,2139.37,7945132700.0,64106048718.0,-0.0034626290533662,0.094699723716737,0.0587965319179877,-0.0161407590519121,-2.62
42,42,2013-05,131210.65,20.4,17.8,13.0,12.9,9.4,9.0,8.7,7.1,200113.65,5.61,8.59,30.92,-4.88,-1.77,192.69,15.77,15.35,972.67,43,2013-07-31,2211.75,2193.02,2235.38,2187.21,4832705500.0,46723493389.0,0.0551248962617758,0.0823977893498462,0.0043000063838907,0.0716956525704279,-2.87
43,43,2013-06,181317.6,20.1,17.1,12.7,11.5,9.9,9.2,7.6,7.2,250825.99,6.69,7.37,35.97,-12.55,-9.07,185.11,13.35,15.11,1156.82,44,2013-08-30,2315.91,2313.91,2334.41,2303.61,8765451500.0,76695994654.0,0.0411122299484423,0.0540340808415193,-0.0583168749000609,0.0105362784205089,-2.7
44,44,2013-07,221722.23,20.1,17.08,12.5,11.1,9.2,9.2,8.5,7.4,295094.08,3.09,6.51,41.98,-5.37,-0.75,170.79,15.44,15.15,1327.57,45,2013-09-30,2406.2,2409.04,2415.07,2397.22,5951399200.0,60990141884.0,-0.0146614419021685,-0.032797296848537,-0.1090641915451797,0.017413575532162,-2.27
45,45,2013-08,262578.08,20.3,17.9,12.4,11.6,8.0,9.0,7.6,7.4,337588.02,7.58,7.09,48.18,-5.45,0.13,179.5,14.58,15.11,1507.28,46,2013-10-31,2398.39,2373.72,2398.39,2370.23,8273696400.0,70393879838.0,0.0274758606743845,-0.0721525706486021,-0.0906004077987293,0.0567042448140473,-1.63
46,46,2013-09,309207.57,20.2,18.48,12.4,12.3,9.9,9.1,10.8,7.8,385609.62,0.86,6.41,53.89,-9.36,-20.0,207.14,17.45,15.32,1713.95,47,2013-11-29,2442.68,2438.94,2446.39,2432.39,6180374600.0,61907374173.0,-0.0446546450507187,-0.106591388062027,-0.115820807399936,0.1516560472992365,-1.34
47,47,2013-10,351669.25,20.1,19.06,12.4,12.1,9.7,9.2,11.2,8.2,433253.4,-2.84,5.32,60.01,-8.33,1.33,208.34,25.26,17.23,1937.24,48,2013-12-31,2289.01,2330.03,2333.07,2287.12,5663107000.0,57026486218.0,-0.0547546598112472,-0.0788530619777427,-0.0707759127564882,0.5165899151513069,-1.51
48,48,2013-11,391282.53,19.9,18.56,12.3,11.3,9.9,9.3,10.8,8.5,475676.13,-11.73,3.64,65.7,-7.84,-1.96,228.37,25.64,18.11,2162.05,49,2014-01-30,2223.16,2202.45,2223.16,2200.22,4363230400.0,43475960839.0,-0.0106608549569797,-0.0198824036868032,0.0671070852913802,0.5593498149787737,-1.42
49,49,2013-12,436527.7,19.6,18.46,12.4,12.9,8.2,9.2,8.9,8.5,512735.69,-12.87,2.02,72.59,-1.54,8.33,229.97,22.91,18.4,2387.42,50,2014-02-28,2149.45,2178.97,2180.47,2133.55,7666805700.0,70216798972.0,-0.0149933225331232,-0.0103305690303215,0.0731171149671634,0.6396921481250317,-1.36
50,50,2014-02,30283.03,17.9,15.12,12.5,12.9,8.2,11.0,8.9,12.1,71597.44,-12.87,-3.89,10.64,1.33,8.33,229.97,22.91,12.53,387.04,52,2014-04-30,2158.76,2158.66,2164.18,2153.12,4533462400.0,39493022295.0,-0.0010191507694587,0.0887541345093716,0.1619801172949886,1.2003882037930942,-2.02
51,51,2014-03,68321.71,17.6,15.2,12.1,11.5,10.7,10.9,10.7,11.5,104470.6,-6.0,-7.4,17.9,7.8,15.0,236.3,7.3,10.8,626.0,53,2014-05-30,2156.38,2156.46,2166.91,2146.22,4392386300.0,39769199791.0,0.0040158407760866,0.0843187446092206,0.3025143058531112,1.244803984307615,-2.3
52,52,2014-04,107077.83,17.3,15.2,12.0,11.9,8.8,10.3,7.4,10.4,133528.56,-12.51,-9.51,24.59,5.39,1.11,220.55,8.07,8.36,848.73,54,2014-06-30,2152.31,2165.12,2168.22,2152.31,5430418800.0,50277570814.0,0.0855056532663316,0.1320342521430682,0.6321035323677209,1.065936299142773,-2.0
53,53,2014-05,153716.49,17.2,14.2,12.0,12.2,10.0,10.2,4.0,9.0,173526.39,-4.97,-1.62,39.98,4.88,4.68,212.34,12.08,10.79,1061.12,55,2014-07-31,2321.97,2350.25,2350.55,2316.59,11098776900.0,93135566963.0,-0.0050888203382618,0.0672566748218275,0.4612870971173279,0.6239548984150622,-1.45
54,54,2014-06,212770.45,17.3,14.8,11.8,11.0,8.8,9.9,6.9,8.6,274888.51,-23.49,-8.01,42.46,5.17,3.36,203.39,11.23,10.9,1266.87,56,2014-08-29,2317.3,2338.29,2338.77,2313.26,6321142300.0,58359967752.0,0.0481976144960631,0.2012282479931917,0.5279712952627775,0.4397444286209153,-1.11
55,55,2014-07,259492.91,17.0,14.6,12.0,12.8,11.9,10.2,8.9,8.7,323156.7,-15.84,-9.37,49.64,4.6,6.97,185.48,10.09,10.85,1450.58,57,2014-09-30,2452.17,2450.99,2454.89,2444.2,11580422900.0,101906558841.0,0.0233905483090508,0.4417439483637224,0.6528831206981669,0.3067984773499688,-0.87
56,56,2014-08,305786.48,16.5,14.1,12.0,11.9,9.8,10.1,6.6,8.4,370659.41,-15.59,-10.38,57.1,4.8,4.4,184.54,3.19,9.93,1634.91,58,2014-10-31,2473.5,2508.32,2512.19,2466.5,23917241200.0,181604617039.0,0.1198013012693755,0.3691993047139119,0.8936539197550553,0.4089430375709637,-1.2
57,57,2014-09,357787.18,16.1,13.8,12.1,12.7,9.5,10.0,4.6,7.9,422149.85,-16.14,-13.67,64.68,4.39,4.1,214.99,4.47,9.3,1849.77,59,2014-11-28,2753.93,2808.82,2809.54,2740.37,37532366200.0,330256023242.0,0.2580727850129234,0.2720074622083295,0.7234390242165749,0.2697182446721398,-1.8
58,58,2014-10,406160.6,15.9,13.5,11.9,10.2,7.8,9.7,3.5,7.4,466096.52,-17.68,-14.02,72.0,4.7,-1.4,219.3,6.8,9.0,2069.0,60,2014-12-31,3462.39,3533.7,3542.34,3452.5,34593476000.0,403710888146.0,-0.0281036873531992,0.1464470668138211,0.2658120383733764,0.0558366584599712,-2.24
59,59,2014-11,451067.58,15.8,13.5,11.8,11.4,6.1,9.3,5.4,7.2,512632.76,-9.25,-13.77,81.0,6.3,0.0,232.7,2.6,8.4,2301.6,61,2015-01-30,3496.89,3434.39,3514.22,3431.94,19647915700.0,237420793858.0,0.0403128357583153,0.3830374535215861,0.1113181671272045,-0.1421795428009048,-2.69
60,60,2014-12,502004.9,15.7,13.5,11.6,9.9,7.3,9.1,3.8,6.9,558118.1,1.6,-12.6,85.8,3.0,0.0,225.3,3.7,7.1,2372.5,62,2015-02-27,3565.23,3572.84,3594.81,3560.45,22278643800.0,271861944608.0,0.1338878875068572,0.3548969447274437,-0.0577411806853931,-0.1946266835346671,-3.32
61,61,2015-02,34477.41,13.9,10.6,9.7,9.9,7.3,4.8,3.8,3.1,53884.8,-34.8,-32.8,12.2,6.1,-7.7,176.6,-2.1,4.6,422.1,64,2015-04-30,4788.41,4749.89,4818.73,4749.48,39972744400.0,612511415165.0,0.0191457065321511,-0.1964656023613179,-0.2559659276320084,-0.3354056620258575,-4.8
62,62,2015-03,77511.25,13.5,10.4,9.1,8.2,2.4,3.9,-0.2,1.8,95891.21,-9.52,-16.11,19.0,-1.6,-7.0,245.1,3.5,4.7,658.3,65,2015-05-29,4839.53,4840.83,4924.3,4665.52,42787885900.0,636008152610.0,-0.0759849034153233,-0.3045531448119434,-0.2632647707108079,-0.3452445138540292,-4.56
63,63,2015-04,119978.5,12.0,9.9,8.6,7.3,2.6,3.6,2.4,2.0,134609.01,7.34,-10.59,26.0,-1.5,-1.4,209.6,-0.3,3.2,835.3,66,2015-06-30,4161.07,4473.0,4475.77,4016.01,52704528000.0,716045824698.0,-0.1467247932036665,-0.2839369550637156,-0.1658819584171696,-0.2948982785602504,-4.57
64,64,2015-05,171245.4,11.4,10.0,8.3,7.2,2.7,3.4,3.1,2.2,154593.47,-11.34,-14.97,32.0,-2.7,-5.7,198.4,-1.6,2.2,1033.9,67,2015-07-31,3777.16,3816.7,3863.62,3757.99,22237676700.0,299312543754.0,-0.1179448214426074,-0.0740482615872349,-0.2281054313936121,-0.1605496895223622,-4.61
65,65,2015-06,237131.87,11.4,9.7,8.3,8.4,4.0,3.5,4.9,2.7,195503.24,-6.17,-13.53,39.0,-4.9,-10.7,194.9,0.7,2.0,1229.6,68,2015-08-31,3307.4,3366.54,3368.28,3205.54,28025040300.0,306610891136.0,-0.0485929173572867,0.0593695604389075,-0.1452737825779584,-0.0115103340521722,-4.81
66,66,2015-07,288468.5,11.2,9.2,8.2,7.7,4.0,3.6,4.8,3.0,233413.0,-4.2,-12.0,45.0,-5.7,-13.0,156.2,-11.2,0.2,1385.9,69,2015-09-30,3195.9,3202.95,3223.91,3186.77,7855934900.0,95881598729.0,0.1033828189637677,0.1648667634524423,0.0047268923960723,0.015713638989057,-5.37
67,67,2015-08,338977.36,10.9,8.93,7.9,6.0,3.8,3.6,5.2,3.3,273634.37,1.51,-9.9,52.0,-5.7,-7.6,162.8,-6.5,-0.5,1548.4,70,2015-10-30,3530.22,3534.08,3574.47,3497.57,13914191400.0,183317149529.0,0.0091480668236145,-0.1663771052155015,-0.1067689469395146,-0.0559693045997826,-5.92
68,68,2015-09,394531.04,10.3,8.32,7.6,5.8,2.2,3.4,3.8,3.4,314753.68,-8.02,-9.67,57.0,-7.6,-15.5,195.1,-4.7,-0.9,1745.8,71,2015-11-30,3554.89,3566.41,3587.97,3455.07,17320116300.0,220098287801.0,0.0461528539904274,-0.1931746490167984,-0.1112743627345145,-0.0079659938145081,-5.95
69,69,2015-10,447424.88,10.2,8.34,7.5,6.7,1.7,3.2,4.6,3.5,356155.56,-5.55,-8.92,63.55,-8.06,-13.23,219.71,5.01,-0.35,1965.62,72,2015-12-31,3760.9,3731.01,3772.62,3727.32,10187355600.0,145043696235.0,-0.2103773509049828,-0.137474839252642,-0.1546739354759168,-0.1128193170213964,-5.9
70,70,2015-11,497182.15,10.2,8.43,7.5,7.2,2.5,3.1,2.2,3.4,398081.6,-1.4,-8.3,69.2,-9.1,-20.0,255.1,16.0,1.4,2223.7,73,2016-01-29,2855.6,2946.09,2965.31,2854.37,11330425900.0,109462356680.0,-0.0232918885709534,0.0715049438408195,0.0875193901068873,0.1499852346669652,-5.9
71,71,2015-12,551590.04,10.0,8.1,7.4,6.2,1.2,2.9,3.2,3.4,438878.1,12.1,-7.3,75.5,-9.3,-11.3,263.2,16.3,2.7,2483.8,74,2016-02-29,2939.58,2877.47,2939.87,2821.21,12934102000.0,118440829598.0,0.1183748223265579,0.1015093119997776,0.1564985907759246,0.1999464807626143,-5.9
72,72,2016-02,38007.8,10.2,7.5,8.2,6.2,1.2,3.9,3.2,3.5,67767.3,12.1,15.6,10.1,-12.9,-11.3,263.2,16.3,5.3,412.6,76,2016-04-29,3153.54,3156.75,3171.29,3149.4,5802977600.0,70807704222.0,0.0040579710144927,0.0149457511681316,0.056871782687891,0.0896491644887937,-4.9
73,73,2016-03,85842.83,10.7,6.4,8.3,8.2,6.0,4.8,4.1,3.8,100199.2,15.1,15.8,17.0,-7.6,-1.5,255.4,8.9,6.5,668.6,77,2016-05-31,3068.6,3169.56,3170.93,3068.6,13886311100.0,151398175957.0,-0.0049344388495563,0.0499217557011066,0.1162432640492687,0.1020078496699858,-4.3
74,74,2016-04,132591.95,10.5,6.0,8.6,9.3,3.8,4.5,5.0,4.1,137859.6,14.8,16.1,23.7,-7.1,-4.3,220.2,4.3,5.5,889.3,78,2016-06-30,3152.83,3153.92,3163.72,3148.2,7969261700.0,100627912925.0,0.0158564579951296,0.0315036525974026,0.0495129870129869,0.1626166801948052,-3.4
75,75,2016-05,187670.98,9.6,4.6,8.6,8.6,4.2,4.4,5.7,4.5,159690.2,8.9,5.8,29.3,-8.2,-9.0,208.7,4.1,5.6,1099.3,79,2016-07-29,3217.19,3203.93,3225.42,3198.68,8804483700.0,103787029748.0,0.0386587721953974,0.0413086428230331,0.0574388329333037,0.1666515810270512,-2.8
76,76,2016-06,258359.96,9.0,3.3,8.7,8.9,4.9,4.5,6.9,4.9,204707.7,0.2,6.2,36.2,-6.7,-1.4,211.3,8.1,6.0,1311.4,80,2016-08-31,3310.57,3327.79,3333.97,3304.66,7957080500.0,99215044445.0,-0.0223902349607396,0.0631680484645966,0.0375684763762136,0.1485370170593698,-2.6
77,77,2016-07,311694.33,8.1,3.0,8.8,9.7,3.6,4.4,5.6,5.0,241106.3,4.0,4.6,42.5,-6.0,-1.6,197.8,25.4,8.1,1507.8,81,2016-09-30,3240.18,3253.28,3260.94,3239.04,4497802200.0,52655734553.0,0.0255127133231691,0.0174593026115181,0.0623278660305905,0.1792713814980573,-1.7
78,78,2016-08,366339.19,8.1,2.8,9.0,9.8,5.7,4.6,7.5,5.4,281409.3,3.8,4.0,50.1,-2.9,10.9,204.0,24.7,10.0,1713.7,82,2016-10-31,3332.41,3336.28,3340.47,3317.33,7135286300.0,80701820968.0,0.0604625511048233,0.0154903065689928,0.0310135839917511,0.2009543563489872,-0.8
79,79,2016-09,426906.44,8.2,3.1,8.8,7.9,7.0,4.9,7.8,5.7,322887.8,3.0,3.6,56.6,-2.4,14.1,257.6,31.5,12.3,1971.8,83,2016-11-30,3557.64,3538.0,3567.07,3527.02,17856017800.0,190681227631.0,-0.0644205765969474,-0.0240785754663651,-0.0127529677784058,0.1323063877897117,0.1
80,80,2016-10,484429.02,8.3,3.1,8.7,7.6,8.2,5.3,8.3,6.0,365117.5,4.6,3.5,63.6,-0.5,16.9,240.9,18.0,12.7,2088.7,84,2016-12-30,3302.6,3310.08,3313.55,3295.75,7174411600.0,76921368838.0,0.02352813225058,0.0440986320572314,0.1077677880897138,0.2177500241686001,1.2
81,81,2016-11,538547.98,8.3,3.6,8.5,6.6,8.6,5.7,10.7,6.5,409835.5,6.2,3.8,70.7,1.4,20.3,300.0,17.8,13.3,2526.1,85,2017-01-26,3378.26,3387.96,3395.88,3378.26,6531664700.0,66488818305.0,0.0191413121760586,0.0152864850824685,0.1032804401468729,0.2620869195622144,3.3
82,82,2016-12,596500.75,8.1,4.2,8.2,4.7,8.4,5.9,8.0,6.7,458103.7,9.2,4.7,78.32,2.2,4.6,298.2,12.7,13.1,2819.31,86,2017-02-28,3445.03,3452.81,3460.91,3441.36,7521526000.0,81979307361.0,0.0009383661423594,0.0116050405322043,0.1069505706945936,0.1653233163713032,5.5
83,83,2017-02,41377.89,8.9,4.3,8.4,4.7,8.4,10.6,8.0,11.5,54980.8,9.2,1.2,17.0,3.1,4.6,298.2,12.7,11.1,459.0,88,2017-04-28,3439.57,3439.75,3439.9,3417.24,10163235100.0,113761006698.0,0.0154458899629332,0.0866690893233519,0.164828839305182,0.0921956537539065,7.8
84,84,2017-03,93777.06,9.2,5.8,8.7,9.1,10.6,10.6,13.5,12.4,90770.3,9.0,4.3,18.5,3.4,1.5,269.5,4.8,9.0,732.6,89,2017-05-31,3495.07,3492.88,3515.08,3474.92,10482974400.0,115968725310.0,0.0497927211928266,0.0942517349579716,0.1469331898032568,0.0886088270996998,7.6
85,85,2017-04,144326.84,8.9,4.9,8.3,7.2,10.8,10.7,12.0,12.2,126805.0,10.1,5.3,25.6,5.8,12.5,220.9,0.3,6.9,952.7,90,2017-06-30,3654.73,3666.8,3669.76,3646.23,8151002800.0,102459981992.0,0.0193820224719101,0.0462801352678083,0.0992827533544233,-0.0424948183702411,6.4
86,86,2017-05,203718.27,8.6,5.1,8.1,7.4,11.5,10.8,11.1,12.0,164855.5,1.8,4.0,32.8,10.1,16.7,218.2,4.1,6.4,1172.3,91,2017-07-31,3722.43,3737.87,3746.52,3713.66,14842903900.0,160890133166.0,0.0225315487162476,0.0719259899354445,0.1439402654452937,-0.0589132313322828,5.5
87,87,2017-06,280604.83,8.6,5.5,8.3,9.2,12.3,11.2,12.0,12.0,206447.3,-1.0,3.9,40.0,8.7,7.2,225.0,6.2,6.3,1396.8,92,2017-08-31,3835.84,3822.09,3840.2,3800.89,13294493500.0,157079216083.0,0.0037701885617553,0.0481438166029579,0.0527329288425966,-0.1275715642488796,5.5
88,88,2017-07,337409.49,8.3,4.8,7.9,5.4,11.5,11.2,11.9,12.1,247044.7,2.8,3.6,42.4,5.2,6.8,207.3,4.3,6.0,1604.1,93,2017-09-29,3825.2,3836.5,3852.22,3825.2,9330602800.0,116056776566.0,0.0443685650983969,0.050658151961423,0.0161605630131629,-0.1036465528476475,5.5
89,89,2017-08,394150.13,7.8,4.5,7.4,4.4,10.7,11.1,12.1,12.1,283929.8,7.8,2.3,51.0,7.8,7.9,213.4,4.7,5.9,1818.1,94,2017-10-31,3995.39,4006.72,4009.28,3983.26,10917877900.0,142897206949.0,-0.0001547400367382,0.067182134014855,-0.0623552431914382,-0.2128673827969011,6.3
90,90,2017-09,458478.18,7.5,4.2,7.2,5.2,10.6,11.1,11.3,12.0,321863.6,4.6,4.3,57.8,7.4,3.0,291.8,3.1,4.9,2278.9,95,2017-11-30,4034.01,4006.1,4052.8,3988.0,10798334500.0,145829948321.0,0.0061780784303937,0.0043783230573375,-0.050852450013729,-0.2080352462494695,6.9
91,91,2017-10,517817.98,7.3,4.1,6.9,4.4,9.6,10.9,12.3,12.1,364198.1,-2.5,0.7,64.5,7.3,6.3,260.1,0.6,5.3,2349.4,96,2017-12-29,4022.88,4030.85,4043.14,4012.87,9048668300.0,121257038529.0,0.0607936291352939,-0.0328342657255913,-0.1289727973008174,-0.2530979818152499,6.9
92,92,2017-11,575057.05,7.2,4.1,6.6,4.4,8.9,10.7,10.1,11.9,409196.6,-12.8,-1.1,63.6,7.3,10.5,310.7,1.8,4.1,2673.1,97,2018-01-31,4234.11,4275.9,4287.86,4232.77,14521016400.0,194401798025.0,-0.0589957669730348,-0.1213826328959983,-0.1773287495030285,-0.2512383357889566,5.8
93,93,2017-12,631683.96,7.2,4.8,6.6,5.7,8.5,10.5,10.7,11.8,433674.7,-6.8,-0.8,64.3,6.8,11.5,305.4,0.4,3.2,2994.2,98,2018-02-28,4016.79,4023.64,4051.71,3991.71,10934359300.0,152493909262.0,-0.0311011919555427,-0.0549900090465349,-0.1712727778827131,-0.0880471413943593,4.9
94,94,2018-02,44626.0,7.9,4.3,5.5,5.7,8.5,9.1,10.7,10.3,49655.1,-6.8,4.6,8.7,6.1,11.5,305.4,0.4,-5.0,441.8,100,2018-04-27,3771.04,3756.88,3776.98,3714.64,8953172600.0,142113627600.0,0.0121111134771405,-0.06367517727476,-0.1605214965609761,0.0416116564809097,3.7
95,95,2018-03,100763.0,7.5,3.8,4.5,2.8,6.8,8.2,11.4,10.7,75624.8,-14.4,-3.1,13.1,3.1,-2.0,270.2,0.9,-2.6,713.1,101,2018-05-31,3749.3,3802.38,3804.79,3742.53,9266689400.0,130545422180.0,-0.0766362120566592,-0.1230492481025042,-0.1656041742277205,-0.0453899925835924,3.1
96,96,2018-04,154358.0,7.0,4.8,4.7,5.4,9.7,8.6,13.2,11.4,104937.3,-6.4,-4.2,18.7,6.3,12.0,245.0,10.8,0.4,958.3,102,2018-06-29,3431.96,3510.98,3512.38,3425.22,7725703100.0,97616367299.0,0.0019026026921258,-0.020541273376664,-0.1425043719987011,0.0896074600254059,3.4
97,97,2018-05,216043.0,6.1,5.2,4.2,2.5,6.6,8.2,9.6,11.0,127842.6,-14.8,-9.5,23.2,5.5,6.1,238.8,9.5,2.0,1199.3,103,2018-07-31,3510.47,3517.66,3528.15,3493.15,6798081700.0,80022152109.0,-0.0520687047639624,-0.1034323953992141,-0.0898409738291932,0.0903157212465104,4.1
98,98,2018-06,297316.0,6.0,6.8,3.7,1.4,6.8,7.9,11.5,11.1,162026.8,-4.8,-8.2,26.1,6.1,-2.1,233.9,5.3,3.5,1430.1,104,2018-08-31,3333.38,3334.5,3356.58,3310.87,7620563000.0,96091892858.0,0.0312970460338881,-0.0485260158944369,0.1004258509521667,0.1394781826360773,4.7
99,99,2018-07,355798.0,5.5,7.3,3.6,2.5,6.9,7.8,11.2,11.1,169090.2,-8.6,-2.7,30.0,7.1,2.4,206.4,-0.5,3.2,1637.7,105,2018-09-28,3409.96,3438.86,3444.99,3404.7,8437775600.0,94880274571.6,-0.0828879337920124,-0.1245209168154563,0.1260534014179117,0.1092425978376554,4.6
100,100,2018-08,415158.0,5.3,7.5,3.7,4.4,5.9,7.6,9.8,10.9,186794.0,-10.3,-6.7,33.9,5.0,-2.3,203.2,-4.4,2.2,1840.8,106,2018-10-31,3116.66,3153.82,3168.92,3106.03,11120745500.0,117099697835.9,0.0059832203486565,0.0151593940047307,0.2407841918689082,0.232394366197183,4.1
101,101,2018-09,483442.0,5.4,8.7,3.7,3.7,6.1,7.4,9.7,10.8,211854.5,-16.2,-8.2,38.4,4.6,0.0,242.6,-10.6,0.6,2084.2,107,2018-11-30,3136.2,3172.69,3175.15,3132.42,7092104400.0,77297697684.1,-0.0510733793720785,0.1565485439800296,0.1440733257897872,0.2067583028912374,3.6
102,102,2018-10,547567.0,5.7,9.1,3.7,3.1,6.8,7.4,8.1,10.5,235678.2,-13.1,-8.7,41.0,0.7,-9.8,237.0,-9.2,-0.4,2322.6,108,2018-12-28,2994.8,3010.65,3024.35,2984.82,7105377900.0,78145310042.0,0.0634348064371481,0.2862139405111852,0.2706857323169416,0.3606961951737997,3.3
103,103,2018-11,609267.0,5.9,9.5,3.7,3.9,6.7,7.3,12.4,10.7,260021.8,-9.4,-9.0,44.8,0.2,-15.6,258.2,-16.7,-2.3,2582.0,109,2019-01-31,3182.7,3201.63,3216.07,3178.01,8624783900.0,97509924771.0,0.1460943331990267,0.2222555385850331,0.1979397994146732,0.2505817349287706,2.7
104,104,2018-12,635636.0,5.9,9.5,3.8,4.0,6.5,7.2,11.7,10.9,322293.4,0.3,-14.7,48.9,0.4,-17.4,252.6,-14.9,-3.8,2796.8,110,2019-02-28,3675.26,3669.37,3695.46,3650.05,18481022000.0,206010958184.6,0.0553146725459685,-0.0107865927938582,0.0354883808392176,0.0737674314664371,0.9
105,105,2019-02,44849.0,6.1,5.9,8.5,4.0,6.5,4.4,11.7,10.0,36843.4,0.3,0.9,8.2,0.0,-17.4,252.6,-14.9,-15.1,372.0,112,2019-04-30,3887.18,3913.21,3923.11,3885.15,11623337600.0,161665923923.7,-0.0724264734067428,-0.01989415339325,-0.0067617122515786,-0.000160993148847,0.1
106,106,2019-03,101871.0,6.3,4.6,11.0,14.6,14.1,8.4,16.4,12.6,61393.2,10.8,3.7,12.1,-6.9,-5.7,258.7,-2.6,-10.4,630.9,113,2019-05-31,3641.0,3629.79,3668.18,3627.54,8922226700.0,108264201339.4,0.0539425145807332,0.0467795657600027,0.0547910485179583,0.0653563980285361,0.4
107,107,2019-04,155747.0,6.1,2.5,8.9,3.3,2.0,6.7,2.8,10.1,101733.9,-1.9,-40.8,14.5,-7.1,-25.0,202.0,-15.8,-11.8,832.4,114,2019-06-28,3832.06,3825.59,3835.23,3803.05,8476613900.0,116512050673.5,0.0025538544381389,-0.002891057327105,0.0708361324658417,0.0884491019685851,0.9
108,108,2019-05,217555.0,5.6,2.7,8.4,6.5,2.5,5.7,4.9,9.0,153655.9,-3.1,-30.1,19.1,-9.0,-17.4,185.1,-21.5,-14.1,1017.9,115,2019-07-31,3856.74,3835.36,3856.74,3830.09,8215115500.0,111083892777.4,-0.0093263735346877,0.0133990029619122,0.0439437236660964,0.2241484502106712,0.6
109,109,2019-06,299100.0,5.8,3.0,7.9,5.7,2.6,5.1,5.3,8.3,207649.7,-2.9,-23.7,23.9,-10.5,-14.0,196.0,-15.2,-14.2,1214.0,116,2019-08-30,3816.68,3799.59,3828.97,3778.92,9669515000.0,152408668676.4,0.0039320031898177,0.0076534573467137,0.0369671464552754,0.267563079174332,0.0
110,110,2019-07,348892.0,5.7,3.3,7.3,4.2,0.7,4.5,4.0,7.7,255248.2,-11.4,-18.9,27.9,-11.7,-17.4,185.4,-11.5,-12.8,1435.0,117,2019-09-30,3842.07,3814.53,3857.23,3813.55,6593131300.0,100487271138.0,0.0189328698424182,0.0739409573394362,-0.0336529008816289,0.2026121173512856,-0.3
111,111,2019-08,400628.0,5.5,2.6,6.4,0.9,0.0,3.9,3.3,7.1,273562.4,-15.0,-20.5,31.0,-16.7,-21.3,200.0,-0.6,-12.5,1592.4,118,2019-10-31,3906.86,3886.75,3907.15,3878.88,8671453900.0,135012425538.5,-0.0149430758345661,0.0301408631890396,0.0066456551103106,0.2080349906734417,-0.8
112,112,2019-09,461204.0,5.4,2.5,6.0,2.6,3.5,3.9,7.0,7.1,301755.6,-16.5,-1.8,33.7,-16.2,-17.8,222.0,-6.9,-12.0,1808.7,119,2019-11-29,3857.19,3828.67,3861.66,3804.83,7414433100.0,116200556869.0,0.0699746909501211,0.0290910420589918,0.0100165331564223,0.2955543308773021,-1.2
113,113,2019-10,510880.0,5.2,2.6,5.7,3.1,3.1,3.9,5.0,6.9,322041.2,-2.8,-2.8,34.9,-16.9,-13.5,227.9,-2.1,-11.1,2029.3,120,2019-12-31,4077.75,4096.58,4098.14,4069.01,12326425800.0,173119348509.7,-0.0226237495667117,-0.1001860088171109,0.0164478662689364,0.2721074652515025,-1.6
114,114,2019-11,533718.0,5.2,2.5,5.7,6.0,6.2,4.1,7.0,7.0,335927.8,2.4,-2.5,37.6,-17.7,-13.2,260.8,3.7,-9.6,2285.8,121,2020-01-23,4093.32,4003.9,4103.52,3972.39,16035760300.0,250409357700.7,-0.0159469517220709,-0.0228077624316291,0.1726191962836234,0.3366867304378231,-1.4
115,115,2019-12,551478.0,5.4,3.1,5.8,6.3,4.9,4.3,6.5,6.9,393853.4,-1.1,-5.7,41.6,-18.8,-14.3,270.5,8.1,-8.0,2552.8,122,2020-02-28,3988.73,3940.05,4031.15,3928.07,23027509300.0,330358907265.5,-0.0644382685498915,-0.0185352977754089,0.2223753505666172,0.3544904252484104,-0.5
116,116,2020-02,33323.0,-24.5,-31.5,-26.9,6.3,4.9,-28.2,6.5,-24.4,34101.7,-1.1,-31.5,3.6,-44.6,-14.3,270.5,8.1,-45.8,200.5,124,2020-04-30,3880.41,3912.58,3921.7,3880.41,13291712500.0,202268288802.3,-0.0116444903362997,0.1999882430518993,0.2000598070838168,0.3094914353188944,-0.4
117,117,2020-03,84145.0,-16.1,-25.2,-15.0,-1.6,-5.4,-17.2,-2.2,-13.5,94670.6,-16.2,-21.3,7.2,-29.4,-21.7,146.1,-43.0,-44.6,347.1,125,2020-05-29,3838.38,3867.02,3872.3,3830.42,9381383200.0,135658136028.2,0.0767878107690158,0.2454603286251429,0.2827060630666509,0.3787283231015097,-1.5
118,118,2020-04,136824.0,-10.3,-18.8,-7.3,8.9,7.5,-9.0,14.3,-4.2,84365.1,-5.8,-16.4,11.3,-19.9,11.4,210.0,5.1,-32.3,557.3,126,2020-06-30,4130.0,4163.96,4174.42,4129.78,12593352100.0,227935704488.9,0.1275444528765887,0.1016916589016223,0.2515225890738624,0.2545845781419609,-3.1
119,119,2020-05,199194.0,-6.3,-14.8,-4.7,3.6,7.3,-4.9,16.4,1.0,111095.0,-9.8,-18.9,15.5,-14.8,17.1,215.2,19.0,-23.6,765.6,127,2020-07-31,4652.18,4695.05,4741.81,4621.96,18483902600.0,351119312415.0,0.0258080318633453,5.963727755831094e-05,0.1399154428600333,0.0247324309645264,-3.7
120,120,2020-06,281603.0,-3.1,-11.7,-3.1,2.6,7.4,-2.3,9.6,2.9,139012.8,-18.2,-25.6,20.5,-7.7,15.4,231.1,20.4,-16.5,996.9,128,2020-08-31,4870.93,4816.22,4901.21,4816.21,20256702900.0,357005064604.8,-0.0475102881512888,0.029905195360677,0.108080610935547,-0.0022029724555773,-3.0
121,121,2020-07,329214.0,-1.6,-10.2,-1.2,7.8,9.6,-0.3,10.2,4.1,184780.8,-17.3,-24.8,24.0,-9.1,14.7,225.8,26.8,-9.7,1254.5,129,2020-09-30,4607.58,4587.4,4634.72,4563.41,8908120000.0,165532220885.2,0.0235274883376204,0.1360007847582509,0.1004839342546977,0.0608144046736713,-2.4
122,122,2020-08,378834.0,-0.3,-8.1,0.2,9.9,10.9,1.2,8.0,4.6,217938.3,-17.4,-23.3,28.0,-6.7,11.8,208.8,7.6,-9.0,1403.6,130,2020-10-30,4776.47,4695.33,4778.51,4683.47,13980230300.0,280783321713.1,0.0564220193255853,0.1398474654603616,0.0911884787650707,0.0454579337341571,-2.0
123,123,2020-09,436530.0,0.8,-6.5,1.8,12.6,12.5,2.6,8.0,5.1,250158.0,-9.0,-20.0,32.0,-2.7,20.6,246.1,13.8,-6.1,1650.5,131,2020-11-30,4994.11,4960.25,5055.19,4960.25,26263895000.0,396495834420.8,0.0506103523007912,0.075905448314097,0.074859130084169,-0.0258495035532483,-2.1
124,124,2020-10,483292.0,1.8,-5.3,3.1,14.1,13.1,3.7,8.0,5.4,291120.6,-7.1,-18.1,36.0,0.6,29.0,248.1,11.1,-4.1,1897.9,132,2020-12-31,5122.48,5211.29,5215.62,5122.48,17160250900.0,358731371834.7,0.0269933164341267,-0.0312648115917556,0.0024466111078063,-0.0519871279472069,-2.1
125,125,2020-11,499560.0,2.6,-3.5,4.3,13.8,10.2,4.4,10.5,6.0,445772.6,50.9,21.0,40.3,4.1,25.7,278.3,8.1,-2.7,2178.4,133,2021-01-29,5413.97,5351.96,5430.2,5288.1,18217878400.0,390287690019.0,-0.0028400810170479,-0.0426890335503254,-0.1010452245532478,-0.1472712800544099,-1.5
126,126,2020-12,518907.0,2.9,-2.2,5.2,13.0,11.1,5.1,8.7,6.3,439112.2,13.4,-1.2,44.6,5.9,32.4,280.4,6.5,-1.4,2462.5,134,2021-02-26,5343.9,5336.76,5416.32,5318.86,21226454300.0,405717700127.9,-0.0540402791206651,-0.0009725001686416,-0.0995266791086727,-0.1414922162510588,-0.4
127,127,2021-02,45236.0,35.0,37.3,59.5,13.0,11.1,62.4,8.7,59.2,54884.4,13.4,59.0,7.6,85.4,32.4,280.4,6.5,89.9,385.5,136,2021-04-30,5156.36,5123.49,5163.25,5094.93,16012162100.0,315075102884.9,0.0406129415691256,-0.0609584482452389,-0.0419089331686017,-0.2161124545963786,1.7
128,128,2021-03,95994.0,25.6,29.8,40.2,22.5,20.2,39.9,17.9,37.2,111651.0,62.3,63.2,14.4,67.4,42.9,251.7,69.8,81.7,638.3,137,2021-05-31,5318.08,5331.57,5331.63,5281.69,14460326900.0,321450798233.5,-0.0201685432246035,-0.0986501161946669,-0.0936947278193852,-0.2325862738367872,4.4
129,129,2021-04,143804.0,19.9,23.8,33.9,21.0,14.9,31.6,10.2,28.2,131352.3,19.1,32.2,20.5,57.7,37.2,227.3,6.8,53.4,865.8,138,2021-06-30,5189.38,5224.04,5231.43,5186.63,10375267100.0,281015504940.5,-0.0790327026592445,-0.0684642537193436,-0.0543008859043958,-0.1414671403741165,6.8
130,130,2021-05,193917.0,15.4,20.4,30.5,19.2,13.8,27.2,5.9,22.6,165724.7,11.9,27.4,25.3,48.8,31.8,209.6,-4.0,38.4,1075.2,139,2021-07-30,4825.7,4811.17,4825.7,4761.04,18234977600.0,420943935061.8,-0.0011556440533176,0.0202861258280211,-0.0514220033796352,-0.133246175046818,9.0
131,131,2021-06,255900.0,12.6,19.2,28.2,19.7,13.9,24.3,10.5,20.1,198823.4,0.6,22.0,29.7,45.6,29.5,203.8,-13.1,26.4,1279.0,140,2021-08-31,4803.09,4805.61,4821.76,4740.75,23511865800.0,460805653996.0,0.0126456370783314,0.0054977411816605,-0.0466038650660374,-0.1512336623238256,8.8
132,132,2021-07,302533.0,10.3,17.3,25.5,12.7,7.6,21.5,5.3,17.8,229135.0,-2.0,18.2,35.0,44.2,27.5,185.3,-15.8,18.9,1459.1,141,2021-09-30,4843.95,4866.38,4876.07,4843.95,14611389600.0,283254685232.2,0.0087107870737592,0.0152043202544807,-0.132291354148258,-0.2181272321520309,9.0
133,133,2021-08,346913.0,8.9,15.7,23.5,11.8,6.7,19.4,8.7,16.5,249181.2,-7.7,14.5,39.8,40.6,23.1,173.4,-19.1,13.5,1634.3,142,2021-10-29,4861.27,4908.77,4908.77,4855.76,15988735300.0,368731987310.2,-0.015633244173184,-0.0702823721624765,-0.1818235525396383,-0.2852180892565755,9.5
134,134,2021-09,397827.0,7.3,14.8,21.2,6.8,3.0,17.1,8.8,15.5,282112.3,-0.7,12.5,50.1,38.4,2.1,218.6,-13.7,9.4,1855.4,143,2021-11-30,4857.18,4832.03,4871.25,4810.22,12963059600.0,279268234018.0,0.0224212184113095,-0.0518167312702942,-0.1532502902506813,-0.202604288466752,10.7
135,135,2021-10,445823.0,6.1,14.2,19.4,6.7,1.0,15.2,7.2,14.6,313031.2,-6.7,10.0,49.17,31.9,4.8,234.35,-8.3,7.1,2091.71,144,2021-12-31,4937.46,4940.37,4950.36,4923.14,12131373700.0,266975388723.2,-0.0762291083461359,-0.1452866890536538,-0.0921712341383337,-0.2163279268556808,13.5
136,136,2021-11,494082.0,5.2,13.7,17.5,3.5,2.8,13.8,4.0,13.3,342896.5,5.2,14.8,54.3,29.9,2.1,267.3,-7.1,5.3,2364.4,145,2022-01-28,4641.81,4563.77,4660.52,4559.83,12648011200.0,263967891800.0,0.003917813562033,-0.1199731800682332,-0.0862598246625049,-0.089160934928798,12.9
137,137,2021-12,544547.0,4.9,13.5,16.0,4.6,1.5,12.4,7.4,12.6,389052.7,5.9,10.2,60.2,29.2,5.8,296.6,3.4,4.8,2652.8,146,2022-02-28,4563.74,4581.65,4581.65,4530.68,13540697800.0,248363727500.0,-0.078366963866729,-0.1069767441860464,-0.1097443060906004,-0.1117916034616349,10.3
138,138,2022-02,50763.0,12.2,20.9,6.8,4.6,1.5,5.0,7.4,8.8,45415.3,5.9,-5.9,8.9,7.2,5.8,296.6,3.4,11.1,426.6,148,2022-04-29,3939.62,4016.24,4017.43,3898.57,17945837700.0,321414877400.0,0.0187438997669462,0.038309463577874,-0.1263719299643447,0.0031995099894428,8.8
139,139,2022-03,104872.0,9.3,15.6,4.9,2.1,-0.7,2.6,7.6,8.2,79798.1,-6.5,-6.2,13.53,1.5,3.6,238.68,-4.9,4.9,667.32,149,2022-05-31,4031.76,4091.52,4096.2,4020.38,13541551300.0,267770088700.0,0.0961720827467542,-0.0030990927577037,-0.0582864070076646,-0.0716066400750821,8.3
140,140,2022-04,153544.0,6.8,12.2,1.5,-6.6,-15.8,-2.7,-5.5,4.3,107665.0,-10.0,-7.4,18.2,-5.2,-19.0,128.2,-43.5,-7.8,795.3,150,2022-06-30,4418.07,4485.01,4515.0,4418.07,15666628900.0,354343886800.0,-0.0702138902700327,-0.1516429171841312,-0.1367622368734964,-0.1432683539167137,8.0
141,141,2022-05,205964.0,6.2,10.6,0.6,-2.3,-6.8,-3.6,1.1,3.6,130488.4,6.9,-5.4,23.2,-8.7,-18.0,199.3,-4.8,-7.2,994.3,151,2022-07-29,4226.42,4170.1,4243.51,4160.87,11417928600.0,253198574600.0,-0.0218843672813602,-0.1586053092251985,-0.003174983813338,-0.0372820795664373,6.4
142,142,2022-06,271430.0,6.1,10.4,0.5,0.1,1.1,-2.7,6.0,4.1,164679.8,21.9,-1.0,29.01,-7.3,-11.7,257.66,26.8,-2.1,1248.2,152,2022-08-31,4057.14,4078.84,4112.85,4046.62,13244976500.0,292974665500.0,-0.0671637034058704,-0.0553588765433309,-0.0022996734365653,-0.0768772494140491,6.1
143,143,2022-07,319812.0,5.7,9.9,0.1,-2.3,-0.4,-2.2,4.0,4.1,195636.6,30.3,-0.3,33.13,-10.1,-14.8,244.46,31.5,2.9,1500.55,153,2022-09-30,3833.35,3804.89,3848.6,3801.28,7855996600.0,158692748800.0,-0.0778445631805387,0.0175405859302109,0.0646641558625873,-0.0303215073234706,4.2
144,144,2022-08,367106.0,5.8,10.0,-0.2,-2.3,0.8,-1.9,4.5,4.3,219955.6,8.0,2.9,37.5,-10.5,-13.5,242.6,39.0,6.1,1735.8,154,2022-10-31,3504.51,3508.7,3553.39,3495.95,13846565500.0,256574822100.0,0.0981389118476929,0.1847293869524324,0.1483141904409042,0.0015517998118961,2.3
145,145,2022-09,421412.0,5.9,10.1,-0.1,1.3,2.3,-1.4,4.9,4.4,245866.2,16.4,4.6,41.6,-11.1,-12.0,275.8,25.4,8.1,2011.8,155,2022-11-30,3836.56,3853.04,3867.66,3833.83,15751140000.0,250051468100.0,0.0048247617465688,0.0561686356746879,-0.0141446753732118,,0.9
146,146,2022-10,471459.0,5.8,9.7,-0.4,-3.1,2.0,-1.0,3.0,4.2,274496.1,9.4,4.9,47.1,-12.5,-8.5,255.9,8.6,8.1,2266.8,156,2022-12-30,3873.94,3871.63,3887.55,3868.76,7877327200.0,148295049400.0,0.073671812647386,0.0463112435847432,-0.0075368772325868,,-1.3
147,147,2022-11,520043.0,5.3,9.3,-0.4,-0.3,-0.9,-1.0,2.3,4.0,319489.0,-15.2,1.5,52.0,-12.5,-13.2,242.3,-9.9,5.6,2500.2,157,2023-01-31,4200.58,4156.86,4212.73,4153.05,12455083500.0,249365321600.0,-0.0210254855828677,-0.0307371429396225,-0.0342157301424631,,-1.3
148,148,2022-12,572138.0,5.1,9.1,-0.4,-1.2,-3.4,-1.2,-0.5,3.6,374401.1,-13.7,-1.1,57.2,-13.1,-11.7,248.8,-16.7,3.4,2747.6,158,2023-02-28,4058.13,4069.46,4074.26,4026.45,11032359100.0,198799712400.0,-0.0045534296933745,-0.0665739434716153,-0.0747494753603672,,-0.7
149,149,2023-02,53577.0,5.5,8.1,-0.8,-1.2,-3.4,-1.3,-0.5,3.9,54079.0,-13.7,23.2,7.5,-11.8,-11.7,248.8,-16.7,-14.0,365.3,160,2023-04-28,3993.26,4029.09,4030.45,3993.26,17950848800.0,328936294000.0,-0.0572213576762992,-0.0035888997267372,-0.1278068248661609,,-1.4
150,150,2023-03,107282.0,5.1,7.0,1.6,4.8,4.6,1.1,7.3,5.5,67038.6,-2.6,-4.1,13.83,-6.8,0.0,260.78,11.2,-5.1,625.67,161,2023-05-31,3827.16,3798.54,3827.16,3781.4,12638736800.0,235606123900.0,0.0115597045180515,-0.0087586283150894,,,-2.5
151,151,2023-04,147482.0,4.7,6.4,1.8,2.7,13.5,4.0,9.1,6.4,63440.2,-10.6,4.3,19.1,-3.0,-1.9,201.8,59.8,4.3,824.7,162,2023-06-30,3816.33,3842.45,3860.03,3813.55,10126842900.0,208146272900.0,0.0448099519837603,-0.0398001275228043,,,-3.6
152,152,2023-05,188815.0,4.0,6.0,1.3,-0.1,6.1,4.5,3.9,5.9,82042.5,3.9,-1.2,24.41,-2.0,1.9,230.74,17.3,7.1,1053.91,163,2023-07-31,4018.89,4014.63,4064.36,4002.08,19960683000.0,366544120000.0,-0.0621128223522466,-0.1246653365316355,,,-4.6
153,153,2023-06,243113.0,3.8,6.0,1.5,2.4,-0.2,3.6,3.4,5.5,102753.8,-0.7,-1.2,29.93,-2.9,0.0,256.38,0.8,6.1,1310.34,164,2023-08-31,3786.93,3765.27,3794.0,3762.0,11896164600.0,193577001300.0,-0.0201180791815726,,,,-5.4
154,154,2023-07,285898.0,3.4,5.7,1.6,1.4,-1.4,2.8,1.5,4.9,120276.1,-15.8,-3.2,34.6,-1.7,-2.1,232.4,-3.8,4.5,1540.8,165,2023-09-28,3711.21,3689.52,3716.06,3685.3,8522171900.0,153500421300.0,-0.0475333376699408,,,,-4.4
155,155,2023-08,327042.0,3.2,5.9,1.6,1.4,-0.8,2.4,-0.5,4.2,139916.4,-3.3,-2.4,40.0,-1.0,0.0,251.3,4.5,4.8,1792.0,166,2023-10-26,3484.7807,3514.1448,3515.5716,3478.0503,10514356600.0,176088467200.0,,,,,-3.0
