,代码,名称,日期,开盘价(元),最高价(元),最低价(元),收盘价(元),结算价,成交额(百万),成交量,持仓量,date_x,week,weekly,year_x,month_x,yearmonth,date_y,中国:开工率:纯碱,中国:产量:纯碱,中国:产量:碳酸钠(纯碱):累计值,中国:产量:碳酸钠(纯碱):累计同比,中国:产量:碳酸钠(纯碱):当月值,中国:产量:碳酸钠(纯碱):当月同比,期货持仓量:纯碱,期货持仓量(活跃合约):纯碱,中国:工厂总库存:纯碱,中国:进口数量:碳酸钠(纯碱)(28362000):当月同比,中国:进口数量:碳酸钠(纯碱)(28362000):累计同比,中国:出口数量:碳酸钠(纯碱)(28362000):当月同比,中国:出口数量:碳酸钠(纯碱)(28362000):当月环比,中国:开工率:纯碱.1,中国:产量:氧化铝:累计同比,中国:产量:氧化铝:当月同比,指标名称,中国:固定资产投资完成额:累计同比,中国:固定资产投资完成额:制造业:累计同比,中国:规模以上工业增加值:金属制品业:累计同比,中国:规模以上工业增加值:金属制品业:当月同比,中国:规模以上工业增加值:通用设备制造业:当月同比,中国:规模以上工业增加值:通用设备制造业:累计同比,中国:规模以上工业增加值:专用设备制造业:当月同比,中国:规模以上工业增加值:专用设备制造业:累计同比,中国:产量:工业锅炉:当月同比,中国:产量:工业锅炉:累计同比,中国:产量:金属切削机床:累计同比,中国:产量:金属切削机床:当月同比,中国:产量:汽车:当月同比,中国:产量:汽车:累计同比,中国:PPI:全部工业品:当月同比,中国:PPI:全部工业品:累计同比,year_y,month_y
0,SA309.CZC,纯碱2309,2019-12-06,1566,1606,1552,1584,1587,558.68,17602,6054,2019-12-06,49,49,2019,12,12,,,,,,,,,,,,,,,,,,2019-11,5.2,2.5,5.7,6.0,6.2,4.1,7.0,7.0,2.4,-2.5,-17.7,-13.2,3.7,-9.6,-1.4,-0.3,2019,11
1,SA309.CZC,纯碱2309,2019-12-13,1585,1689,1580,1640,1641,767.33,23390,5372,2019-12-13,50,50,2019,12,12,2019-12-05,88.38,56.02,,,,,0.0,38922.0,,,,,,88.38,,,2019-11,5.2,2.5,5.7,6.0,6.2,4.1,7.0,7.0,2.4,-2.5,-17.7,-13.2,3.7,-9.6,-1.4,-0.3,2019,11
2,SA309.CZC,纯碱2309,2019-12-20,1644,1670,1630,1644,1648,546.11,16538,8050,2019-12-20,51,51,2019,12,12,2019-12-12,83.61,54.57,,,,,37796.0,31568.0,,,,,,83.61,,,2019-11,5.2,2.5,5.7,6.0,6.2,4.1,7.0,7.0,2.4,-2.5,-17.7,-13.2,3.7,-9.6,-1.4,-0.3,2019,11
3,SA309.CZC,纯碱2309,2019-12-27,1642,1669,1636,1653,1660,281.84,8546,10174,2019-12-27,52,52,2019,12,12,2019-12-19,81.81,54.21,,,,,84816.0,77498.0,,,,,,81.81,,,2019-11,5.2,2.5,5.7,6.0,6.2,4.1,7.0,7.0,2.4,-2.5,-17.7,-13.2,3.7,-9.6,-1.4,-0.3,2019,11
4,SA309.CZC,纯碱2309,2020-01-03,1655,1702,1651,1689,1685,270.76,8034,5375,2020-01-03,1,53,2020,1,13,,,,,,,,,,,,,,,,,,2019-12,5.4,3.1,5.8,6.3,4.9,4.3,6.5,6.9,-1.1,-5.7,-18.8,-14.3,8.1,-8.0,-0.5,-0.3,2019,12
5,SA309.CZC,纯碱2309,2020-01-10,1693,1714,1674,1699,1701,218.7,6469,4852,2020-01-10,2,54,2020,1,13,2020-01-02,80.1,55.93,,,,,40967.0,34862.0,,,,,,80.1,,,2019-12,5.4,3.1,5.8,6.3,4.9,4.3,6.5,6.9,-1.1,-5.7,-18.8,-14.3,8.1,-8.0,-0.5,-0.3,2019,12
6,SA309.CZC,纯碱2309,2020-01-17,1697,1723,1685,1706,1705,166.7,4894,4919,2020-01-17,3,55,2020,1,13,2020-01-09,83.23,58.3,,,,,38613.0,33327.0,,,,,,83.23,,,2019-12,5.4,3.1,5.8,6.3,4.9,4.3,6.5,6.9,-1.1,-5.7,-18.8,-14.3,8.1,-8.0,-0.5,-0.3,2019,12
7,SA309.CZC,纯碱2309,2020-01-23,1700,1700,1634,1648,1654,103.71,3098,3983,2020-01-23,4,56,2020,1,13,2020-01-16,82.61,57.86,,,,,42792.0,37522.0,,,,,,82.61,,,2019-12,5.4,3.1,5.8,6.3,4.9,4.3,6.5,6.9,-1.1,-5.7,-18.8,-14.3,8.1,-8.0,-0.5,-0.3,2019,12
8,SA309.CZC,纯碱2309,2020-02-07,1542,1643,1542,1615,1616,122.09,3839,3907,2020-02-07,6,58,2020,2,14,2020-01-30,79.08,55.39,,,,,,,,7138.916561,7138.916561,-12.697643,-30.058793,79.08,,,2020-01,,,,,,,,,,,,,,,0.1,0.1,2020,1
9,SA309.CZC,纯碱2309,2020-02-14,1609,1628,1606,1626,1623,72.82,2246,4213,2020-02-14,7,59,2020,2,14,2020-02-06,75.59,52.95,,,,,21822.0,18012.0,,,,,,75.59,,,2020-01,,,,,,,,,,,,,,,0.1,0.1,2020,1
10,SA309.CZC,纯碱2309,2020-02-21,1630,1650,1625,1638,1636,65.73,2009,4637,2020-02-21,8,60,2020,2,14,2020-02-13,68.82,48.21,,,,,24362.0,20067.0,,,,,,68.82,,,2020-01,,,,,,,,,,,,,,,0.1,0.1,2020,1
11,SA309.CZC,纯碱2309,2020-02-28,1630,1677,1610,1630,1634,118.5,3585,4977,2020-02-28,9,61,2020,2,14,2020-02-20,70.68,49.5,,,,,25966.0,21231.0,,,,,,70.68,,,2020-01,,,,,,,,,,,,,,,0.1,0.1,2020,1
12,SA309.CZC,纯碱2309,2020-03-06,1627,1658,1621,1630,1630,94.19,2871,4831,2020-03-06,10,62,2020,3,15,2020-02-27,73.44,51.44,430.9,-3.4,,,28504.0,23054.0,,1979.522028,4357.603914,-24.453174,-28.842179,73.44,-13.0,,2020-02,-24.5,-31.5,-26.9,,,-28.2,,-24.4,,-31.5,-44.6,,,-45.8,-0.4,-0.2,2020,2
13,SA309.CZC,纯碱2309,2020-03-13,1577,1669,1577,1606,1608,163.37,5060,5143,2020-03-13,11,63,2020,3,15,2020-03-05,75.61,52.96,,,,,30083.0,24188.0,,,,,,75.61,,,2020-02,-24.5,-31.5,-26.9,,,-28.2,,-24.4,,-31.5,-44.6,,,-45.8,-0.4,-0.2,2020,2
14,SA309.CZC,纯碱2309,2020-03-20,1610,1615,1502,1517,1515,265.8,8553,6612,2020-03-20,12,64,2020,3,15,2020-03-12,80.31,56.42,,,,,34830.0,28458.0,,,,,,80.31,,,2020-02,-24.5,-31.5,-26.9,,,-28.2,,-24.4,,-31.5,-44.6,,,-45.8,-0.4,-0.2,2020,2
15,SA309.CZC,纯碱2309,2020-03-27,1510,1513,1476,1477,1482,228.65,7647,5145,2020-03-27,13,65,2020,3,15,2020-03-19,79.91,56.14,,,,,34374.0,26933.0,,,,,,79.91,,,2020-02,-24.5,-31.5,-26.9,,,-28.2,,-24.4,,-31.5,-44.6,,,-45.8,-0.4,-0.2,2020,2
16,SA309.CZC,纯碱2309,2020-04-03,1470,1470,1431,1445,1449,271.06,9345,4859,2020-04-03,14,66,2020,4,16,2020-03-26,80.83,56.61,,,,,25078.0,17809.0,,,,,,80.83,,,2020-03,-16.1,-25.2,-15.0,-1.6,-5.4,-17.2,-2.2,-13.5,-16.2,-21.3,-29.4,-21.7,-43.0,-44.6,-1.5,-0.6,2020,3
17,SA309.CZC,纯碱2309,2020-04-10,1453,1491,1453,1476,1480,456.68,15488,7425,2020-04-10,15,67,2020,4,16,2020-04-02,81.91,57.37,660.4,-2.0,230.5,-1.8,22796.0,15509.0,,4550.510867,4422.020362,12.462433,134.961645,81.91,-7.2,-3.6,2020-03,-16.1,-25.2,-15.0,-1.6,-5.4,-17.2,-2.2,-13.5,-16.2,-21.3,-29.4,-21.7,-43.0,-44.6,-1.5,-0.6,2020,3
18,SA309.CZC,纯碱2309,2020-04-17,1479,1559,1404,1472,1470,3985.56,134303,17901,2020-04-17,16,68,2020,4,16,2020-04-09,82.48,57.77,,,,,20948.0,14424.0,,,,,,82.48,,,2020-03,-16.1,-25.2,-15.0,-1.6,-5.4,-17.2,-2.2,-13.5,-16.2,-21.3,-29.4,-21.7,-43.0,-44.6,-1.5,-0.6,2020,3
19,SA309.CZC,纯碱2309,2020-04-24,1465,1518,1448,1479,1478,5485.74,184872,16657,2020-04-24,17,69,2020,4,16,2020-04-16,77.69,54.57,,,,,24562.0,14757.0,,,,,,77.69,,,2020-03,-16.1,-25.2,-15.0,-1.6,-5.4,-17.2,-2.2,-13.5,-16.2,-21.3,-29.4,-21.7,-43.0,-44.6,-1.5,-0.6,2020,3
20,SA309.CZC,纯碱2309,2020-04-30,1473,1491,1435,1447,1444,2493.45,85379,17090,2020-04-30,18,70,2020,4,16,2020-04-23,77.39,54.37,,,,,34590.0,22265.0,,,,,,77.39,,,2020-03,-16.1,-25.2,-15.0,-1.6,-5.4,-17.2,-2.2,-13.5,-16.2,-21.3,-29.4,-21.7,-43.0,-44.6,-1.5,-0.6,2020,3
21,SA309.CZC,纯碱2309,2020-05-08,1454,1468,1436,1439,1447,2032.08,69992,25143,2020-05-08,19,71,2020,5,17,2020-04-30,77.3,54.31,896.5,-1.6,235.4,-0.9,24603.0,18012.0,,75188.542829,8034.919292,-14.277697,-29.67736,77.3,-6.1,-3.2,2020-04,-10.3,-18.8,-7.3,8.9,7.5,-9.0,14.3,-4.2,-5.8,-16.4,-19.9,11.4,5.1,-32.3,-3.1,-1.2,2020,4
22,SA309.CZC,纯碱2309,2020-05-15,1442,1447,1398,1435,1435,9386.18,328589,43365,2020-05-15,20,72,2020,5,17,2020-05-08,73.14,51.39,,,,,23339.0,18331.0,,,,,,73.14,,,2020-04,-10.3,-18.8,-7.3,8.9,7.5,-9.0,14.3,-4.2,-5.8,-16.4,-19.9,11.4,5.1,-32.3,-3.1,-1.2,2020,4
23,SA309.CZC,纯碱2309,2020-05-22,1433,1461,1419,1422,1432,6728.43,233036,45729,2020-05-22,21,73,2020,5,17,2020-05-14,69.96,49.15,,,,,42538.0,36782.0,,,,,,69.96,,,2020-04,-10.3,-18.8,-7.3,8.9,7.5,-9.0,14.3,-4.2,-5.8,-16.4,-19.9,11.4,5.1,-32.3,-3.1,-1.2,2020,4
24,SA309.CZC,纯碱2309,2020-05-29,1423,1487,1408,1476,1477,16998.84,582704,63420,2020-05-29,22,74,2020,5,17,2020-05-21,69.19,48.61,,,,,50859.0,45394.0,,,,,,69.19,,,2020-04,-10.3,-18.8,-7.3,8.9,7.5,-9.0,14.3,-4.2,-5.8,-16.4,-19.9,11.4,5.1,-32.3,-3.1,-1.2,2020,4
25,SA309.CZC,纯碱2309,2020-06-05,1478,1490,1456,1470,1468,8768.77,297509,67928,2020-06-05,23,75,2020,6,18,2020-05-28,66.28,46.56,1118.5,-3.3,216.7,-11.0,58700.0,53466.0,,1245.44545,4708.879188,-29.00385,-29.848617,66.28,-5.8,-4.6,2020-05,-6.3,-14.8,-4.7,3.6,7.3,-4.9,16.4,1.0,-9.8,-18.9,-14.8,17.1,19.0,-23.6,-3.7,-1.7,2020,5
26,SA309.CZC,纯碱2309,2020-06-12,1473,1478,1422,1436,1437,9528.35,330286,78201,2020-06-12,24,76,2020,6,18,2020-06-04,62.85,44.15,,,,,72089.0,65972.0,,,,,,62.85,,,2020-05,-6.3,-14.8,-4.7,3.6,7.3,-4.9,16.4,1.0,-9.8,-18.9,-14.8,17.1,19.0,-23.6,-3.7,-1.7,2020,5
27,SA309.CZC,纯碱2309,2020-06-19,1438,1455,1428,1440,1434,6747.2,234210,74033,2020-06-19,25,77,2020,6,18,2020-06-12,62.1,43.63,,,,,76179.0,68469.0,,,,,,62.1,,,2020-05,-6.3,-14.8,-4.7,3.6,7.3,-4.9,16.4,1.0,-9.8,-18.9,-14.8,17.1,19.0,-23.6,-3.7,-1.7,2020,5
28,SA309.CZC,纯碱2309,2020-06-24,1441,1445,1396,1401,1413,4616.48,162310,88835,2020-06-24,26,78,2020,6,18,2020-06-18,68.99,48.47,,,,,84671.0,75135.0,,,,,,68.99,,,2020-05,-6.3,-14.8,-4.7,3.6,7.3,-4.9,16.4,1.0,-9.8,-18.9,-14.8,17.1,19.0,-23.6,-3.7,-1.7,2020,5
29,SA309.CZC,纯碱2309,2020-07-03,1396,1407,1358,1375,1374,11734.62,426013,136119,2020-07-03,27,79,2020,7,19,2020-06-24,72.26,50.77,,,,,85350.0,75951.0,,,,,,72.26,,,2020-06,-3.1,-11.7,-3.1,2.6,7.4,-2.3,9.6,2.9,-18.2,-25.6,-7.7,15.4,20.4,-16.5,-3.0,-1.9,2020,6
30,SA309.CZC,纯碱2309,2020-07-10,1375,1399,1363,1389,1390,11086.36,400522,125166,2020-07-10,28,80,2020,7,19,2020-07-02,73.88,51.91,1336.2,-3.8,218.1,-6.3,98802.0,88970.0,,-84.149803,461.95783,19.647628,43.857333,73.88,-5.1,-1.8,2020-06,-3.1,-11.7,-3.1,2.6,7.4,-2.3,9.6,2.9,-18.2,-25.6,-7.7,15.4,20.4,-16.5,-3.0,-1.9,2020,6
31,SA309.CZC,纯碱2309,2020-07-17,1389,1416,1341,1356,1361,13718.65,496430,147726,2020-07-17,29,81,2020,7,19,2020-07-09,69.37,48.74,,,,,148649.0,133618.0,,,,,,69.37,,,2020-06,-3.1,-11.7,-3.1,2.6,7.4,-2.3,9.6,2.9,-18.2,-25.6,-7.7,15.4,20.4,-16.5,-3.0,-1.9,2020,6
32,SA309.CZC,纯碱2309,2020-07-24,1356,1357,1288,1320,1323,22221.59,842401,147568,2020-07-24,30,82,2020,7,19,2020-07-16,71.21,50.03,,,,,146722.0,127433.0,,,,,,71.21,,,2020-06,-3.1,-11.7,-3.1,2.6,7.4,-2.3,9.6,2.9,-18.2,-25.6,-7.7,15.4,20.4,-16.5,-3.0,-1.9,2020,6
33,SA309.CZC,纯碱2309,2020-07-31,1320,1338,1305,1327,1327,14547.99,549147,137879,2020-07-31,31,83,2020,7,19,2020-07-23,78.07,54.85,,,,,184272.0,163018.0,,,,,,78.07,,,2020-06,-3.1,-11.7,-3.1,2.6,7.4,-2.3,9.6,2.9,-18.2,-25.6,-7.7,15.4,20.4,-16.5,-3.0,-1.9,2020,6
34,SA309.CZC,纯碱2309,2020-08-07,1330,1472,1320,1472,1454,60854.35,2144737,122089,2020-08-07,32,84,2020,8,20,2020-07-30,78.27,55.49,1580.2,-2.9,241.8,1.6,173130.0,150622.0,,-99.766793,332.828017,60.080974,27.271127,78.27,-5.5,-1.6,2020-07,-1.6,-10.2,-1.2,7.8,9.6,-0.3,10.2,4.1,-17.3,-24.8,-9.1,14.7,26.8,-9.7,-2.4,-2.0,2020,7
35,SA309.CZC,纯碱2309,2020-08-14,1477,1504,1368,1374,1391,57752.29,2010800,88112,2020-08-14,33,85,2020,8,20,2020-08-06,77.37,54.84,,,,,178736.0,128611.0,,,,,,77.37,,,2020-07,-1.6,-10.2,-1.2,7.8,9.6,-0.3,10.2,4.1,-17.3,-24.8,-9.1,14.7,26.8,-9.7,-2.4,-2.0,2020,7
36,SA309.CZC,纯碱2309,2020-08-21,1384,1463,1339,1427,1441,18713.72,674735,24553,2020-08-21,34,86,2020,8,20,2020-08-13,75.29,54.84,,,,,177928.0,94969.0,,,,,,75.29,,,2020-07,-1.6,-10.2,-1.2,7.8,9.6,-0.3,10.2,4.1,-17.3,-24.8,-9.1,14.7,26.8,-9.7,-2.4,-2.0,2020,7
37,SA309.CZC,纯碱2309,2020-08-28,1431,1626,1425,1580,1582,5053.13,162617,10506,2020-08-28,35,87,2020,8,20,2020-08-20,72.53,51.42,,,,,164482.0,71709.0,,,,,,72.53,,,2020-07,-1.6,-10.2,-1.2,7.8,9.6,-0.3,10.2,4.1,-17.3,-24.8,-9.1,14.7,26.8,-9.7,-2.4,-2.0,2020,7
38,SA309.CZC,纯碱2309,2020-09-04,1580,1759,1578,1730,1708,449.96,13713,1775,2020-09-04,36,88,2020,9,21,2020-08-27,70.28,49.82,,,,,172558.0,118041.0,,,,,,70.28,,,2020-08,-0.3,-8.1,0.2,9.9,10.9,1.2,8.0,4.6,-17.4,-23.3,-6.7,11.8,7.6,-9.0,-2.0,-2.0,2020,8
39,SA309.CZC,纯碱2309,2020-09-11,1730,1830,1721,1830,1794,21.36,609,1406,2020-09-11,37,89,2020,9,21,2020-09-03,70.77,50.17,1818.6,-2.7,238.4,-1.4,221934.0,162613.0,,-99.950601,115.628121,52.655973,30.074472,70.77,-4.0,6.6,2020-08,-0.3,-8.1,0.2,9.9,10.9,1.2,8.0,4.6,-17.4,-23.3,-6.7,11.8,7.6,-9.0,-2.0,-2.0,2020,8
40,SA309.CZC,纯碱2309,2020-09-18,1651,1651,1583,1609,1600,7.71,241,118,2020-09-18,38,90,2020,9,21,2020-09-10,67.24,47.67,,,,,264140.0,204083.0,,,,,,67.24,,,2020-08,-0.3,-8.1,0.2,9.9,10.9,1.2,8.0,4.6,-17.4,-23.3,-6.7,11.8,7.6,-9.0,-2.0,-2.0,2020,8
41,SA309.CZC,纯碱2309,2020-09-25,1602,1612,1571,1591,1590,8.19,257,189,2020-09-25,39,91,2020,9,21,2020-09-17,72.01,51.05,,,,,243701.0,192285.0,,,,,,72.01,,,2020-08,-0.3,-8.1,0.2,9.9,10.9,1.2,8.0,4.6,-17.4,-23.3,-6.7,11.8,7.6,-9.0,-2.0,-2.0,2020,8
42,SA309.CZC,纯碱2309,2020-09-30,1584,1600,1566,1583,1579,2.27,72,185,2020-09-30,40,92,2020,9,21,2020-09-24,76.21,56.38,,,,,195587.0,152737.0,,,,,,76.21,,,2020-08,-0.3,-8.1,0.2,9.9,10.9,1.2,8.0,4.6,-17.4,-23.3,-6.7,11.8,7.6,-9.0,-2.0,-2.0,2020,8
43,SA309.CZC,纯碱2309,2020-10-09,1571,1585,1568,1580,1574,0.76,24,190,2020-10-09,41,93,2020,10,22,2020-09-30,77.83,55.17,2032.8,-4.3,219.1,-12.1,205180.0,155879.0,,-99.803722,110.318366,-10.20285,-39.641895,77.83,-1.9,13.9,2020-09,0.8,-6.5,1.8,12.6,12.5,2.6,8.0,5.1,-9.0,-20.0,-2.7,20.6,13.8,-6.1,-2.1,-2.0,2020,9
44,SA309.CZC,纯碱2309,2020-10-16,1588,1631,1585,1615,1617,14.74,457,234,2020-10-16,42,94,2020,10,22,,,,,,,,,,,,,,,,,,2020-09,0.8,-6.5,1.8,12.6,12.5,2.6,8.0,5.1,-9.0,-20.0,-2.7,20.6,13.8,-6.1,-2.1,-2.0,2020,9
45,SA309.CZC,纯碱2309,2020-10-23,1620,1639,1571,1596,1607,15.15,469,222,2020-10-23,43,95,2020,10,22,2020-10-15,78.57,55.7,,,,,134927.0,107079.0,,,,,,78.57,,,2020-09,0.8,-6.5,1.8,12.6,12.5,2.6,8.0,5.1,-9.0,-20.0,-2.7,20.6,13.8,-6.1,-2.1,-2.0,2020,9
46,SA309.CZC,纯碱2309,2020-10-30,1600,1610,1576,1596,1595,11.23,353,237,2020-10-30,44,96,2020,10,22,2020-10-22,81.68,57.21,,,,,183137.0,150836.0,,,,,,81.68,,,2020-09,0.8,-6.5,1.8,12.6,12.5,2.6,8.0,5.1,-9.0,-20.0,-2.7,20.6,13.8,-6.1,-2.1,-2.0,2020,9
47,SA309.CZC,纯碱2309,2020-11-06,1600,1642,1595,1619,1622,11.47,354,173,2020-11-06,45,97,2020,11,23,2020-10-29,80.99,56.73,2284.9,-4.1,250.7,-1.9,165196.0,133759.0,,703.271943,147.128646,-23.28834,-15.057191,80.99,-0.8,9.0,2020-10,1.8,-5.3,3.1,14.1,13.1,3.7,8.0,5.4,-7.1,-18.1,0.6,29.0,11.1,-4.1,-2.1,-2.0,2020,10
48,SA309.CZC,纯碱2309,2020-11-13,1615,1629,1603,1627,1624,11.72,363,210,2020-11-13,46,98,2020,11,23,2020-11-05,78.14,54.73,,,,,171934.0,143046.0,,,,,,78.14,,,2020-10,1.8,-5.3,3.1,14.1,13.1,3.7,8.0,5.4,-7.1,-18.1,0.6,29.0,11.1,-4.1,-2.1,-2.0,2020,10
49,SA309.CZC,纯碱2309,2020-11-20,1645,1668,1600,1615,1615,13.62,420,233,2020-11-20,47,99,2020,11,23,2020-11-12,76.97,53.91,,,,,217734.0,181560.0,,,,,,76.97,,,2020-10,1.8,-5.3,3.1,14.1,13.1,3.7,8.0,5.4,-7.1,-18.1,0.6,29.0,11.1,-4.1,-2.1,-2.0,2020,10
50,SA309.CZC,纯碱2309,2020-11-27,1614,1649,1608,1639,1637,15.1,464,294,2020-11-27,48,100,2020,11,23,2020-11-19,77.95,54.6,,,,,265620.0,228616.0,,,,,,77.95,,,2020-10,1.8,-5.3,3.1,14.1,13.1,3.7,8.0,5.4,-7.1,-18.1,0.6,29.0,11.1,-4.1,-2.1,-2.0,2020,10
51,SA309.CZC,纯碱2309,2020-12-04,1637,1637,1571,1605,1599,20.04,626,369,2020-12-04,49,101,2020,12,24,2020-11-26,80.22,56.19,,,,,308682.0,258863.0,,,,,,80.22,,,2020-11,2.6,-3.5,4.3,13.8,10.2,4.4,10.5,6.0,50.9,21.0,4.1,25.7,8.1,-2.7,-1.5,-2.0,2020,11
52,SA309.CZC,纯碱2309,2020-12-11,1612,1623,1550,1575,1580,72.01,2278,844,2020-12-11,50,102,2020,12,24,2020-12-03,79.25,55.5,2503.8,-5.3,245.0,-6.5,361887.0,294968.0,,62.789857,122.986494,-42.637918,-33.506703,79.25,0.5,11.3,2020-11,2.6,-3.5,4.3,13.8,10.2,4.4,10.5,6.0,50.9,21.0,4.1,25.7,8.1,-2.7,-1.5,-2.0,2020,11
53,SA309.CZC,纯碱2309,2020-12-18,1577,1699,1571,1671,1682,119.48,3615,1534,2020-12-18,51,103,2020,12,24,2020-12-10,78.52,55.0,,,,,401346.0,304528.0,,,,,,78.52,,,2020-11,2.6,-3.5,4.3,13.8,10.2,4.4,10.5,6.0,50.9,21.0,4.1,25.7,8.1,-2.7,-1.5,-2.0,2020,11
54,SA309.CZC,纯碱2309,2020-12-25,1678,1779,1664,1752,1755,260.85,7477,2376,2020-12-25,52,104,2020,12,24,2020-12-17,75.17,52.65,,,,,309580.0,183161.0,,,,,,75.17,,,2020-11,2.6,-3.5,4.3,13.8,10.2,4.4,10.5,6.0,50.9,21.0,4.1,25.7,8.1,-2.7,-1.5,-2.0,2020,11
55,SA309.CZC,纯碱2309,2020-12-31,1759,1774,1682,1729,1724,286.77,8334,4018,2020-12-31,53,105,2020,12,24,2020-12-24,66.26,46.95,,,,,261409.0,154014.0,,,,,,66.26,,,2020-11,2.6,-3.5,4.3,13.8,10.2,4.4,10.5,6.0,50.9,21.0,4.1,25.7,8.1,-2.7,-1.5,-2.0,2020,11
56,SA309.CZC,纯碱2309,2021-01-08,1726,1792,1710,1744,1756,712.78,20372,7386,2021-01-08,1,105,2021,1,25,,,,,,,,,,,,,,,,,,2020-12,2.9,-2.2,5.2,13.0,11.1,5.1,8.7,6.3,13.4,-1.2,5.9,32.4,6.5,-1.4,-0.4,-1.8,2020,12
57,SA309.CZC,纯碱2309,2021-01-15,1745,1745,1662,1715,1699,1039.09,30760,11206,2021-01-15,2,106,2021,1,25,2021-01-07,69.54,49.38,,,,,232316.0,175758.0,,,,,,69.54,,,2020-12,2.9,-2.2,5.2,13.0,11.1,5.1,8.7,6.3,13.4,-1.2,5.9,32.4,6.5,-1.4,-0.4,-1.8,2020,12
58,SA309.CZC,纯碱2309,2021-01-22,1713,1754,1690,1725,1734,890.29,25757,13845,2021-01-22,3,107,2021,1,25,2021-01-14,72.66,51.6,,,,,254422.0,200965.0,,,,,,72.66,,,2020-12,2.9,-2.2,5.2,13.0,11.1,5.1,8.7,6.3,13.4,-1.2,5.9,32.4,6.5,-1.4,-0.4,-1.8,2020,12
59,SA309.CZC,纯碱2309,2021-01-29,1723,1760,1708,1747,1750,1056.1,30375,15514,2021-01-29,4,108,2021,1,25,2021-01-21,74.89,53.19,,,,,232079.0,179372.0,,,,,,74.89,,,2020-12,2.9,-2.2,5.2,13.0,11.1,5.1,8.7,6.3,13.4,-1.2,5.9,32.4,6.5,-1.4,-0.4,-1.8,2020,12
60,SA309.CZC,纯碱2309,2021-02-05,1749,1775,1739,1767,1767,1188.73,33851,22156,2021-02-05,5,109,2021,2,26,2021-01-28,74.42,52.56,,,,,234244.0,177269.0,,-80.776973,-80.776973,-12.395699,-18.47059,74.42,,,2021-01,,,,,,,,,,,,,,,0.3,0.3,2021,1
61,SA309.CZC,纯碱2309,2021-02-10,1768,1782,1741,1750,1757,651.96,18485,19487,2021-02-10,6,110,2021,2,26,2021-02-04,77.77,54.92,,,,,239197.0,181081.0,,,,,,77.77,,,2021-01,,,,,,,,,,,,,,,0.3,0.3,2021,1
62,SA309.CZC,纯碱2309,2021-02-19,1765,1810,1756,1808,1801,642.85,17891,22780,2021-02-19,7,111,2021,2,26,2021-02-10,80.82,,,,,,265685.0,198042.0,,,,,,80.82,,,2021-01,,,,,,,,,,,,,,,0.3,0.3,2021,1
63,SA309.CZC,纯碱2309,2021-02-26,1807,2012,1801,1971,1963,7629.94,197096,44302,2021-02-26,8,112,2021,2,26,,,,,,,,,,,,,,,,,,2021-01,,,,,,,,,,,,,,,0.3,0.3,2021,1
64,SA309.CZC,纯碱2309,2021-03-05,1969,2093,1921,2010,1972,21847.31,545250,88516,2021-03-05,9,113,2021,3,27,2021-02-25,82.82,58.48,467.1,9.1,,,305990.0,236481.0,,-71.650224,-78.481727,-4.528374,-22.451834,82.82,14.8,,2021-02,35.0,37.3,59.5,,,62.4,,59.2,,59.0,85.4,,,89.9,1.7,1.0,2021,2
65,SA309.CZC,纯碱2309,2021-03-12,2034,2125,1982,2046,2049,50938.72,1233856,153859,2021-03-12,10,114,2021,3,27,2021-03-04,82.86,58.51,,,,,341878.0,235743.0,,,,,,82.86,,,2021-02,35.0,37.3,59.5,,,62.4,,59.2,,59.0,85.4,,,89.9,1.7,1.0,2021,2
66,SA309.CZC,纯碱2309,2021-03-19,2042,2146,2030,2098,2117,48648.76,1158176,189107,2021-03-19,11,115,2021,3,27,2021-03-11,81.35,57.45,,,,,503138.0,339022.0,,,,,,81.35,,,2021-02,35.0,37.3,59.5,,,62.4,,59.2,,59.0,85.4,,,89.9,1.7,1.0,2021,2
67,SA309.CZC,纯碱2309,2021-03-26,2105,2145,2032,2074,2054,51503.42,1237558,183654,2021-03-26,12,116,2021,3,27,2021-03-18,82.5,58.5,,,,,560424.0,347615.0,,,,,,82.5,,,2021-02,35.0,37.3,59.5,,,62.4,,59.2,,59.0,85.4,,,89.9,1.7,1.0,2021,2
68,SA309.CZC,纯碱2309,2021-04-02,2077,2110,2012,2062,2065,48261.81,1176235,182937,2021-04-02,13,117,2021,4,28,2021-03-25,84.35,59.82,,,,,570456.0,327349.0,,,,,,84.35,,,2021-03,25.6,29.8,40.2,22.5,20.2,39.9,17.9,37.2,62.3,63.2,67.4,42.9,69.8,81.7,4.4,2.1,2021,3
69,SA309.CZC,纯碱2309,2021-04-09,2072,2076,1909,1913,1937,53204.72,1345422,275217,2021-04-09,14,118,2021,4,28,2021-04-01,82.23,58.43,721.1,2.6,254.0,4.1,497427.0,266469.0,,-86.31058,-81.170259,-42.728601,40.948495,82.23,13.7,11.3,2021-03,25.6,29.8,40.2,22.5,20.2,39.9,17.9,37.2,62.3,63.2,67.4,42.9,69.8,81.7,4.4,2.1,2021,3
70,SA309.CZC,纯碱2309,2021-04-16,1910,1936,1853,1904,1896,134213.44,3539945,330577,2021-04-16,15,119,2021,4,28,2021-04-08,83.63,59.3,,,,,446383.0,194351.0,,,,,,83.63,,,2021-03,25.6,29.8,40.2,22.5,20.2,39.9,17.9,37.2,62.3,63.2,67.4,42.9,69.8,81.7,4.4,2.1,2021,3
71,SA309.CZC,纯碱2309,2021-04-23,1904,1985,1896,1923,1930,169672.36,4361060,358292,2021-04-23,16,120,2021,4,28,2021-04-15,82.55,58.54,,,,,427491.0,283910.0,,,,,,82.55,,,2021-03,25.6,29.8,40.2,22.5,20.2,39.9,17.9,37.2,62.3,63.2,67.4,42.9,69.8,81.7,4.4,2.1,2021,3
72,SA309.CZC,纯碱2309,2021-04-30,1919,2088,1910,2087,2053,163761.51,4102481,333104,2021-04-30,17,121,2021,4,28,2021-04-22,84.52,59.94,,,,,449576.0,356635.0,,,,,,84.52,,,2021-03,25.6,29.8,40.2,22.5,20.2,39.9,17.9,37.2,62.3,63.2,67.4,42.9,69.8,81.7,4.4,2.1,2021,3
73,SA309.CZC,纯碱2309,2021-05-07,2095,2200,2087,2162,2172,60417.75,1398984,338393,2021-05-07,18,122,2021,5,29,2021-04-29,84.4,59.85,997.6,5.3,257.3,3.9,425741.0,347925.0,,-97.223984,-88.755675,-28.335578,-12.004396,84.4,12.2,7.0,2021-04,19.9,23.8,33.9,21.0,14.9,31.6,10.2,28.2,19.1,32.2,57.7,37.2,6.8,53.4,6.8,3.3,2021,4
74,SA309.CZC,纯碱2309,2021-05-14,2159,2329,2077,2201,2216,478727.75,10880042,348650,2021-05-14,19,123,2021,5,29,2021-05-08,83.98,59.59,,,,,426729.0,346380.0,,,,,,83.98,,,2021-04,19.9,23.8,33.9,21.0,14.9,31.6,10.2,28.2,19.1,32.2,57.7,37.2,6.8,53.4,6.8,3.3,2021,4
75,SA309.CZC,纯碱2309,2021-05-21,2216,2301,2028,2087,2093,286487.87,6608591,439276,2021-05-21,20,124,2021,5,29,2021-05-13,79.91,56.36,,,,,430575.0,339472.0,,,,,,79.91,,,2021-04,19.9,23.8,33.9,21.0,14.9,31.6,10.2,28.2,19.1,32.2,57.7,37.2,6.8,53.4,6.8,3.3,2021,4
76,SA309.CZC,纯碱2309,2021-05-28,2096,2198,2036,2176,2168,148561.97,3504710,388461,2021-05-28,21,125,2021,5,29,2021-05-20,81.23,57.29,,,,,570204.0,464273.0,,,,,,81.23,,,2021-04,19.9,23.8,33.9,21.0,14.9,31.6,10.2,28.2,19.1,32.2,57.7,37.2,6.8,53.4,6.8,3.3,2021,4
77,SA309.CZC,纯碱2309,2021-06-04,2173,2320,2161,2245,2243,117049.75,2605096,373963,2021-06-04,22,126,2021,6,30,2021-05-27,80.49,56.77,,,,,537319.0,422467.0,,,,,,80.49,,,2021-05,15.4,20.4,30.5,19.2,13.8,27.2,5.9,22.6,11.9,27.4,48.8,31.8,-4.0,38.4,9.0,4.4,2021,5
78,SA309.CZC,纯碱2309,2021-06-11,2258,2275,2134,2175,2160,108412.52,2458225,383463,2021-06-11,23,127,2021,6,30,2021-06-03,79.33,56.29,1235.1,4.4,247.9,8.2,529008.0,381466.0,,-92.773917,-89.306419,-26.85137,-28.395745,79.33,11.9,11.2,2021-05,15.4,20.4,30.5,19.2,13.8,27.2,5.9,22.6,11.9,27.4,48.8,31.8,-4.0,38.4,9.0,4.4,2021,5
79,SA309.CZC,纯碱2309,2021-06-18,2170,2227,2130,2185,2200,69003.13,1579569,370044,2021-06-18,24,128,2021,6,30,2021-06-10,78.64,55.8,,,,,491195.0,359711.0,,,,,,78.64,,,2021-05,15.4,20.4,30.5,19.2,13.8,27.2,5.9,22.6,11.9,27.4,48.8,31.8,-4.0,38.4,9.0,4.4,2021,5
80,SA309.CZC,纯碱2309,2021-06-25,2185,2296,2155,2283,2262,92247.55,2086078,368881,2021-06-25,25,129,2021,6,30,2021-06-17,78.6,55.77,,,,,537456.0,399462.0,,,,,,78.6,,,2021-05,15.4,20.4,30.5,19.2,13.8,27.2,5.9,22.6,11.9,27.4,48.8,31.8,-4.0,38.4,9.0,4.4,2021,5
81,SA309.CZC,纯碱2309,2021-07-02,2288,2290,2182,2266,2227,73492.86,1652047,346865,2021-07-02,26,130,2021,7,31,2021-06-24,78.16,55.46,,,,,491350.0,349674.0,,,,,,78.16,,,2021-06,12.6,19.2,28.2,19.7,13.9,24.3,10.5,20.1,0.6,22.0,45.6,29.5,-13.1,26.4,8.8,5.1,2021,6
82,SA309.CZC,纯碱2309,2021-07-09,2269,2336,2232,2272,2252,78958.79,1731674,291971,2021-07-09,27,131,2021,7,31,2021-07-01,78.99,56.05,1483.3,5.6,248.1,12.0,517442.0,352207.0,,935.22232,-63.701746,-38.715852,20.524119,78.99,11.0,6.7,2021-06,12.6,19.2,28.2,19.7,13.9,24.3,10.5,20.1,0.6,22.0,45.6,29.5,-13.1,26.4,8.8,5.1,2021,6
83,SA309.CZC,纯碱2309,2021-07-16,2280,2344,2238,2333,2294,76923.45,1684204,313923,2021-07-16,28,132,2021,7,31,2021-07-08,75.19,53.35,,,,,561930.0,345969.0,,,,,,75.19,,,2021-06,12.6,19.2,28.2,19.7,13.9,24.3,10.5,20.1,0.6,22.0,45.6,29.5,-13.1,26.4,8.8,5.1,2021,6
84,SA309.CZC,纯碱2309,2021-07-23,2333,2404,2282,2339,2368,81550.79,1732779,283280,2021-07-23,29,133,2021,7,31,2021-07-15,68.19,48.38,,,,,526730.0,299507.0,,,,,,68.19,,,2021-06,12.6,19.2,28.2,19.7,13.9,24.3,10.5,20.1,0.6,22.0,45.6,29.5,-13.1,26.4,8.8,5.1,2021,6
85,SA309.CZC,纯碱2309,2021-07-30,2336,2364,2260,2338,2335,49191.25,1057976,165898,2021-07-30,30,134,2021,7,31,2021-07-22,71.56,50.78,,,,,516998.0,283966.0,,,,,,71.56,,,2021-06,12.6,19.2,28.2,19.7,13.9,24.3,10.5,20.1,0.6,22.0,45.6,29.5,-13.1,26.4,8.8,5.1,2021,6
86,SA309.CZC,纯碱2309,2021-08-06,2334,2354,2250,2351,2314,17166.25,374643,89646,2021-08-06,31,135,2021,8,32,2021-07-29,77.04,54.67,1707.5,2.8,223.1,-7.9,531204.0,266649.0,,179486.613709,-41.462729,-72.61195,-43.122193,77.04,10.1,5.2,2021-07,10.3,17.3,25.5,12.7,7.6,21.5,5.3,17.8,-2.0,18.2,44.2,27.5,-15.8,18.9,9.0,5.7,2021,7
87,SA309.CZC,纯碱2309,2021-08-13,2349,2470,2330,2467,2441,9024.26,188363,53975,2021-08-13,32,136,2021,8,32,2021-08-05,77.14,54.73,,,,,513017.0,294281.0,,,,,,77.14,,,2021-07,10.3,17.3,25.5,12.7,7.6,21.5,5.3,17.8,-2.0,18.2,44.2,27.5,-15.8,18.9,9.0,5.7,2021,7
88,SA309.CZC,纯碱2309,2021-08-20,2467,2548,2392,2482,2450,5263.82,106607,31903,2021-08-20,33,137,2021,8,32,2021-08-12,71.67,51.0,,,,,558421.0,374152.0,,,,,,71.67,,,2021-07,10.3,17.3,25.5,12.7,7.6,21.5,5.3,17.8,-2.0,18.2,44.2,27.5,-15.8,18.9,9.0,5.7,2021,7
89,SA309.CZC,纯碱2309,2021-08-27,2478,2510,2388,2445,2425,2352.95,47932,14742,2021-08-27,34,138,2021,8,32,2021-08-19,77.67,55.28,,,,,613455.0,454141.0,,,,,,77.67,,,2021-07,10.3,17.3,25.5,12.7,7.6,21.5,5.3,17.8,-2.0,18.2,44.2,27.5,-15.8,18.9,9.0,5.7,2021,7
90,SA309.CZC,纯碱2309,2021-09-03,2448,2555,2440,2540,2541,727.04,14609,4631,2021-09-03,35,139,2021,9,33,2021-08-26,77.58,55.21,,,,,561077.0,410616.0,,,,,,77.58,,,2021-08,8.9,15.7,23.5,11.8,6.7,19.4,8.7,16.5,-7.7,14.5,40.6,23.1,-19.1,13.5,9.5,6.2,2021,8
91,SA309.CZC,纯碱2309,2021-09-10,2553,2848,2525,2763,2763,42.72,812,4226,2021-09-10,36,140,2021,9,33,2021-09-02,77.27,54.99,1950.2,2.9,242.7,3.9,531419.0,392608.0,,23681.197052,-38.735178,-79.697258,-3.575884,77.27,8.7,-1.1,2021-08,8.9,15.7,23.5,11.8,6.7,19.4,8.7,16.5,-7.7,14.5,40.6,23.1,-19.1,13.5,9.5,6.2,2021,8
92,SA309.CZC,纯碱2309,2021-09-17,2750,3077,2672,2818,2893,655.83,11248,2618,2021-09-17,37,141,2021,9,33,2021-09-09,76.39,54.36,,,,,521462.0,381994.0,,,,,,76.39,,,2021-08,8.9,15.7,23.5,11.8,6.7,19.4,8.7,16.5,-7.7,14.5,40.6,23.1,-19.1,13.5,9.5,6.2,2021,8
93,SA309.CZC,纯碱2309,2021-09-24,2881,3019,2834,2914,2930,574.67,9807,2975,2021-09-24,38,142,2021,9,33,2021-09-16,79.33,56.46,,,,,578307.0,429077.0,,,,,,79.33,,,2021-08,8.9,15.7,23.5,11.8,6.7,19.4,8.7,16.5,-7.7,14.5,40.6,23.1,-19.1,13.5,9.5,6.2,2021,8
94,SA309.CZC,纯碱2309,2021-09-30,2920,3118,2843,2902,2868,648.84,10999,2872,2021-09-30,39,143,2021,9,33,2021-09-23,72.55,51.63,,,,,524945.0,389430.0,,,,,,72.55,,,2021-08,8.9,15.7,23.5,11.8,6.7,19.4,8.7,16.5,-7.7,14.5,40.6,23.1,-19.1,13.5,9.5,6.2,2021,8
95,SA309.CZC,纯碱2309,2021-10-08,2930,2956,2812,2944,2898,175.13,3022,3569,2021-10-08,40,144,2021,10,34,2021-09-30,72.86,51.85,2181.5,3.1,232.4,2.5,535611.0,397115.0,,457471.522337,-28.211707,-54.158713,36.281746,72.86,7.6,-1.4,2021-09,7.3,14.8,21.2,6.8,3.0,17.1,8.8,15.5,-0.7,12.5,38.4,2.1,-13.7,9.4,10.7,6.7,2021,9
96,SA309.CZC,纯碱2309,2021-10-15,2928,3348,2920,3158,3184,1902.59,29846,5383,2021-10-15,41,145,2021,10,34,,,,,,,,,,,,,,,,,,2021-09,7.3,14.8,21.2,6.8,3.0,17.1,8.8,15.5,-0.7,12.5,38.4,2.1,-13.7,9.4,10.7,6.7,2021,9
97,SA309.CZC,纯碱2309,2021-10-22,3180,3213,2836,2836,2904,1878.86,30778,5108,2021-10-22,42,146,2021,10,34,2021-10-14,73.99,52.66,,,,,445094.0,316384.0,,,,,,73.99,,,2021-09,7.3,14.8,21.2,6.8,3.0,17.1,8.8,15.5,-0.7,12.5,38.4,2.1,-13.7,9.4,10.7,6.7,2021,9
98,SA309.CZC,纯碱2309,2021-10-29,2770,2856,2398,2507,2549,3123.19,60676,5789,2021-10-29,43,147,2021,10,34,2021-10-21,75.44,53.69,,,,,422636.0,282135.0,,,,,,75.44,,,2021-09,7.3,14.8,21.2,6.8,3.0,17.1,8.8,15.5,-0.7,12.5,38.4,2.1,-13.7,9.4,10.7,6.7,2021,9
99,SA309.CZC,纯碱2309,2021-11-05,2500,2518,2141,2403,2327,3269.14,69657,8094,2021-11-05,44,148,2021,11,35,2021-10-28,76.53,54.46,2423.33287,2.2,242.14442,-4.6,330935.0,203035.0,,-1.459495,-22.813524,-53.741812,-14.284683,76.53,6.6,-2.2,2021-10,6.1,14.2,19.4,6.7,1.0,15.2,7.2,14.6,-6.7,10.0,31.9,4.8,-8.3,7.1,13.5,7.3,2021,10
100,SA309.CZC,纯碱2309,2021-11-12,2400,2511,2197,2334,2369,3467.29,73630,8513,2021-11-12,45,149,2021,11,35,2021-11-04,75.86,53.99,,,,,441641.0,328263.0,,,,,,75.86,,,2021-10,6.1,14.2,19.4,6.7,1.0,15.2,7.2,14.6,-6.7,10.0,31.9,4.8,-8.3,7.1,13.5,7.3,2021,10
101,SA309.CZC,纯碱2309,2021-11-19,2315,2403,2201,2323,2265,2840.51,61229,10680,2021-11-19,46,150,2021,11,35,2021-11-11,79.13,56.31,,,,,513551.0,381167.0,,,,,,79.13,,,2021-10,6.1,14.2,19.4,6.7,1.0,15.2,7.2,14.6,-6.7,10.0,31.9,4.8,-8.3,7.1,13.5,7.3,2021,10
102,SA309.CZC,纯碱2309,2021-11-26,2272,2490,2260,2335,2386,2897.7,60665,11953,2021-11-26,47,151,2021,11,35,2021-11-18,75.35,53.62,,,,,479430.0,352825.0,,,,,,75.35,,,2021-10,6.1,14.2,19.4,6.7,1.0,15.2,7.2,14.6,-6.7,10.0,31.9,4.8,-8.3,7.1,13.5,7.3,2021,10
103,SA309.CZC,纯碱2309,2021-12-03,2307,2750,2292,2512,2511,3701.61,74818,12607,2021-12-03,48,152,2021,12,36,2021-11-25,75.09,53.44,,,,,468408.0,315922.0,,,,,,75.09,,,2021-11,5.2,13.7,17.5,3.5,2.8,13.8,4.0,13.3,5.2,14.8,29.9,2.1,-7.1,5.3,12.9,7.9,2021,11
104,SA309.CZC,纯碱2309,2021-12-10,2517,2640,2268,2318,2304,6967.09,143554,20873,2021-12-10,49,153,2021,12,36,2021-12-02,81.91,58.29,2666.4,3.2,247.6,1.4,438177.0,234062.0,,-73.211269,-33.345467,-5.31277,36.107062,81.91,5.3,-4.5,2021-11,5.2,13.7,17.5,3.5,2.8,13.8,4.0,13.3,5.2,14.8,29.9,2.1,-7.1,5.3,12.9,7.9,2021,11
105,SA309.CZC,纯碱2309,2021-12-17,2318,2416,2258,2406,2387,7994.04,170654,22516,2021-12-17,50,154,2021,12,36,2021-12-09,83.19,59.2,,,,,418728.0,241433.0,,,,,,83.19,,,2021-11,5.2,13.7,17.5,3.5,2.8,13.8,4.0,13.3,5.2,14.8,29.9,2.1,-7.1,5.3,12.9,7.9,2021,11
106,SA309.CZC,纯碱2309,2021-12-24,2410,2431,2319,2351,2360,9039.56,190570,24750,2021-12-24,51,155,2021,12,36,2021-12-16,82.54,58.74,,,,,482215.0,390558.0,,,,,,82.54,,,2021-11,5.2,13.7,17.5,3.5,2.8,13.8,4.0,13.3,5.2,14.8,29.9,2.1,-7.1,5.3,12.9,7.9,2021,11
107,SA309.CZC,纯碱2309,2021-12-31,2349,2382,2266,2274,2300,7567.6,162085,28186,2021-12-31,52,156,2021,12,36,2021-12-23,79.65,56.68,,,,,411750.0,353672.0,,,,,,79.65,,,2021-11,5.2,13.7,17.5,3.5,2.8,13.8,4.0,13.3,5.2,14.8,29.9,2.1,-7.1,5.3,12.9,7.9,2021,11
108,SA309.CZC,纯碱2309,2022-01-07,2273,2439,2260,2433,2412,5383.01,114422,31086,2022-01-07,1,157,2022,1,37,,,,,,,,,,,,,,,,,,2021-12,4.9,13.5,16.0,4.6,1.5,12.4,7.4,12.6,5.9,10.2,29.2,5.8,3.4,4.8,10.3,8.1,2021,12
109,SA309.CZC,纯碱2309,2022-01-14,2440,2681,2435,2679,2625,17695.34,343276,39991,2022-01-14,2,158,2022,1,37,2022-01-06,82.38,55.14,,,,,477198.0,419323.0,,,,,,82.38,,,2021-12,4.9,13.5,16.0,4.6,1.5,12.4,7.4,12.6,5.9,10.2,29.2,5.8,3.4,4.8,10.3,8.1,2021,12
110,SA309.CZC,纯碱2309,2022-01-21,2675,2835,2611,2804,2761,23739.93,441879,56349,2022-01-21,3,159,2022,1,37,2022-01-13,82.81,55.42,,,,,470436.0,381333.0,,,,,,82.81,,,2021-12,4.9,13.5,16.0,4.6,1.5,12.4,7.4,12.6,5.9,10.2,29.2,5.8,3.4,4.8,10.3,8.1,2021,12
111,SA309.CZC,纯碱2309,2022-01-28,2805,2946,2735,2943,2910,18813.61,333558,70146,2022-01-28,4,160,2022,1,37,2022-01-20,82.06,54.92,,,,,567353.0,425761.0,,,,,,82.06,,,2021-12,4.9,13.5,16.0,4.6,1.5,12.4,7.4,12.6,5.9,10.2,29.2,5.8,3.4,4.8,10.3,8.1,2021,12
112,SA309.CZC,纯碱2309,2022-02-11,2981,3246,2944,3048,3148,29516.73,476562,93165,2022-02-11,6,162,2022,2,38,,,,,,,,,,,,,,,,,,2022-01,,,,,,,,,,,,,,,9.1,9.1,2022,1
113,SA309.CZC,纯碱2309,2022-02-18,3065,3093,2830,2899,2892,57478.41,971747,105895,2022-02-18,7,163,2022,2,38,2022-02-10,83.52,55.9,,,,,591270.0,392188.0,,,,,,83.52,,,2022-01,,,,,,,,,,,,,,,9.1,9.1,2022,1
114,SA309.CZC,纯碱2309,2022-02-25,2905,3039,2702,2709,2812,71826.8,1227438,120346,2022-02-25,8,164,2022,2,38,2022-02-17,84.99,55.8,,,,,767571.0,538977.0,,,,,,84.99,,,2022-01,,,,,,,,,,,,,,,9.1,9.1,2022,1
115,SA309.CZC,纯碱2309,2022-03-04,2701,2871,2625,2830,2825,79005.81,1428910,136692,2022-03-04,9,165,2022,3,39,2022-02-24,84.77,55.65,,,,,765463.0,509685.0,,,,,,84.77,,,2022-02,12.2,20.9,6.8,,,5.0,,8.8,,-5.9,7.2,,,11.1,8.8,8.9,2022,2
116,SA309.CZC,纯碱2309,2022-03-11,2847,2972,2600,2704,2737,121142.51,2187841,152982,2022-03-11,10,166,2022,3,39,2022-03-03,87.77,57.62,467.2,0.3,,,745746.0,492211.0,,1184.544659,429.300572,25.97031,2.973122,87.77,-7.3,,2022-02,12.2,20.9,6.8,,,5.0,,8.8,,-5.9,7.2,,,11.1,8.8,8.9,2022,2
117,SA309.CZC,纯碱2309,2022-03-18,2680,2702,2538,2665,2608,109981.71,2115329,198774,2022-03-18,11,167,2022,3,39,2022-03-10,88.46,58.07,,,,,707910.0,404979.0,,,,,,88.46,,,2022-02,12.2,20.9,6.8,,,5.0,,8.8,,-5.9,7.2,,,11.1,8.8,8.9,2022,2
118,SA309.CZC,纯碱2309,2022-03-25,2656,2951,2567,2905,2876,189565.97,3449044,299536,2022-03-25,12,168,2022,3,39,2022-03-17,89.75,58.92,,,,,677378.0,373422.0,,,,,,89.75,,,2022-02,12.2,20.9,6.8,,,5.0,,8.8,,-5.9,7.2,,,11.1,8.8,8.9,2022,2
119,SA309.CZC,纯碱2309,2022-04-01,2878,3061,2856,3040,3010,414804.02,6978525,584642,2022-04-01,13,169,2022,4,40,2022-03-24,86.42,57.29,,,,,749930.0,360400.0,,,,,,86.42,,,2022-03,9.3,15.6,4.9,2.1,-0.7,2.6,7.6,8.2,-6.5,-6.2,1.5,3.6,-4.9,4.9,8.3,8.7,2022,3
120,SA309.CZC,纯碱2309,2022-04-08,3009,3070,2880,2944,2925,204834.9,3469347,557101,2022-04-08,14,170,2022,4,40,2022-03-31,85.64,56.77,711.1,-1.5,243.9,-4.2,713603.0,330974.0,,65.656875,338.511452,52.941077,71.126153,85.64,-3.5,4.5,2022-03,9.3,15.6,4.9,2.1,-0.7,2.6,7.6,8.2,-6.5,-6.2,1.5,3.6,-4.9,4.9,8.3,8.7,2022,3
121,SA309.CZC,纯碱2309,2022-04-15,2952,3205,2889,3135,3155,397751.93,6479437,636405,2022-04-15,15,171,2022,4,40,2022-04-07,86.45,57.3,,,,,847220.0,528312.0,,,,,,86.45,,,2022-03,9.3,15.6,4.9,2.1,-0.7,2.6,7.6,8.2,-6.5,-6.2,1.5,3.6,-4.9,4.9,8.3,8.7,2022,3
122,SA309.CZC,纯碱2309,2022-04-22,3130,3269,3053,3106,3103,342294.38,5420537,602175,2022-04-22,16,172,2022,4,40,2022-04-14,88.01,58.34,,,,,900537.0,601610.0,,,,,,88.01,,,2022-03,9.3,15.6,4.9,2.1,-0.7,2.6,7.6,8.2,-6.5,-6.2,1.5,3.6,-4.9,4.9,8.3,8.7,2022,3
123,SA309.CZC,纯碱2309,2022-04-29,3104,3117,2825,3004,2985,356101.15,6018818,531863,2022-04-29,17,173,2022,4,40,2022-04-21,88.78,58.85,,,,,955997.0,675904.0,,,,,,88.78,,,2022-03,9.3,15.6,4.9,2.1,-0.7,2.6,7.6,8.2,-6.5,-6.2,1.5,3.6,-4.9,4.9,8.3,8.7,2022,3
124,SA309.CZC,纯碱2309,2022-05-06,2990,3077,2923,2982,3026,113047.71,1874204,601290,2022-05-06,18,174,2022,5,41,2022-04-28,89.35,59.23,959.0,-2.7,247.9,-3.5,821064.0,556816.0,,38.228251,303.482821,82.491341,4.997532,89.35,-1.5,4.6,2022-04,6.8,12.2,1.5,-6.6,-15.8,-2.7,-5.5,4.3,-10.0,-7.4,-5.2,-19.0,-43.5,-7.8,8.0,8.5,2022,4
125,SA309.CZC,纯碱2309,2022-05-13,2982,3016,2700,2807,2790,369312.26,6515278,546646,2022-05-13,19,175,2022,5,41,,,,,,,,,,,,,,,,,,2022-04,6.8,12.2,1.5,-6.6,-15.8,-2.7,-5.5,4.3,-10.0,-7.4,-5.2,-19.0,-43.5,-7.8,8.0,8.5,2022,4
126,SA309.CZC,纯碱2309,2022-05-20,2812,3016,2774,2986,2971,305998.6,5311790,649437,2022-05-20,20,176,2022,5,41,2022-05-12,85.43,56.63,,,,,896473.0,648437.0,,,,,,85.43,,,2022-04,6.8,12.2,1.5,-6.6,-15.8,-2.7,-5.5,4.3,-10.0,-7.4,-5.2,-19.0,-43.5,-7.8,8.0,8.5,2022,4
127,SA309.CZC,纯碱2309,2022-05-27,2985,3084,2876,3041,3030,351823.96,5945071,661813,2022-05-27,21,177,2022,5,41,2022-05-19,86.93,57.62,,,,,854841.0,578037.0,,,,,,86.93,,,2022-04,6.8,12.2,1.5,-6.6,-15.8,-2.7,-5.5,4.3,-10.0,-7.4,-5.2,-19.0,-43.5,-7.8,8.0,8.5,2022,4
128,SA309.CZC,纯碱2309,2022-06-02,3035,3133,3027,3127,3089,210208.37,3406772,638531,2022-06-02,22,178,2022,6,42,2022-05-26,90.06,59.7,,,,,907561.0,616124.0,,,,,,90.06,,,2022-05,6.2,10.6,0.6,-2.3,-6.8,-3.6,1.1,3.6,6.9,-5.4,-8.7,-18.0,-4.8,-7.2,6.4,8.1,2022,5
129,SA309.CZC,纯碱2309,2022-06-10,3125,3165,2993,3010,3024,272153.91,4427312,631959,2022-06-10,23,179,2022,6,42,2022-06-02,88.66,58.77,1211.3,-1.8,253.2,2.2,925882.0,623015.0,,223.45676,296.071002,227.668316,28.567446,88.66,-0.5,5.4,2022-05,6.2,10.6,0.6,-2.3,-6.8,-3.6,1.1,3.6,6.9,-5.4,-8.7,-18.0,-4.8,-7.2,6.4,8.1,2022,5
130,SA309.CZC,纯碱2309,2022-06-17,3010,3042,2810,2887,2860,258375.21,4417114,643760,2022-06-17,24,180,2022,6,42,2022-06-09,91.79,60.36,,,,,957770.0,658283.0,,,,,,91.79,,,2022-05,6.2,10.6,0.6,-2.3,-6.8,-3.6,1.1,3.6,6.9,-5.4,-8.7,-18.0,-4.8,-7.2,6.4,8.1,2022,5
131,SA309.CZC,纯碱2309,2022-06-24,2900,2912,2642,2711,2734,318343.47,5753864,605824,2022-06-24,25,181,2022,6,42,2022-06-16,90.08,59.23,,,,,914552.0,599910.0,,,,,,90.08,,,2022-05,6.2,10.6,0.6,-2.3,-6.8,-3.6,1.1,3.6,6.9,-5.4,-8.7,-18.0,-4.8,-7.2,6.4,8.1,2022,5
132,SA309.CZC,纯碱2309,2022-07-01,2725,2908,2664,2744,2803,253684.89,4518479,609639,2022-07-01,26,182,2022,7,43,2022-06-23,89.66,56.98,,,,,968946.0,632870.0,,,,,,89.66,,,2022-06,6.1,10.4,0.5,0.1,1.1,-2.7,6.0,4.1,21.9,-1.0,-7.3,-11.7,26.8,-2.1,6.1,7.7,2022,6
133,SA309.CZC,纯碱2309,2022-07-08,2761,2782,2551,2555,2657,262944.93,4922299,546609,2022-07-08,27,183,2022,7,43,2022-06-30,85.28,56.08,1466.89881,-1.0,249.29807,0.5,980184.0,619715.0,,-87.773226,22.482403,159.638468,-4.49886,85.28,2.3,7.4,2022-06,6.1,10.4,0.5,0.1,1.1,-2.7,6.0,4.1,21.9,-1.0,-7.3,-11.7,26.8,-2.1,6.1,7.7,2022,6
134,SA309.CZC,纯碱2309,2022-07-15,2550,2576,2402,2452,2460,258463.14,5199043,509666,2022-07-15,28,184,2022,7,43,2022-07-07,80.87,53.18,,,,,894712.0,519074.0,,,,,,80.87,,,2022-06,6.1,10.4,0.5,0.1,1.1,-2.7,6.0,4.1,21.9,-1.0,-7.3,-11.7,26.8,-2.1,6.1,7.7,2022,6
135,SA309.CZC,纯碱2309,2022-07-22,2467,2606,2423,2541,2510,230686.07,4605522,484717,2022-07-22,29,185,2022,7,43,2022-07-14,79.64,52.37,,,,,1010023.0,577914.0,,,,,,79.64,,,2022-06,6.1,10.4,0.5,0.1,1.1,-2.7,6.0,4.1,21.9,-1.0,-7.3,-11.7,26.8,-2.1,6.1,7.7,2022,6
136,SA309.CZC,纯碱2309,2022-07-29,2560,2678,2482,2624,2622,173390.54,3362570,402565,2022-07-29,30,186,2022,7,43,2022-07-21,81.91,53.86,,,,,943217.0,511756.0,,,,,,81.91,,,2022-06,6.1,10.4,0.5,0.1,1.1,-2.7,6.0,4.1,21.9,-1.0,-7.3,-11.7,26.8,-2.1,6.1,7.7,2022,6
137,SA309.CZC,纯碱2309,2022-08-05,2634,2669,2560,2584,2583,82873.18,1588146,180778,2022-08-05,31,187,2022,8,44,2022-07-28,76.53,50.32,1692.39372,-0.8,225.15599,1.0,892389.0,435617.0,,-83.450836,-17.771052,413.807517,12.557453,76.53,3.1,8.8,2022-07,5.7,9.9,0.1,-2.3,-0.4,-2.2,4.0,4.1,30.3,-0.3,-10.1,-14.8,31.5,2.9,4.2,7.2,2022,7
138,SA309.CZC,纯碱2309,2022-08-12,2581,2644,2561,2617,2605,20171.01,387650,94674,2022-08-12,32,188,2022,8,44,2022-08-04,73.48,48.32,,,,,808964.0,334735.0,,,,,,73.48,,,2022-07,5.7,9.9,0.1,-2.3,-0.4,-2.2,4.0,4.1,30.3,-0.3,-10.1,-14.8,31.5,2.9,4.2,7.2,2022,7
139,SA309.CZC,纯碱2309,2022-08-19,2613,2645,2587,2606,2614,8727.43,166816,60212,2022-08-19,33,189,2022,8,44,2022-08-11,78.78,51.8,,,,,767763.0,355535.0,,,,,,78.78,,,2022-07,5.7,9.9,0.1,-2.3,-0.4,-2.2,4.0,4.1,30.3,-0.3,-10.1,-14.8,31.5,2.9,4.2,7.2,2022,7
140,SA309.CZC,纯碱2309,2022-08-26,2610,2705,2606,2697,2690,3893.62,73259,23112,2022-08-26,34,190,2022,8,44,2022-08-18,72.05,47.38,,,,,746740.0,404975.0,,,,,,72.05,,,2022-07,5.7,9.9,0.1,-2.3,-0.4,-2.2,4.0,4.1,30.3,-0.3,-10.1,-14.8,31.5,2.9,4.2,7.2,2022,7
141,SA309.CZC,纯碱2309,2022-09-02,2692,2705,2590,2612,2608,1268.41,23793,5332,2022-09-02,35,191,2022,9,45,2022-08-25,70.23,46.18,,,,,824395.0,488867.0,,,,,,70.23,,,2022-08,5.8,10.0,-0.2,-2.3,0.8,-1.9,4.5,4.3,8.0,2.9,-10.5,-13.5,39.0,6.1,2.3,6.6,2022,8
142,SA309.CZC,纯碱2309,2022-09-09,2620,2661,2610,2654,2646,77.5,1474,2964,2022-09-09,36,192,2022,9,45,,,,,,,,,,,,,,,,,,2022-08,5.8,10.0,-0.2,-2.3,0.8,-1.9,4.5,4.3,8.0,2.9,-10.5,-13.5,39.0,6.1,2.3,6.6,2022,8
143,SA309.CZC,纯碱2309,2022-09-16,2650,2887,1865,1898,1895,263.64,6246,2385,2022-09-16,37,193,2022,9,45,2022-09-08,77.64,51.05,,,,,798212.0,493228.0,,,,,,77.64,,,2022-08,5.8,10.0,-0.2,-2.3,0.8,-1.9,4.5,4.3,8.0,2.9,-10.5,-13.5,39.0,6.1,2.3,6.6,2022,8
144,SA309.CZC,纯碱2309,2022-09-23,1900,1922,1879,1912,1915,550.07,14483,4227,2022-09-23,38,194,2022,9,45,2022-09-15,82.35,54.15,,,,,828912.0,502885.0,,,,,,82.35,,,2022-08,5.8,10.0,-0.2,-2.3,0.8,-1.9,4.5,4.3,8.0,2.9,-10.5,-13.5,39.0,6.1,2.3,6.6,2022,8
145,SA309.CZC,纯碱2309,2022-09-30,1900,2028,1900,2016,2006,922.98,23491,6490,2022-09-30,39,195,2022,9,45,2022-09-22,83.05,54.61,,,,,858857.0,526452.0,,,,,,83.05,,,2022-08,5.8,10.0,-0.2,-2.3,0.8,-1.9,4.5,4.3,8.0,2.9,-10.5,-13.5,39.0,6.1,2.3,6.6,2022,8
146,SA309.CZC,纯碱2309,2022-10-14,2025,2075,1982,2007,2008,1250.23,30943,12165,2022-10-14,41,197,2022,10,46,,,,,,,,,,,,,,,,,,2022-09,5.9,10.1,-0.1,1.3,2.3,-1.4,4.9,4.4,16.4,4.6,-11.1,-12.0,25.4,8.1,0.9,5.9,2022,9
147,SA309.CZC,纯碱2309,2022-10-21,2005,2010,1968,1973,1977,1035.8,26083,16035,2022-10-21,42,198,2022,10,46,2022-10-13,89.94,59.71,,,,,788706.0,493115.0,,,,,,89.94,,,2022-09,5.9,10.1,-0.1,1.3,2.3,-1.4,4.9,4.4,16.4,4.6,-11.1,-12.0,25.4,8.1,0.9,5.9,2022,9
148,SA309.CZC,纯碱2309,2022-10-28,1970,1995,1842,1851,1864,1616.29,42093,23173,2022-10-28,43,199,2022,10,46,2022-10-20,87.33,57.98,,,,,850419.0,533760.0,,,,,,87.33,,,2022-09,5.9,10.1,-0.1,1.3,2.3,-1.4,4.9,4.4,16.4,4.6,-11.1,-12.0,25.4,8.1,0.9,5.9,2022,9
149,SA309.CZC,纯碱2309,2022-11-04,1852,1868,1776,1861,1841,1733.86,47630,26937,2022-11-04,44,200,2022,11,47,2022-10-27,82.29,59.28,,,,,854084.0,514916.0,,,,,,82.29,,,2022-10,5.8,9.7,-0.4,-3.1,2.0,-1.0,3.0,4.2,9.4,4.9,-12.5,-8.5,8.6,8.1,-1.3,5.2,2022,10
150,SA309.CZC,纯碱2309,2022-11-11,1869,1949,1852,1940,1916,2490.64,65856,33795,2022-11-11,45,201,2022,11,47,2022-11-03,88.67,58.87,2395.4,-1.2,251.5,3.9,874064.0,505472.0,,-92.278928,-43.96504,380.968891,11.27237,88.67,5.1,12.8,2022-10,5.8,9.7,-0.4,-3.1,2.0,-1.0,3.0,4.2,9.4,4.9,-12.5,-8.5,8.6,8.1,-1.3,5.2,2022,10
151,SA309.CZC,纯碱2309,2022-11-18,1940,2048,1940,2008,2012,6135.63,153236,47410,2022-11-18,46,202,2022,11,47,2022-11-10,91.55,60.79,,,,,852961.0,470754.0,,,,,,91.55,,,2022-10,5.8,9.7,-0.4,-3.1,2.0,-1.0,3.0,4.2,9.4,4.9,-12.5,-8.5,8.6,8.1,-1.3,5.2,2022,10
152,SA309.CZC,纯碱2309,2022-11-25,2005,2014,1907,2003,1991,7696.66,196364,69233,2022-11-25,47,203,2022,11,47,2022-11-17,89.32,59.3,,,,,952873.0,499989.0,,,,,,89.32,,,2022-10,5.8,9.7,-0.4,-3.1,2.0,-1.0,3.0,4.2,9.4,4.9,-12.5,-8.5,8.6,8.1,-1.3,5.2,2022,10
153,SA309.CZC,纯碱2309,2022-12-02,2008,2206,1981,2175,2160,18191.67,431996,92208,2022-12-02,48,204,2022,12,48,2022-11-24,90.05,59.79,,,,,1176857.0,633864.0,,,,,,90.05,,,2022-11,5.3,9.3,-0.4,-0.3,-0.9,-1.0,2.3,4.0,-15.2,1.5,-12.5,-13.2,-9.9,5.6,-1.3,4.6,2022,11
154,SA309.CZC,纯碱2309,2022-12-09,2183,2292,2115,2285,2261,33452.74,758547,96688,2022-12-09,49,205,2022,12,48,2022-12-01,91.53,61.16,2662.5,-0.1,267.5,8.8,1315331.0,614900.0,,-93.247381,-48.10419,212.551458,-11.552573,91.53,5.8,12.3,2022-11,5.3,9.3,-0.4,-0.3,-0.9,-1.0,2.3,4.0,-15.2,1.5,-12.5,-13.2,-9.9,5.6,-1.3,4.6,2022,11
155,SA309.CZC,纯碱2309,2022-12-16,2285,2433,2234,2387,2390,46199.92,991802,110663,2022-12-16,50,206,2022,12,48,2022-12-08,90.67,60.58,,,,,1259380.0,601046.0,,,,,,90.67,,,2022-11,5.3,9.3,-0.4,-0.3,-0.9,-1.0,2.3,4.0,-15.2,1.5,-12.5,-13.2,-9.9,5.6,-1.3,4.6,2022,11
156,SA309.CZC,纯碱2309,2022-12-23,2389,2391,2266,2304,2295,65415.95,1400546,107947,2022-12-23,51,207,2022,12,48,2022-12-15,90.87,60.71,,,,,1264341.0,688326.0,,,,,,90.87,,,2022-11,5.3,9.3,-0.4,-0.3,-0.9,-1.0,2.3,4.0,-15.2,1.5,-12.5,-13.2,-9.9,5.6,-1.3,4.6,2022,11
157,SA309.CZC,纯碱2309,2022-12-30,2305,2393,2290,2381,2366,59025.64,1255455,108466,2022-12-30,52,208,2022,12,48,2022-12-22,89.78,59.99,,,,,1236148.0,725577.0,,,,,,89.78,,,2022-11,5.3,9.3,-0.4,-0.3,-0.9,-1.0,2.3,4.0,-15.2,1.5,-12.5,-13.2,-9.9,5.6,-1.3,4.6,2022,11
158,SA309.CZC,纯碱2309,2023-01-06,2385,2412,2327,2404,2392,34347.72,720004,127964,2023-01-06,1,209,2023,1,49,,,,,,,,,,,,,,,,,,2022-12,5.1,9.1,-0.4,-1.2,-3.4,-1.2,-0.5,3.6,-13.7,-1.1,-13.1,-11.7,-16.7,3.4,-0.7,4.1,2022,12
159,SA309.CZC,纯碱2309,2023-01-13,2399,2419,2280,2390,2374,55413.45,1176443,179125,2023-01-13,2,210,2023,1,49,2023-01-05,92.29,61.67,,,,,1131888.0,743632.0,,,,,,92.29,,,2022-12,5.1,9.1,-0.4,-1.2,-3.4,-1.2,-0.5,3.6,-13.7,-1.1,-13.1,-11.7,-16.7,3.4,-0.7,4.1,2022,12
160,SA309.CZC,纯碱2309,2023-01-20,2387,2526,2372,2525,2509,47604.52,967089,172500,2023-01-20,3,211,2023,1,49,2023-01-12,91.14,60.9,,,,,1273272.0,837268.0,,,,,,91.14,,,2022-12,5.1,9.1,-0.4,-1.2,-3.4,-1.2,-0.5,3.6,-13.7,-1.1,-13.1,-11.7,-16.7,3.4,-0.7,4.1,2022,12
161,SA309.CZC,纯碱2309,2023-02-03,2559,2579,2477,2554,2548,65026.78,1281471,213145,2023-02-03,5,213,2023,2,50,,,,,,,,,,,,,,,,,,2023-01,,,,,,,,,,,,,,,-0.8,-0.8,2023,1
162,SA309.CZC,纯碱2309,2023-02-10,2563,2618,2497,2564,2579,94855.45,1856000,269306,2023-02-10,6,214,2023,2,50,2023-02-02,91.72,61.29,,,,,1260996.0,794542.0,,-86.413896,-86.413896,89.862257,-18.179657,91.72,,,2023-01,,,,,,,,,,,,,,,-0.8,-0.8,2023,1
163,SA309.CZC,纯碱2309,2023-02-17,2577,2577,2462,2486,2488,95518.98,1909590,305788,2023-02-17,7,215,2023,2,50,2023-02-09,92.07,61.52,,,,,1299708.0,790823.0,,,,,,92.07,,,2023-01,,,,,,,,,,,,,,,-0.8,-0.8,2023,1
164,SA309.CZC,纯碱2309,2023-02-24,2470,2571,2415,2530,2529,100928.73,2014512,347317,2023-02-24,8,216,2023,2,50,2023-02-16,91.04,60.83,,,,,1329484.0,769179.0,,,,,,91.04,,,2023-01,,,,,,,,,,,,,,,-0.8,-0.8,2023,1
165,SA309.CZC,纯碱2309,2023-03-03,2530,2580,2504,2574,2569,81652.42,1605169,386912,2023-03-03,9,217,2023,3,51,2023-02-23,90.71,60.61,,,,,1305779.0,705816.0,,,,,,90.71,,,2023-02,5.5,8.1,-0.8,,,-1.3,,3.9,,23.2,-11.8,,,-14.0,-1.4,-1.1,2023,2
166,SA309.CZC,纯碱2309,2023-03-10,2570,2578,2473,2498,2514,99903.29,1977854,391059,2023-03-10,10,218,2023,3,51,2023-03-02,93.32,62.36,502.86225,7.6,,,1296266.0,644464.0,,-99.888682,-97.248775,56.727131,-14.997945,93.32,10.4,,2023-02,5.5,8.1,-0.8,,,-1.3,,3.9,,23.2,-11.8,,,-14.0,-1.4,-1.1,2023,2
167,SA309.CZC,纯碱2309,2023-03-17,2500,2519,2361,2375,2386,110912.68,2281248,444922,2023-03-17,11,219,2023,3,51,2023-03-09,93.28,62.33,,,,,1379885.0,638633.0,,,,,,93.28,,,2023-02,5.5,8.1,-0.8,,,-1.3,,3.9,,23.2,-11.8,,,-14.0,-1.4,-1.1,2023,2
168,SA309.CZC,纯碱2309,2023-03-24,2378,2499,2353,2495,2448,133012.35,2763976,540521,2023-03-24,12,220,2023,3,51,2023-03-16,90.09,62.2,,,,,1398556.0,589966.0,,,,,,90.09,,,2023-02,5.5,8.1,-0.8,,,-1.3,,3.9,,23.2,-11.8,,,-14.0,-1.4,-1.1,2023,2
169,SA309.CZC,纯碱2309,2023-03-31,2485,2548,2436,2463,2463,296606.61,5970080,642033,2023-03-31,13,221,2023,3,51,2023-03-23,92.42,61.75,,,,,1416301.0,523555.0,,,,,,92.42,,,2023-02,5.5,8.1,-0.8,,,-1.3,,3.9,,23.2,-11.8,,,-14.0,-1.4,-1.1,2023,2
170,SA309.CZC,纯碱2309,2023-04-07,2463,2495,2387,2433,2423,202207.68,4154209,721824,2023-04-07,14,222,2023,4,52,2023-03-30,93.78,62.66,769.74029,8.2,267.19254,9.6,1454342.0,622296.0,,542.090808,-36.948699,12.937165,23.313064,93.78,6.3,-0.5,2023-03,5.1,7.0,1.6,4.8,4.6,1.1,7.3,5.5,-2.6,-4.1,-6.8,0.0,11.2,-5.1,-2.5,-1.6,2023,3
171,SA309.CZC,纯碱2309,2023-04-14,2436,2449,2306,2348,2348,288810.66,6143831,788437,2023-04-14,15,223,2023,4,52,2023-04-06,91.57,61.18,,,,,1408197.0,669805.0,,,,,,91.57,,,2023-03,5.1,7.0,1.6,4.8,4.6,1.1,7.3,5.5,-2.6,-4.1,-6.8,0.0,11.2,-5.1,-2.5,-1.6,2023,3
172,SA309.CZC,纯碱2309,2023-04-21,2352,2407,2200,2226,2231,411109.8,8949404,845046,2023-04-21,16,224,2023,4,52,2023-04-13,90.73,60.63,,,,,1479566.0,754293.0,,,,,,90.73,,,2023-03,5.1,7.0,1.6,4.8,4.6,1.1,7.3,5.5,-2.6,-4.1,-6.8,0.0,11.2,-5.1,-2.5,-1.6,2023,3
173,SA309.CZC,纯碱2309,2023-04-28,2230,2239,2084,2094,2120,427134.03,9955744,797037,2023-04-28,17,225,2023,4,52,2023-04-20,92.94,62.1,,,,,1533773.0,795304.0,,,,,,92.94,,,2023-03,5.1,7.0,1.6,4.8,4.6,1.1,7.3,5.5,-2.6,-4.1,-6.8,0.0,11.2,-5.1,-2.5,-1.6,2023,3
174,SA309.CZC,纯碱2309,2023-05-05,2058,2093,2013,2035,2035,127333.63,3110121,858747,2023-05-05,18,226,2023,5,53,2023-04-27,94.36,63.05,1054.2,10.8,263.7,6.5,1592596.0,855559.0,,949.676165,2.480317,17.067674,8.837661,94.36,4.0,-0.6,2023-04,4.7,6.4,1.8,2.7,13.5,4.0,9.1,6.4,-10.6,4.3,-3.0,-1.9,59.8,4.3,-3.6,-2.1,2023,4
175,SA309.CZC,纯碱2309,2023-05-12,2041,2079,1867,1874,1895,458597.57,11597802,1076176,2023-05-12,19,227,2023,5,53,2023-05-04,93.54,62.5,,,,,1558062.0,844383.0,,,,,,93.54,,,2023-04,4.7,6.4,1.8,2.7,13.5,4.0,9.1,6.4,-10.6,4.3,-3.0,-1.9,59.8,4.3,-3.6,-2.1,2023,4
176,SA309.CZC,纯碱2309,2023-05-19,1880,1917,1691,1743,1741,577033.67,15926918,1153634,2023-05-19,20,228,2023,5,53,2023-05-11,91.19,60.93,,,,,1626151.0,886851.0,,,,,,91.19,,,2023-04,4.7,6.4,1.8,2.7,13.5,4.0,9.1,6.4,-10.6,4.3,-3.0,-1.9,59.8,4.3,-3.6,-2.1,2023,4
177,SA309.CZC,纯碱2309,2023-05-26,1750,1754,1550,1610,1596,603166.39,18626488,1314678,2023-05-26,21,229,2023,5,53,2023-05-18,87.33,58.73,,,,,1993479.0,1060265.0,,,,,,87.33,,,2023-04,4.7,6.4,1.8,2.7,13.5,4.0,9.1,6.4,-10.6,4.3,-3.0,-1.9,59.8,4.3,-3.6,-2.1,2023,4
178,SA309.CZC,纯碱2309,2023-06-02,1609,1749,1557,1711,1691,487740.47,14790521,1125026,2023-06-02,22,230,2023,6,54,2023-05-25,89.22,59.99,,,,,2462101.0,1311473.0,,,,,,89.22,,,2023-05,4.0,6.0,1.3,-0.1,6.1,4.5,3.9,5.9,3.9,-1.2,-2.0,1.9,17.3,7.1,-4.6,-2.6,2023,5
179,SA309.CZC,纯碱2309,2023-06-09,1718,1731,1615,1656,1645,284589.96,8559071,1098366,2023-06-09,23,231,2023,6,54,2023-06-01,90.14,60.62,1313.9,7.0,263.1,1.6,2584891.0,1219253.0,,1519.458005,117.220553,-13.928978,-5.474064,90.14,2.3,-4.7,2023-05,4.0,6.0,1.3,-0.1,6.1,4.5,3.9,5.9,3.9,-1.2,-2.0,1.9,17.3,7.1,-4.6,-2.6,2023,5
180,SA309.CZC,纯碱2309,2023-06-16,1660,1727,1580,1697,1701,318205.39,9554134,1161185,2023-06-16,24,232,2023,6,54,2023-06-08,89.6,60.25,,,,,2663043.0,1129130.0,,,,,,89.6,,,2023-05,4.0,6.0,1.3,-0.1,6.1,4.5,3.9,5.9,3.9,-1.2,-2.0,1.9,17.3,7.1,-4.6,-2.6,2023,5
181,SA309.CZC,纯碱2309,2023-06-21,1695,1730,1662,1671,1691,189137.73,5573944,1055568,2023-06-21,25,233,2023,6,54,2023-06-15,90.05,60.55,,,,,2907864.0,1213395.0,,,,,,90.05,,,2023-05,4.0,6.0,1.3,-0.1,6.1,4.5,3.9,5.9,3.9,-1.2,-2.0,1.9,17.3,7.1,-4.6,-2.6,2023,5
182,SA309.CZC,纯碱2309,2023-06-30,1649,1713,1613,1688,1693,221668.86,6643823,1111394,2023-06-30,26,234,2023,6,54,2023-06-22,91.34,61.03,,,,,2871697.0,1134062.0,,,,,,91.34,,,2023-05,4.0,6.0,1.3,-0.1,6.1,4.5,3.9,5.9,3.9,-1.2,-2.0,1.9,17.3,7.1,-4.6,-2.6,2023,5
183,SA309.CZC,纯碱2309,2023-07-07,1686,1722,1666,1696,1700,192630.76,5689624,1139657,2023-07-07,27,235,2023,7,55,2023-06-29,90.3,60.34,1580.7,6.4,266.8,3.5,2948823.0,1070991.0,,217.849867,124.380432,-12.384722,-2.785412,90.3,1.5,-2.3,2023-06,3.8,6.0,1.5,2.4,-0.2,3.6,3.4,5.5,-0.7,-1.2,-2.9,0.0,0.8,6.1,-5.4,-3.1,2023,6
184,SA309.CZC,纯碱2309,2023-07-14,1700,1857,1690,1854,1844,286397.1,7981685,963162,2023-07-14,28,236,2023,7,55,2023-07-06,83.84,56.02,,,,,2991515.0,1106262.0,,,,,,83.84,,,2023-06,3.8,6.0,1.5,2.4,-0.2,3.6,3.4,5.5,-0.7,-1.2,-2.9,0.0,0.8,6.1,-5.4,-3.1,2023,6
185,SA309.CZC,纯碱2309,2023-07-21,1855,2003,1794,1990,1981,306140.14,8033907,915651,2023-07-21,29,237,2023,7,55,2023-07-13,84.62,56.54,,,,,3207866.0,1204803.0,,,,,,84.62,,,2023-06,3.8,6.0,1.5,2.4,-0.2,3.6,3.4,5.5,-0.7,-1.2,-2.9,0.0,0.8,6.1,-5.4,-3.1,2023,6
186,SA309.CZC,纯碱2309,2023-07-28,1995,2207,1971,2086,2102,439007.86,10475799,660149,2023-07-28,30,238,2023,7,55,2023-07-20,85.13,56.88,,,,,2860482.0,915646.0,,,,,,85.13,,,2023-06,3.8,6.0,1.5,2.4,-0.2,3.6,3.4,5.5,-0.7,-1.2,-2.9,0.0,0.8,6.1,-5.4,-3.1,2023,6
187,SA309.CZC,纯碱2309,2023-08-04,2080,2146,1983,1988,2033,229860.11,5516268,417211,2023-08-04,31,239,2023,8,56,2023-07-27,81.9,54.72,,,,,3040065.0,937232.0,,,,,,81.9,,,2023-07,3.4,5.7,1.6,1.4,-1.4,2.8,1.5,4.9,-15.8,-3.2,-1.7,-2.1,-3.8,4.5,-4.4,-3.2,2023,7
188,SA309.CZC,纯碱2309,2023-08-11,1989,2060,1932,2056,2044,68287.09,1710599,240860,2023-08-11,32,240,2023,8,56,2023-08-03,79.42,54.1,1831.4,6.6,251.3,8.7,2711725.0,623546.0,,-80.358001,108.722961,-25.940925,-4.857908,79.42,0.9,-2.2,2023-07,3.4,5.7,1.6,1.4,-1.4,2.8,1.5,4.9,-15.8,-3.2,-1.7,-2.1,-3.8,4.5,-4.4,-3.2,2023,7
189,SA309.CZC,纯碱2309,2023-08-18,2068,2417,2044,2371,2355,82528.96,1845874,192233,2023-08-18,33,241,2023,8,56,2023-08-10,78.3,54.81,,,,,3243138.0,1269900.0,,,,,,78.3,,,2023-07,3.4,5.7,1.6,1.4,-1.4,2.8,1.5,4.9,-15.8,-3.2,-1.7,-2.1,-3.8,4.5,-4.4,-3.2,2023,7
190,SA309.CZC,纯碱2309,2023-08-25,2377,2990,2345,2975,2929,100582.25,1871560,125613,2023-08-25,34,242,2023,8,56,2023-08-17,79.93,55.95,,,,,3116638.0,1268814.0,,,,,,79.93,,,2023-07,3.4,5.7,1.6,1.4,-1.4,2.8,1.5,4.9,-15.8,-3.2,-1.7,-2.1,-3.8,4.5,-4.4,-3.2,2023,7
191,SA309.CZC,纯碱2309,2023-09-01,2990,3264,2701,3250,3184,57720.64,965040,2319,2023-09-01,35,243,2023,9,57,2023-08-24,81.44,57.01,,,,,2536286.0,1005584.0,,,,,,81.44,,,2023-08,3.2,5.9,1.6,1.4,-0.8,2.4,-0.5,4.2,-3.3,-2.4,-1.0,0.0,4.5,4.8,-3.0,-3.2,2023,8
192,SA309.CZC,纯碱2309,2023-09-08,3248,3544,3197,3544,3331,143.97,2247,789,2023-09-08,36,244,2023,9,57,2023-08-31,81.32,56.92,2083.9,7.6,249.3,14.0,2183508.0,965547.0,,-99.00284,101.057922,-45.382582,-30.504382,81.32,0.6,-0.8,2023-08,3.2,5.9,1.6,1.4,-0.8,2.4,-0.5,4.2,-3.3,-2.4,-1.0,0.0,4.5,4.8,-3.0,-3.2,2023,8
193,SA309.CZC,纯碱2309,2023-09-14,3331,3700,3330,3475,3450,48.86,701,0,2023-09-14,37,245,2023,9,57,2023-09-07,78.5,55.28,,,,,1564787.0,805230.0,,,,,,78.5,,,2023-08,3.2,5.9,1.6,1.4,-0.8,2.4,-0.5,4.2,-3.3,-2.4,-1.0,0.0,4.5,4.8,-3.0,-3.2,2023,8
