指标名称,中国:开工率:纯碱,中国:产量:纯碱,中国:产量:碳酸钠(纯碱):累计值,中国:产量:碳酸钠(纯碱):累计同比,中国:产量:碳酸钠(纯碱):当月值,中国:产量:碳酸钠(纯碱):当月同比,期货持仓量:纯碱,期货持仓量(活跃合约):纯碱,中国:工厂总库存:纯碱,中国:进口数量:碳酸钠(纯碱)(28362000):当月同比,中国:进口数量:碳酸钠(纯碱)(28362000):累计同比,中国:出口数量:碳酸钠(纯碱)(28362000):当月同比,中国:出口数量:碳酸钠(纯碱)(28362000):当月环比,中国:开工率:纯碱,中国:产量:氧化铝:累计同比,中国:产量:氧化铝:当月同比
1989/2/28,,,41.65,,20.45,,,,,,,,,,-13.5,
1989/3/31,,,65.57,4.1,24.06,,,,,,,,,,-9.2,
1989/4/30,,,88.7,4.2,23.11,,,,,,,,,,-5,
1989/5/31,,,113.06,4.9,24.29,,,,,,,,,,-4.9,
1989/6/30,,,136.05,5.6,22.91,,,,,,,,,,-5,
1989/7/31,,,159.72,8.2,23.79,,,,,,,,,,-1.3,
1989/8/31,,,184.76,10.9,24.8,,,,,,,,,,0.5,
1989/9/30,,,210.75,12.1,26.01,,,,,,,,,,2.1,
1989/10/31,,,240.13,13,29.36,,,,,,,,,,2.9,
1989/11/30,,,267.51,13.3,27.13,,,,,,,,,,3.4,
1989/12/31,,,298.33,15,29.12,,,,,,,,,,4.1,
1990/1/31,,,25.54,20.3,25.54,,,,,,,,,,5.3,
1990/2/28,,,49.04,17.7,23.73,,,,,,,,,,11.3,
1990/3/31,,,78.68,20,29.85,,,,,,,,,,14.2,
1990/4/30,,,106.67,20.3,28.01,,,,,,,,,,13.2,
1990/5/31,,,138.22,22.3,31.54,,,,,,,,,,15.2,
1990/6/30,,,167.46,23.1,29.25,,,,,,,,,,17,
1990/7/31,,,213.78,33.8,28.56,,,,,,,,,,16.1,
1990/8/31,,,244.39,32.3,30.44,,,,,,,,,,14.5,
1990/9/30,,,276.16,31,31.76,,,,,,,,,,13,
1990/10/31,,,310.96,29.5,34.73,,,,,,,,,,11.9,
1990/11/30,,,342.84,28.2,31.87,,,,,,,,,,11,
1990/12/31,,,374.56,25.6,31.64,,,,,,,,,,11,
1991/1/31,,,29.72,16.4,29.72,,,,,,,,,,22.5,
1991/2/28,,,61.07,24.5,31.35,,,,,,,,,,17.3,
1991/3/31,,,94.96,20.5,33.89,,,,,,,,,,8.49,
1991/4/30,,,127.33,19.4,32.37,,,,,,,,,,5.4,
1991/5/31,,,159.59,15.5,32.28,,,,,,,,,,4.5,
1991/6/30,,,191.67,14.5,32.06,,,,,,,,,,3.2,
1991/7/31,,,221.66,3.7,30.01,,,,,,,,,,3,
1991/8/31,,,253.42,3.7,31.75,,,,,,,,,,3.8,
1991/9/30,,,286.74,3.8,33.34,,,,,,,,,,4.1,
1991/10/31,,,322.21,3.6,35.45,,,,,,,,,,4.9,
1991/11/30,,,356.53,4,34.33,,,,,,,,,,3.8,
1991/12/31,,,389.43,3.97,32.9,,,,,,,,,,3.78,
1992/1/31,,,27.12,-8.7,27.12,,,,,,,,,,-14.6,
1992/2/29,,,66.49,8.9,37.68,,,,,,,,,,-8.6,
1992/3/31,,,102.53,8.2,36.08,,,,,,,,,,9.4,
1992/4/30,,,139.32,9.4,36.77,,,,,,,,,,8,
1992/5/31,,,177.93,11.5,38.59,,,,,,,,,,8.7,
1992/6/30,,,217.57,13.5,39.63,,,,,,,,,,10.3,
1992/7/31,,,255.18,15.1,37.62,,,,,,,,,,9,
1992/8/31,,,287.87,13.6,33.89,,,,,,,,,,6,
1992/9/30,,,325.01,13.3,37.16,,,,,,,,,,4.1,
1992/10/31,,,365,13.3,39.97,,,,,,,,,,3.9,
1992/11/30,,,408.12,14.5,43.11,,,,,,,,,,4.4,
1992/12/31,,,450.61,16,40.98,,,,,,,,,,4,
1993/1/31,,,38.24,41,38.24,,,,,,,,,,16.7,
1993/2/28,,,78.34,17.8,40.19,,,,,,,,,,25.4,
1993/3/31,,,122.36,19.3,44.03,,,,,,,,,,-29.8,
1993/4/30,,,164.27,17.9,41.93,,,,,,,,,,12.3,
1993/5/31,,,209.67,17.8,45.42,,,,,,,,,,11.2,
1993/6/30,,,254.13,16.8,44.47,,,,,,,,,,8.8,
1993/7/31,,,295.61,15.8,41.49,,,,,,,,,,10.5,
1993/8/31,,,336.95,17,41.36,,,,,,,,,,12.3,
1993/9/30,,,382.05,17.6,44.93,,,,,,,,,,10.4,
1993/10/31,,,430.9,18.1,48.65,,,,,,,,,,14.2,
1993/11/30,,,479.27,17.4,48.38,,,,,,,,,,15.2,
1993/12/31,,,526.64,16.9,47.55,,,,,,,,,,19.7,
1994/1/31,,,48.02,25.6,48.02,,,,,,,,,,11,
1994/2/28,,,96.31,22.94,48.55,,,,,,,,,,10.19,
1994/3/31,,,143.62,17.37,48.99,,,,,,,,,,67.83,
1994/4/30,,,193.11,17.56,49.48,,,,,,,,,,5.13,
1994/5/31,,,242.94,15.87,49.89,,,,,,,,,,5.34,
1994/6/30,,,289.08,13.75,46.13,,,,,,,,,,7,
1994/7/31,,,330.97,11.96,41.94,,,,,,,,,,4.61,
1994/8/31,,,371.36,10.21,40.41,,,,,,,,,,3.8,
1994/9/30,,,419.18,9.72,48.16,,,,,,,,,,6.83,
1994/10/31,,,470.01,9.08,50.81,,,,,,,,,,3.61,
1994/11/30,,,519.95,8.49,49.97,,,,,,,,,,2.26,
1994/12/31,,,568.37,7.92,48.23,,,,,,,,,,-2.3,
1995/1/31,,,45.83,-4.56,45.83,,,,,,,,,,-1.46,
1995/2/28,,,90.51,-6.02,44.83,,,,,,,,-49.890877,,-5.36,
1995/3/31,,,138.91,-3.28,48.45,,,,,,,,-44.535065,,7.46,
1995/4/30,,,187.82,-2.74,48.91,,,,,,,,167.857822,,9.33,
1995/5/31,,,233.86,-3.74,46.05,,,,,,,,41.252498,,10.64,
1995/6/30,,,282.63,-2.23,47.38,,,,,,,,9.184157,,10.29,
1995/7/31,,,303.76,-8.22,42,,,,,,,,1.878056,,14.59,
1995/8/31,,,368.81,-0.69,42.65,,,,,,,,-35.634076,,16.24,
1995/9/30,,,417.3,-0.45,48.49,,,,,,,,47.922704,,15.75,
1995/10/31,,,469.41,-0.13,52.16,,,,,,,,-5.395099,,15.63,
1995/11/30,,,521.53,0.3,52.11,,,,,,,,13.464041,,18.09,
1995/12/31,,,574.44,1.07,52.91,,,,,,,,49.15417,,20.03,
1996/1/31,,,50.02,9.14,50.02,,,,,-89.42881,-89.42881,-31.785645,-61.743821,,31.65,
1996/2/29,,,98.81,9.17,48.68,,,,,246.726453,-3.783804,123.335145,64.058259,,21.21,
1996/3/31,,,156.69,12.8,57.19,,,,,-49.072228,-29.113951,223.638774,-19.624815,,11.27,
1996/4/30,,,210.29,11.96,53.59,,,,,55.654751,-13.494601,32.916359,10.007481,,15.96,
1996/5/31,,,264.33,13.03,54.06,,,,,14.3476,-5.232496,44.659957,53.732622,,23.11,
1996/6/30,,,316.79,12.09,52.44,,,,,-46.854709,-13.158261,-15.474915,-36.203492,,20.43,
1996/7/31,,,364.54,20.01,47.78,,,,,-82.153146,-22.081534,-21.116636,-4.921909,,16.82,
1996/8/31,,,413.69,12.17,49.31,,,,,338.376173,-11.939684,58.54443,29.366424,,16.53,
1996/9/30,,,468.97,12.38,55.27,,,,,-89.680266,-21.756565,-32.013292,-36.56808,,18.56,
1996/10/31,,,526.45,12.15,57.47,,,,,45.95008,-17.180493,-8.641257,27.12757,,15.65,
1996/11/30,,,582.91,11.77,56.48,,,,,842.134015,-8.936859,-45.224836,-31.971356,,12.8,
1996/12/31,,,638.51,11.15,55.58,,,,,-77.2752,-16.715411,-13.311771,136.054261,,12.08,
1997/1/31,,,56.88,6.69,56.88,6.69,,,,1154.788333,1154.788333,22.716941,-45.844075,,18.85,18.85
1997/2/28,,,112.76,13.8,57.9,16.7,,,,-89.491574,12.386187,0.849402,34.823906,,34.19,48.66
1997/3/31,,,172.62,10.12,60.09,5.4,,,,-6.485456,4.802959,-5.873072,-24.982508,,-33.23,-64.26
1997/4/30,,,246.49,9.8,59.87,7.4,,,,32.189041,13.882764,-26.995976,-14.679157,,-25.69,15.04
1997/5/31,,,305.43,9.3,58.78,6.9,,,,35.468703,21.611807,-38.046712,30.461867,,-21.43,-0.8
1997/6/30,,,361.13,8.4,55.66,4.8,,,,31.138834,22.722028,26.646855,30.414825,,-15.84,26.4
1997/7/31,,,413.64,9.1,52.52,11.8,,,,889.454093,48.397206,104.964185,53.873568,,-12.28,17.46
1997/8/31,,,468.26,-9.3,54.58,11.7,,,,109.706473,56.984487,10.607742,-30.188154,,-9.92,10.46
1997/9/30,,,526.54,8.9,58.31,5.9,,,,1323.552802,78.079266,22.119105,-29.966482,,-6.92,16.79
1997/10/31,,,587.69,8.5,60.91,4.4,,,,33.356934,72.752572,61.329773,67.946382,,18.69,22.99
1997/11/30,,,645.68,8,57.99,3.8,,,,-46.410876,60.925433,114.827554,-9.412708,,17.22,1.57
1997/12/31,,,703.23,7.3,57.64,0.3,,,,565.456136,76.595014,-10.150538,-1.272681,,17.1,12.99
1998/1/31,,,55.9,2.3,55.9,2.3,,,,-23.061713,-23.061713,-51.26915,-70.627934,,10.31,10.31
1998/2/28,,,114.09,4.3,59.19,7.2,,,,1234.987024,84.938126,-16.033747,132.309885,,11.9,13.33
1998/3/31,,,175.35,3.1,59.47,2.8,,,,-68.254065,30.011029,-2.465531,-12.860335,,9.65,5.84
1998/4/30,,,233.01,2.4,57.64,0.24,,,,-56.345057,-3.222542,131.342153,102.372637,,8.45,5.02
1998/5/31,,,292.9,1.9,62.21,3.9,,,,-86.556085,-36.460769,71.535022,-3.26545,,10.01,15.93
1998/6/30,,,349.08,1.7,56.64,1.5,,,,71.669028,-22.995765,-4.586848,-27.45919,,10.48,12.52
1998/7/31,,,401.32,1.34,52.11,-1.26,,,,-5.553301,-19.550629,-21.125321,27.201839,,11.36,16.84
1998/8/31,,,458.78,1.7,54.5,0.17,,,,-27.260887,-20.993255,-22.301923,-31.229562,,12.03,16.57
1998/9/30,,,519.15,1.89,59.21,1.4,,,,-82.888575,-29.23396,57.24732,41.735593,,12.44,15.85
1998/10/31,,,582.12,2.07,62.97,3.5,,,,-51.327846,-31.265365,4.10618,11.189534,,12.63,13.89
1998/11/30,,,645.05,2.64,62.92,8.21,,,,48.698206,-28.622465,36.187866,18.502955,,13.47,22.56
1998/12/31,,,719.99,2.64,63.14,6.57,,,,11.232623,-23.958078,44.36721,4.65681,,12.74,14.9
1999/1/31,,,63.07,7.99,63.07,7.99,,,,-11.371923,-11.371923,310.32903,-16.516977,,26.99,26.99
1999/2/28,,,126.72,5.34,63.39,2.2,,,,-59.845694,-41.410755,174.581148,55.455526,,16.46,6.66
1999/3/31,,,196.97,6.77,70.25,11.2,,,,-83.993805,-45.138916,157.224763,-18.368468,,14.57,11.13
1999/4/30,,,264.61,8.2,67.63,12.6,,,,9.598891,-35.636574,-4.445708,-24.822269,,16.46,22.21
1999/5/31,,,331.16,7.25,66.55,4.31,,,,-89.918148,-40.21751,7.084488,8.407163,,16.02,14.61
1999/6/30,,,394.61,9.11,63.42,8.25,,,,-53.129668,-43.802082,77.153863,20.006968,,14.88,9.67
1999/7/31,,,455.51,9.63,60.9,13.1,,,,-53.503357,-46.05161,-2.916024,-30.290765,,14.95,15.13
1999/8/31,,,516.31,8.75,60.77,7.6,,,,-98.053152,-55.009479,85.178421,31.173048,,14.91,14.64
1999/9/30,,,576.27,7.32,59.96,-3.43,,,,322.051557,-42.870574,49.707036,14.58579,,14.54,11.68
1999/10/31,,,634.32,5.53,58.26,-9.07,,,,-88.323439,-45.829885,49.124175,10.756635,,14.61,14.72
1999/11/30,,,696.83,4.4,62.51,-5.8,,,,-95.520268,-49.251295,17.91276,-6.299495,,14.75,16.93
1999/12/31,,,765.37,3.59,59.19,-2.9,,,,-98.107207,-57.615159,-3.851161,-14.660374,,15.22,13.48
2000/1/31,,,60.46,3.85,60.46,3.85,,,,139.260604,139.260604,19.489985,3.749408,,12.12,12.12
2000/2/29,,,126.22,2.78,59.44,-2.11,,,,-5.325138,77.853881,-31.068592,-10.320783,,16.5,21.4
2000/3/31,,,199.33,2.03,71.81,0.9,,,,1450.616125,112.919136,44.838314,71.523747,,16.71,17.1
2000/4/30,,,267.23,2.06,67.9,2.1,,,,-96.31673,51.068182,-0.175916,-48.18672,,15.41,49.19
2000/5/31,,,336.62,2.81,69.39,4.66,,,,5016.644625,121.738618,-4.68481,3.510585,,13.6,6.92
2000/6/30,,,406.11,3.99,69.49,10.12,,,,-37.53036,84.862311,36.287911,71.593835,,14,15.92
2000/7/31,,,471.53,4.61,65.35,8.5,,,,-96.49942,48.617035,37.148531,-29.85057,,13.12,8.22
2000/8/31,,,542.94,6.08,71.41,17,,,,8038.853235,108.177653,-25.927576,-29.154869,,12.62,9.35
2000/9/30,,,614.7,7.63,71.75,21.03,,,,196.427853,129.166531,-44.881213,-14.734399,,12.65,12.86
2000/10/31,,,689.5,8.77,74.77,19.05,,,,-75.217054,126.298191,-41.724366,17.100058,,12.64,12.59
2000/11/30,,,763.2,9.61,72.02,14.9,,,,13408.68524,207.028371,7.604806,73.016129,,12.73,13.36
2000/12/31,,,834.32,10.01,80.5,16.4,,,,9486.300858,277.969215,-24.917892,-40.453598,,12.46,9.37
2001/1/31,,,79.28,7.8,79.28,7.8,,,,-37.799725,-37.799725,-31.499049,-5.344518,,12.2,12.2
2001/2/28,,,161.46,10.3,81.76,12.3,,,,210.96053,18.439947,16.191214,52.113759,,8.6,5
2001/3/31,,,248.78,10.7,87.33,11.5,,,,182.949172,49.042773,-19.176793,19.312801,,9.5,11.2
2001/4/30,,,333.35,10.7,84.49,10.5,,,,2822.337596,69.030658,52.924047,-1.965081,,9.8,10.9
2001/5/31,,,418.52,10.3,85.19,9.1,,,,-98.982325,13.854067,-3.914271,-34.961896,,10.4,12.6
2001/6/30,,,449.12,10.5,72.47,5.6,,,,94.767975,20.184888,-26.39722,31.442863,,9.8,7
2001/7/31,,,511.26,-2,63.8,-11.3,,,,0.463102,20.092051,-2.853903,-7.411876,,9.6,8.2
2001/8/31,,,586.03,-2.3,74.79,-4,,,,-67.74738,-5.506666,93.636871,41.212358,,10,12.5
2001/9/30,,,665.19,-2,75.88,-4.2,,,,-99.226368,-34.338498,59.811055,-29.629179,,9.9,8.8
2001/10/31,,,747.25,-1.7,82.06,0.8,,,,8102.99302,-21.831923,27.62523,-6.483805,,9.5,6.3
2001/11/30,,,827.78,-1.7,80.53,-1.5,,,,-99.554426,-42.616498,-23.628588,3.533495,,9.3,7.9
2001/12/31,,,906.04,-0.8,81.02,0.3,,,,-76.145594,-49.117778,106.689404,61.154678,,10.3,20.1
2002/1/31,,,79.78,13.1,79.78,13.1,,,,-23.963602,-23.963602,21.554226,-44.333025,,11.4,11.4
2002/2/28,,,158.18,9.5,79.31,6.7,,,,-54.731148,-42.226164,0.877359,26.238592,,12,12.6
2002/3/31,,,239.63,7.7,80.28,4.6,,,,152.982865,26.713424,-2.247068,15.617382,,10.9,8.9
2002/4/30,,,322.72,8.6,83.09,11.3,,,,-95.327017,11.506567,-14.323287,-14.076136,,11.6,13.8
2002/5/31,,,408.41,9.5,85.69,13.1,,,,7836.016609,34.474903,3.87008,-21.151118,,12.3,14.8
2002/6/30,,,485.93,9.5,77.53,9.4,,,,420.115764,83.372507,28.973141,63.209645,,13.2,16.4
2002/7/31,,,565.39,11.6,79.45,26.4,,,,9507.911187,120.485805,-16.233527,-39.865149,,14.1,20.9
2002/8/31,,,650.18,12,84.8,15,,,,1194.941575,227.362018,-11.211137,49.679033,,13.9,13.4
2002/9/30,,,738.42,12.9,88.24,19.2,,,,15298.77601,281.990452,36.43916,8.136713,,13.8,12.5
2002/10/31,,,830.91,13.1,92.49,15.2,,,,168.680756,263.715075,-15.435546,-42.039031,,14.5,21
2002/11/30,,,924.59,13.6,93.68,18,,,,29173.6592,323.745851,20.835061,47.940129,,15.3,22.7
2002/12/31,,,1033.15,12.99,94.48,16.1,,,,366.944315,327.672734,7.722744,43.667111,,15.5,18
2003/1/31,,,83.07,5.2,83.07,5.2,,,,266.529684,266.529684,-15.452815,-56.309264,,10.7,10.7
2003/2/28,,,175.83,9.9,90.93,11.6,,,,346.042256,303.510197,-14.474622,27.699145,,10.3,10.1
2003/3/31,,,265.1,10.2,89.28,6.1,,,,-7.578612,84.168271,-10.067854,21.574666,,10.4,11.5
2003/4/30,,,364,11.5,94.85,14.4,,,,12137.83235,147.111436,-40.966027,-43.597175,,11,12
2003/5/31,,,459.07,11.1,95.05,9.3,,,,196.563431,155.678214,88.612733,151.921094,,10.8,10.2
2003/6/30,,,547.73,11.4,88.67,13.2,,,,-65.331554,76.193832,12.466629,-2.680809,,10,6
2003/7/31,,,632.46,10.7,84.72,6.6,,,,56.783781,72.863064,25.014427,-33.155959,,11.2,17.3
2003/8/31,,,724.04,10.4,91.56,8.4,,,,-43.085567,27.240464,9.366357,30.943692,,12.2,19
2003/9/30,,,814.45,9.6,90.41,3.2,,,,-67.541642,13.391261,-21.556783,-22.438748,,12.2,12.2
2003/10/31,,,912.54,9.3,98.02,6.5,,,,-47.347048,6.154616,99.28543,47.250165,,12.4,13.9
2003/11/30,,,1010.78,9.2,98.2,9,,,,-51.939554,-2.178948,9.952988,-18.376074,,12.3,11.4
2003/12/31,,,1133.56,9.72,96.75,6.7,,,,45.873122,2.590248,16.809123,52.625494,,12.7,16.6
2004/1/31,,,93.87,8,93.87,8,,,,-62.316582,-62.316582,57.591165,-41.05534,,14.4,14.4
2004/2/29,,,195.18,12.1,101.31,16.2,,,,-7.613819,-34.193178,50.195321,21.70615,,16.7,19.2
2004/3/31,,,294.32,11,98.94,8.8,,,,-39.414065,-36.040486,18.015917,-4.472752,,17.5,18.9
2004/4/30,,,403.67,12.7,109.36,17.6,,,,16.701916,-22.400904,154.379366,21.574405,,16.8,14.8
2004/5/31,,,510.81,13.7,107.11,17.4,,,,-10.409768,-19.991454,-20.873972,-21.63863,,17,17.7
2004/6/30,,,615.35,14.7,104.49,20,,,,66.117481,-13.898018,35.491583,66.644675,,16.9,16.2
2004/7/31,,,714.09,15.1,98.74,17.9,,,,-99.382703,-27.202717,58.975562,-21.570265,,15.9,10.8
2004/8/31,,,814.88,14.7,100.8,12,,,,-78.395395,-36.212605,-1.674793,-19.012297,,14.2,9.1
2004/9/30,,,923.66,15.3,108.78,19.4,,,,-97.512131,-38.776514,-2.736328,-23.276111,,13.8,10.3
2004/10/31,,,1044.24,15.3,113.01,16.5,,,,97.760234,-30.707733,-24.999623,13.545146,,13.6,12.4
2004/11/30,,,1154.95,14.9,111.08,12.3,,,,-15.2039,-29.615053,-5.232456,3.136802,,13.7,14.8
2004/12/31,,,1334.7,17.74,111.45,14.3,,,,-64.613035,-34.554125,-16.976791,33.71095,,14.52,12.7
2005/1/31,,,110.72,14.7,110.72,14.7,,,,-98.134485,-98.134485,7.338216,-23.792217,,17.4,17.4
2005/2/28,,,222.09,12.2,111.36,9.7,,,,-99.678627,-99.24899,-21.642917,-11.1543,,14.4,11.3
2005/3/31,,,332.79,11.7,110.8,10.9,,,,-97.689302,-98.726233,34.135745,63.528528,,16.4,20
2005/4/30,,,453.42,12.4,119.78,13.5,,,,-19.846467,-68.04816,9.269979,-0.96277,,15.9,14.7
2005/5/31,,,577.41,13.6,121.3,10.3,,,,-99.162987,-75.048985,97.691712,41.771724,,16.2,17.2
2005/6/30,,,695.51,13.8,118.12,14.6,,,,-99.352986,-78.36712,-15.570645,-28.830085,,16.8,19.7
2005/7/31,,,805.41,13,109.87,14.2,,,,18.552888,-78.239208,14.847179,6.686043,,17.5,21.1
2005/8/31,,,919.08,13.3,113.67,13,,,,-12.43732,-74.316722,29.921774,-8.382024,,18.3,23.2
2005/9/30,,,1041.22,13.2,122.13,12.9,,,,-37.53774,-74.254212,73.654932,2.550029,,18.1,17.2
2005/10/31,,,1164.9,12.2,123.66,3.9,,,,-99.724876,-78.550099,40.594193,-8.071784,,17.9,16
2005/11/30,,,1293.98,12.8,129.07,18,,,,-66.003781,-77.484813,59.115126,16.723351,,22.3,33.5
2005/12/31,,,1421.08,12.7,127.08,12.8,,,,96.386478,-64.217247,11.361782,-6.418138,,23.2,32.8
2006/1/31,,,121.52,9.7,121.52,9.7,,,,8658.261097,8658.261097,21.674635,-16.734863,,39.9,39.9
2006/2/28,,,246.96,10.7,125.45,11.7,,,,59.100564,6002.344766,71.259379,25.052025,,44,48.3
2006/3/31,,,384.08,14,135.51,20.3,,,,2613.846763,3942.084176,0.394176,-4.137735,,45.3,47.8
2006/4/30,,,508.45,10.7,126.74,3.5,,,,-99.296808,-0.845731,0.35493,-1.001486,,48.5,57.8
2006/5/31,,,636.83,10.1,128.39,8.1,,,,-55.113827,-1.255341,-27.279602,2.732334,,49.3,52.3
2006/6/30,,,767.89,10.6,130.84,13.1,,,,7.465925,-1.219729,-6.586046,-8.577738,,50.6,53.9
2006/7/31,,,905.45,11.2,130.74,15.1,,,,9812.660983,69.342779,-6.323978,6.985345,,49.5,43.5
2006/8/31,,,1035.53,11.4,130.06,12.5,,,,173.259129,90.461884,13.539311,11.044871,,51,56.4
2006/9/30,,,1171.74,11.2,138.01,11.3,,,,21175.1341,177.40459,22.75725,10.875779,,53,68.5
2006/10/31,,,1311.2,11.1,139.47,10.4,,,,30726.74563,243.491786,-9.050615,-31.891479,,53.7,59.5
2006/11/30,,,1456.23,10.8,145.05,8.4,,,,271.002489,247.018795,-6.011153,20.62416,,53.9,50.9
2006/12/31,,,1597.22,10.8,143.08,10.1,,,,-99.684882,101.821126,-5.807287,-6.215155,,54,54.8
2007/1/31,,,135.47,11.6,135.47,11.6,,,,-99.041,-99.041,15.198509,1.833988,,43.3,43.3
2007/2/28,,,271.39,8.8,135.91,6,,,,-75.514072,-98.851549,-21.621495,-14.917381,,47.1,51
2007/3/31,,,413.8,9.1,142.44,9.8,,,,62.869505,-32.833687,17.712687,43.970656,,53.7,65.3
2007/4/30,,,554.97,10.6,140.22,14.3,,,,2528.65127,-15.110434,-28.956999,-40.251542,,56.9,65.3
2007/5/31,,,692.69,10.3,137.72,9.3,,,,5736.44983,4.623358,16.512987,68.484591,,55.4,47.6
2007/6/30,,,835.5,10.7,140.27,11.4,,,,40.07866,4.780864,-5.357727,-25.738659,,58.1,50
2007/7/31,,,969.75,8.6,134.21,2.3,,,,-99.231576,-38.995742,-27.719797,-18.293145,,54.7,37.4
2007/8/31,,,1109.23,8.5,139.51,8.4,,,,-51.265352,-42.573319,-19.116481,24.262241,,51.7,44.3
2007/9/30,,,1275.41,10.6,154.57,16.4,,,,-99.570266,-60.598372,-27.906238,-1.17329,,50.7,43.9
2007/10/31,,,1433.19,11,157.79,14.2,,,,-99.737292,-68.197008,25.470181,18.534366,,49.7,41.2
2007/11/30,,,1597.53,11.5,164.34,15.7,,,,-97.179991,-72.16958,-3.95519,-7.664718,,48.7,38.1
2007/12/31,,,1771.79,13.1,177.34,29,,,,-12.403609,-72.1305,6.78743,4.274688,,47.7,36.1
2008/1/31,,,154.76,11.66,154.76,11.66,,,,-62.082538,-62.082538,1.051448,-3.635925,,24.92,24.92
2008/2/29,,,306.99,12.2,152.21,12.8,,,,1003.738288,120.904997,15.57737,-2.686943,,26.5,28.1
2008/3/31,,,475.12,14.8,167.91,19.6,,,,-98.985863,-96.760873,-1.574791,22.604814,,26.1,25.5
2008/4/30,,,637.66,14.2,158.64,13.2,,,,-98.549993,-97.1442,45.10886,-11.9125,,18.6,7.3
2008/5/31,,,805.38,14.7,167.77,17,,,,-99.15403,-97.528884,25.634075,45.872594,,18,15.8
2008/6/30,,,967.43,15,161.98,16.4,,,,-43.563084,-97.208387,38.111099,-18.363585,,19.1,24.2
2008/7/31,,,1118.74,14.6,151.92,14,,,,-78.349245,-97.108405,92.670785,13.984495,,20.5,30.3
2008/8/31,,,1284.79,14.2,166.01,11.5,,,,-98.443247,-97.438708,67.593523,8.088762,,21.3,24.4
2008/9/30,,,1447.71,13.3,162.89,6.7,,,,-24.614447,-97.187527,36.667767,-19.40962,,21.3,21.6
2008/10/31,,,1617.95,12.8,170.08,8.4,,,,240.158071,-96.646515,8.032845,-6.301207,,20.4,12.9
2008/11/30,,,1743.71,9.3,130.58,-20.6,,,,-85.839786,-96.496424,-9.682095,-22.805613,,18.2,-2.8
2008/12/31,,,1881.33,6.4,137.6,-20.1,,,,-88.53864,-96.480069,12.522493,29.91054,,17.7,3.5
2009/1/31,,,129.31,-14.51,129.31,-14.51,,,,-80.715999,-80.712573,11.397504,-4.599363,,-15.05,-15.05
2009/2/28,,,263.82,-12.2,134.49,-9.9,,,,-78.874959,-79.136712,47.455766,28.812324,,-7.5,0.3
2009/3/31,,,417.88,-11.1,155.26,-8.3,,,,-89.443203,-82.330916,59.051325,32.246156,,-7.8,-7.6
2009/4/30,,,583.14,-7,165.31,5.3,,,,-74.273048,-81.454333,54.741498,-14.299415,,-6.7,-5.5
2009/5/31,,,740.03,-5.6,157.37,-2.8,,,,-75.875769,-81.088798,-24.598258,-28.919857,,-6.1,-4.3
2009/6/30,,,900.5,-4.5,160.47,1.3,,,,8828.314254,988.613658,17.002168,26.676616,,-4.6,-4.3
2009/7/31,,,1058.01,-3,157.41,6.5,,,,40296.58851,2548.934688,-13.564744,-15.794047,,-6.9,-10.9
2009/8/31,,,1215.04,-3.1,157.6,-3.8,,,,4472.271625,2838.201313,-24.806879,-5.96972,,-6.6,-5
2009/9/30,,,1390.39,-1.7,175.34,9.2,,,,2927.810219,2846.485723,-0.782655,6.33903,,-4.9,8.1
2009/10/31,,,1559.49,-1.2,169.28,3.2,,,,-87.200586,2369.253336,-2.013919,-7.463987,,-2,24.6
2009/11/30,,,1836.88,7.2,205.31,52.1,,,,-30.503948,2234.547931,28.031965,0.864825,,1.6,43.1
2009/12/31,,,2001.36,8.7,193.57,52.6,,,,518.485237,2223.063762,-1.678937,-0.236301,,4.4,38
2010/1/31,,,172.61,29.91,172.61,29.91,,,,9322.659442,9320.959147,-26.955421,-29.125061,,64.1721,64.1721
2010/2/28,,,344.3,28.5,171.8,27.1,,,,-59.57667,1173.383294,-47.920042,-8.158272,,50.8,39
2010/3/31,,,524.5,24.7,180.6,16,,,,36.367372,962.842414,-46.270185,36.435624,,52.7,54.6
2010/4/30,,,691.9,19,167,3.5,,,,368.76271,873.18974,-45.974715,-13.828132,,52.7,52.3
2010/5/31,,,869.4,18,177.8,14.6,,,,546.352045,845.870215,-15.929854,10.609653,,46.4,29.5
2010/6/30,,,1072.3,17.5,202.8,15,,,,-99.243271,-84.796187,-28.029087,8.445531,,44.3,33.2
2010/7/31,,,1226,13.4,165.4,-1.9,,,,-99.63682,-93.779968,-33.85357,-22.608691,,41.4,30.5
2010/8/31,,,1385.9,11.4,159.6,-2.6,,,,-99.89545,-95.211247,-18.410914,15.982746,,37.6,15.4
2010/9/30,,,1544.5,8.5,159,-11.1,,,,-98.052283,-95.481152,-23.90541,-0.822214,,33.4,7
2010/10/31,,,1700.1,6.8,155.4,-7.8,,,,-58.515476,-95.449982,-18.357533,-0.717404,,28.1,-7.1
2010/11/30,,,1870.3,6,170.5,-1.5,,,,-6.093077,-95.300667,-31.480421,-15.347789,,24.8,-2
2010/12/31,,,2029.3,4.2,161.4,-15.8,,,,56.960011,-95.029384,-27.834365,5.072313,,22.4,1.9
2011/1/31,,,171.9729,-0.1276,171.9729,-0.1276,,,,-27.735498,-27.735294,48.082293,45.433814,,6.2879,6.2879
2011/2/28,,,344.9,0.9,172.9,1.9,,,,2427.09864,39.951892,22.354532,-24.114819,,8.8,11.5
2011/3/31,,,532.5,0.9,187.5,1.1,,,,3192.760283,114.856591,-4.88679,6.059252,,10.4,13.7
2011/4/30,,,723.9,3.3,191.4,12.7,,,,300.082198,128.320621,8.282524,-1.89683,,12.4,18.3
2011/5/31,,,918.4,4.4,194.4,8.7,,,,324.045535,139.500181,-23.680857,-22.040662,,15.6,27.8
2011/6/30,,,1122.8,4.7,204.7,5.6,,,,1510.864482,206.712836,-30.357404,-1.041495,,17.8,29.3
2011/7/31,,,1319.2,7.7,196.5,18.9,,,,1543.559229,253.964493,-15.905967,-6.54933,,18.9,22.8
2011/8/31,,,1523.2,9.9,203.7,27.2,,,,16212.15933,335.505726,-12.807479,20.256191,,19.3,22.2
2011/9/30,,,1724.5,11.7,201.9,27.2,,,,1034.698179,364.136265,-32.098622,-22.76507,,16.5,12.2
2011/10/31,,,1930.3,13.6,205.7,32,,,,21969.94342,530.24182,-13.075051,27.098077,,16.2,-5.4
2011/11/30,,,2111.5,12.9,181.5,6.4,,,,3813.449015,639.873158,19.310376,16.19089,,15.8,11.8
2011/12/31,,,2303.2,13.4,192,19.4,,,,251.519593,618.023696,3.216577,-9.100911,,14.8,3
2012/1/31,,,192.8988,12.0326,192.8988,12.0326,,,,-53.665613,-53.665613,-39.137568,-14.243856,,13.8228,13.8228
2012/2/29,,,377.4,10.4,184.5943,8.764,,,,3.262749,-25.321836,-17.811172,2.475598,,10.7,7.4466
2012/3/31,,,579.6,9.1,200.6,7.9,,,,-53.640401,-35.632678,4.746827,35.168859,,7.9,5.4
2012/4/30,,,785.9,8.4,206.3,6.3,,,,-96.734143,-43.415369,-0.767627,-7.061525,,7.7,6.3
2012/5/31,,,1000.5,8.6,212,8.2,,,,-87.525723,-47.876303,26.419348,-0.681921,,9.2,14.7
2012/6/30,,,1203.1,7.5,202.7,0.9,,,,-95.291948,-60.08156,57.612795,23.376104,,9.7,13.2
2012/7/31,,,1399.6,6.4,196.7,0.2,,,,-96.71916,-66.094519,45.129456,-13.950863,,10.3,14.3
2012/8/31,,,1602,5.6,201.9,0.7,,,,-98.139375,-72.227469,25.687959,4.146709,,10.5,7.9
2012/9/30,,,1798.3,4.9,195.9,-0.9,,,,-99.315598,-74.9392,60.870563,-1.14545,,9.8,6
2012/10/31,,,2004.1,4.8,205.9,3.4,,,,-99.525145,-81.558233,26.904678,0.262847,,10,11.5
2012/11/30,,,2184.7,5.5,197.9,13.7,,,,1368.497467,174.549986,13.037604,3.494529,,10.3,13.8
2012/12/31,,,2403.9,6.6,201.5,10.3,,,,-98.744816,167.022403,10.540999,-11.108553,,10.9,18.9
2013/1/31,,,193.1,-0.4,193.1,-0.4,,,,14688.64502,14688.64502,42.561988,10.597574,,13.6,13.6
2013/2/28,,,387.3,2.2,194.2,4.9,,,,3706.383524,7127.790783,26.928635,-8.76188,,15,16.5
2013/3/31,,,586.6,1.4,201.9,0.7,,,,7401.891388,7199.670631,14.371329,21.796331,,13.8,9.6
2013/4/30,,,818.8,1.2,231.6,1.3,,,,588241.0747,11471.20512,13.988547,-7.372575,,12.4,8.4
2013/5/31,,,1013.5317,-0.5602,193.1433,-7.6263,,,,-61.933496,11192.07101,24.632948,8.592533,,10.868,5.5915
2013/6/30,,,1214.8029,-0.3376,201.2838,0.7913,,,,-1.945829,10852.22753,-25.127587,-25.882628,,9.9861,6.172
2013/7/31,,,1403.4771,-1.569,188.6739,0.9305,,,,117.407352,10681.74846,-1.225535,13.519214,,10.0739,10.6228
2013/8/31,,,1582.2627,-2.6854,191.2025,-4.4348,,,,226.703813,10547.69431,12.731156,18.86249,,10.3916,16.6447
2013/9/30,,,1777.7291,-2.4056,195.3983,-0.1154,,,,306.525953,10519.69587,-20.824692,-30.570752,,13.025,30.2214
2013/10/31,,,1980.2675,-2.5799,206.9203,-0.1156,,,,283.289751,10448.73588,-38.474981,-22.088417,,13.8424,21.6525
2013/11/30,,,2187.038,-1.476,220.3279,9.671,,,,-39.813741,540.27852,-21.699451,31.713545,,14.6331,22.3717
2013/12/31,,,2429.3573,0.5594,233.2202,17.217,,,,4003.571429,540.726928,-27.960462,-18.216425,,14.6002,14.0129
2014/1/31,,,,,,,,,,-99.852338,-99.852338,-34.042622,1.260033,,,
2014/2/28,,,430.9056,8.9732,,,,,,-47.732451,-80.955484,-10.094961,24.364659,,8.101,
2014/3/31,,,641.3,7.8,210.5,5.1,,,,10.609705,-56.278331,-19.004426,9.726482,,8.5,10.8
2014/4/30,,,853.3871,7.4086,212.1584,6.2098,,,,-99.937166,-72.597557,-3.822586,9.989543,,7.8696,6.0599
2014/5/31,,,1065.0167,7.6685,210.8112,9.7934,,,,860.228587,-72.521448,-14.515316,-3.480475,,7.4875,6.0624
2014/6/30,,,1269.8096,6.8949,205.736,2.9665,,,,-6.243237,-72.503433,6.640944,-7.539618,,6.495,1.717
2014/7/31,,,1470.9858,7.1794,201.1763,9.0107,,,,229.007726,-72.40688,18.182638,25.80534,,5.8808,2.5813
2014/8/31,,,1673.7246,7.7889,202.9389,5.7111,,,,9.542334,-72.37464,-5.379374,-4.835064,,5.3493,1.8622
2014/9/30,,,1882.585,7.4345,208.8604,4.7123,,,,186.543046,-72.347543,13.04348,-17.052717,,4.7743,-2.005
2014/10/31,,,2092.9268,6.9864,215.2862,2.4467,,,,-41.283919,-72.339719,52.461466,5.079162,,6.6,12.1
2014/11/30,,,2303.2121,5.4653,210.2853,-7.6085,,,,-99.838672,-74.78166,43.145543,23.665392,,6.9,9.4
2014/12/31,,,2514.2,3.5,211.6,-9.3,,,,-91.45502,-74.795486,100.21021,14.386423,,7.1,15.1
2015/1/31,,,,,,,,,,-7.493167,-7.493167,75.79189,-11.089986,,,
2015/2/28,,,437.3,2.1,214.8,0.1,,,,-99.655152,-99.199654,19.689177,-15.325425,,13.4,10.8
2015/3/31,,,650.3229,2.0145,214.4484,2.5669,,,,-99.695878,-99.537983,35.95015,24.633924,,15.3,15.4
2015/4/30,,,869.2396,1.8576,217.203,2.3777,,,,-7.818483,-99.459369,29.870239,5.070633,,15.2,16.9
2015/5/31,,,1080.6968,1.4723,210.2606,-0.2612,,,,-45.936774,-99.306769,32.203518,-1.746383,,13.5,7.1
2015/6/30,,,1292.1,1.8,211.6,3.8,,,,107.12497,-99.115451,30.985477,-8.39149,,13.1,10.8
2015/7/31,,,1508.2,2.4,215.9,7.2,,,,-63.606304,-98.979867,-13.355568,-16.782131,,12,6.3
2015/8/31,,,1721.6741,2.7609,213.5944,5.1236,,,,-17.711698,-98.853088,-8.207742,0.818993,,11.5,6.1
2015/9/30,,,1935.4912,2.8903,213.8171,3.8,,,,119.694925,-98.61608,67.860187,51.685411,,11.4,10.7
2015/10/31,,,2149.4794,2.7633,219.544,1.875,,,,182.417541,-98.465817,34.031,-16.097645,,10.5515,2.5477
2015/11/30,,,2368.5,2.9,219,3.9,,,,126.153792,-98.338214,-11.004598,-17.88727,,10.2,4.2
2015/12/31,,,2591.8,3.1,223.1,5.3,,,,78.547009,-98.288487,17.375145,50.863108,,9.6,3.5
2016/1/31,,,,,,,,,,67.684524,67.684524,20.562399,-8.675686,,,
2016/2/29,,,407.5,-4.3,,,,,,-88.821214,0.58358,-29.076745,-50.188479,,2.3,
2016/3/31,,,615.6,-2.7,208.7,0.2,,,,-18.175596,-7.835505,-32.201723,19.142377,,-0.5,-3.5
2016/4/30,,,835.8,-1.3,219.6,3.7,,,,87997.31552,12853.52993,-14.626358,32.30812,,-0.8,-1.5
2016/5/31,,,1049.5,-0.2,212.9,4.6,,,,44891.12532,19977.13429,-16.897938,-4.360666,,-4.1,1.1
2016/6/30,,,1268.4,0.9,218.9,6.6,,,,-54.967514,15629.85284,17.550596,29.583246,,-1.6,2.5
2016/7/31,,,1476.2,0.6,207.6,-1.2,,,,153.582176,13521.6982,28.653665,-8.92191,,-0.6,5
2016/8/31,,,1684,0.5,207.9,-0.2,,,,-69.749187,12000.44717,9.409653,-14.261509,,-0.3,0.9
2016/9/30,,,1901.8,0.9,216.8,3.7,,,,-53.277171,9925.309406,-15.640036,16.956552,,0.4,6.3
2016/10/31,,,2123.5,1.5,225.5,5.6,,,,-33.026318,8945.154616,-21.119662,-21.547547,,1.2,8.9
2016/11/30,,,2357.3,2.3,230.9,8.5,,,,47766.13245,11946.44643,-8.086624,-4.320158,,2.4,18.8
2016/12/31,,,2588.3,2.6,231,6.3,,,,138118.2344,15646.77504,-37.655399,2.330049,,3.4,12
2017/1/31,,,,,,,,,,-53.140454,-53.140454,-59.577575,-40.787973,,,
2017/2/28,,,448.3026,9.9,,,,,,84116.92691,3957.591204,8.627388,33.858755,,22.9,
2017/3/31,,,665.743,8,217.4396,4.4,,,,80947.45641,34633.95661,-5.154908,4.025973,,19.9,25.6
2017/4/30,,,892.3,6.1,224.8,0,,,,7.905589,218.265733,-32.252017,-5.492123,,21.1,24.8
2017/5/31,,,1107.7832,5.1,215.5111,1.2,,,,-95.048113,62.150745,10.21478,55.589403,,20.8,19.6
2017/6/30,,,1337.4724,5.1,229.689,4.9,,,,-72.77163,62.06692,-39.73996,-29.150232,,19.7,14.9
2017/7/31,,,1559.1,5.6,221.7,9.2,,,,-79.924804,61.70685,-23.396083,15.780514,,19,9.3
2017/8/31,,,1775.3,5.4,216.2,3.5,,,,4102.677556,62.837574,-19.577094,-9.987127,,17.5,8.2
2017/9/30,,,2003.2,5.3,227.9,5.1,,,,365.107985,63.080097,-42.865929,-16.911682,,16.6,9.5
2017/10/31,,,2217.3942,5.3,239.5298,6.9,,,,341.22741,63.282805,-35.871816,-11.943727,,14.3,-4.8
2017/11/30,,,2444.7,5.2,241.8,7,,,,-2.238525,43.155119,-13.438956,29.149875,,10.5,-22.1
2017/12/31,,,2677.1147,5,232.8858,2.3,,,,-96.416713,7.225755,15.998405,37.130076,,7.9,-11.8
2018/1/31,,,,,,,,,,8977.014899,8977.014899,39.151572,-28.969311,,,
2018/2/28,,,432.4,2,,,,,,426.98933,521.025219,-11.964605,-15.31315,,-10.4,
2018/3/31,,,646.4,6.4,214,4.6,,,,-47.735786,-7.767282,11.795412,32.101713,,-6.1,-4.8
2018/4/30,,,841.8,3.1,207.8,-0.2,,,,-57.582974,-24.554308,-5.66963,-20.25645,,-3.3,-1.5
2018/5/10,78.1,51.4,,,,,,,,,,,,78.1,,
2018/5/17,77.62,52.5,,,,,,,,,,,,77.62,,
2018/5/24,73.81,,,,,,,,,,,,,73.81,,
2018/5/31,76.9,52.23,1049.4,3.2,207.6,3.2,,,,2044.197203,6.924995,-36.378603,4.937733,76.9,-0.1,6.4
2018/6/7,69.29,43.56,,,,,,,,,,,,69.29,,
2018/6/14,76.19,50.7,,,,,,,,,,,,76.19,,
2018/6/28,74.64,51.38,,,,,,,,,,,,74.64,,
2018/6/30,,,1254.9,2.1,205.4,-3.2,,,,108921.2553,18.293537,-20.240242,-11.178305,,1.1,6.3
2018/7/5,73.57,48.6,,,,,,,,,,,,73.57,,
2018/7/12,77.14,49.2,,,,,,,,,,,,77.14,,
2018/7/19,74.05,50.03,,,,,,,,,,,,74.05,,
2018/7/31,,,1495.7,0.8,201.8,-4.6,,,,32272.94455,28.447775,-38.311704,-10.452303,,2.4,8.3
2018/8/2,61.49,,,,,,,,,,,,,61.49,,
2018/8/9,68.47,,,,,,,,,,,,,68.47,,
2018/8/31,,,1680.2,0.8,208.9,6.1,,,,5120.183015,65.218998,-20.823594,15.53076,,2.8,6.3
2018/9/6,64.29,,,,,,,,,,,,,64.29,,
2018/9/13,,49.84,,,,,,,,,,,,,,
2018/9/20,74.05,52.97,,,,,,,,,,,,74.05,,
2018/9/27,76.79,55.48,,,,,,,,,,,,76.79,,
2018/9/30,,,1900.2,0.8,220,0.9,,,,-45.653605,64.96529,31.288779,37.775436,,3.4,8.2
2018/10/11,75.79,52.74,,,,,,,,,,,,75.79,,
2018/10/18,75.9,52.54,,,,,,,,,,,,75.9,,
2018/10/25,76.93,53.56,,,,,,,,,,,,76.93,,
2018/10/31,,,2127,0.4,226.8,-3,,,,21108.28075,106.406486,57.104531,5.371072,,3.9,8.7
2018/11/1,74.27,53.03,,,,,,,,,,,,74.27,,
2018/11/8,73.9,52.5,,,,,,,,,,,,73.9,,
2018/11/15,74.93,52.17,,,,,,,,,,,,74.93,,
2018/11/22,78.05,53.05,,,,,,,,,,,,78.05,,
2018/11/29,79.63,52.53,,,,,,,,,,,,79.63,,
2018/11/30,,,2350.4,-0.2,223.4,-5.2,,,,-96.844681,63.767679,-25.597884,-38.836748,,9.1,25.7
2018/12/6,73.78,52.13,,,,,,,,,,,,73.78,,
2018/12/13,78.41,54.65,,,,,,,,,,,,78.41,,
2018/12/20,75.24,54.49,,,,,,,,,,,,75.24,,
2018/12/27,72.8,52.64,,,,,,,,,,,,72.8,,
2018/12/31,,,2620.5,-0.1,234.4,0,,,,4678.017924,103.462644,-32.648144,24.135786,,9.9,19.6
2019/1/3,69.39,52.2,,,,,,,,,,,,69.39,,
2019/1/10,72.8,53.36,,,,,,,,,,,,72.8,,
2019/1/17,75.34,53.64,,,,,,,,,,,,75.34,,
2019/1/24,75.54,54,,,,,,,,,,,,75.54,,
2019/1/31,78.78,55.99,,,,,,,,-87.913349,-87.913349,-6.809448,-1.719277,78.78,,
2019/2/14,83.78,57.75,,,,,,,,,,,,83.78,,
2019/2/21,84,57.64,,,,,,,,,,,,84,,
2019/2/28,80.71,57.2,415.2,-4,,,,,,-97.292307,-95.784608,-9.512563,-17.769603,80.71,12.3,
2019/3/7,79.73,56.87,,,,,,,,,,,,79.73,,
2019/3/14,71.78,52.35,,,,,,,,,,,,71.78,,
2019/3/21,74.37,52.64,,,,,,,,,,,,74.37,,
2019/3/28,70.95,50.11,,,,,,,,,,,,70.95,,
2019/3/31,,,640,-0.1,224.7,8,,,,-98.101979,-97.005481,8.114903,57.835876,,11.1,5.6
2019/4/4,80.39,49.09,,,,,,,,,,,,80.39,,
2019/4/11,85.03,50.61,,,,,,,,,,,,85.03,,
2019/4/18,85.61,51.19,,,,,,,,,,,,85.61,,
2019/4/25,89.24,53.04,,,,,,,,,,,,89.24,,
2019/4/30,89,53.62,863.5,2.6,223.7,7.7,,,,-99.310752,-97.442233,25.083148,-7.740987,89,8.3,4.2
2019/5/9,92.53,56.1,,,,,,,,,,,,92.53,,
2019/5/16,94.87,55.4,,,,,,,,,,,,94.87,,
2019/5/23,86.45,53.1,,,,,,,,,,,,86.45,,
2019/5/30,85.95,51.27,,,,,,,,,,,,85.95,,
2019/5/31,,,1106.6,4.7,233.6,11.9,,,,-94.406609,-96.515936,0.963034,-15.297687,,6.9,0.1
2019/6/6,88.18,52.33,,,,,,,,,,,,88.18,,
2019/6/13,86.58,50.92,,,,,,,,,,,,86.58,,
2019/6/20,80.53,48.45,,,,,,,,,,,,80.53,,
2019/6/27,83.82,51.9,,,,,,,,,,,,83.82,,
2019/6/30,,,1348.9,6.6,227.4,10.1,,,,154.557001,-72.363006,-2.969996,-14.638368,,6.7,5.4
2019/7/4,83.55,52.66,,,,,,,,,,,,83.55,,
2019/7/11,84.61,53.23,,,,,,,,,,,,84.61,,
2019/7/18,87.63,53.83,,,,,,,,,,,,87.63,,
2019/7/25,84.89,52,,,,,,,,,,,,84.89,,
2019/7/31,,,1641.5,8,230.3,13.6,,,,-4.275499,-66.960714,3.073232,-4.875088,,6.2,2.9
2019/8/1,83.05,51.32,,,,,,,,,,,,83.05,,
2019/8/8,80.43,48.4,,,,,,,,,,,,80.43,,
2019/8/15,83.27,50.46,,,,,,,,,,,,83.27,,
2019/8/22,81.81,50.04,,,,,,,,,,,,81.81,,
2019/8/29,86.11,52.35,,,,,,,,,,,,86.11,,
2019/8/31,,,1872.5,6.1,230.9,6.2,,,,12.59918,-48.807137,21.693183,36.401136,,5.8,3.5
2019/9/5,86.3,51.57,,,,,,,,,,,,86.3,,
2019/9/12,91.16,53.03,,,,,,,,,,,,91.16,,
2019/9/19,89.27,53.24,,,,,,,,,,,,89.27,,
2019/9/26,89.19,52.8,,,,,,,,,,,,89.19,,
2019/9/30,,,2120.9,6.4,248.4,8.7,,,,1614.733842,-47.553068,-9.368055,2.609328,,4.7,-3.4
2019/10/10,91.08,53.52,,,,,,,,,,,,91.08,,
2019/10/17,81.35,51.07,,,,,,,,,,,,81.35,,
2019/10/24,82.43,52.55,,,,,,,,,,,,82.43,,
2019/10/31,87.84,54.47,2372.7,6.7,254.4,9.6,,,,-86.315927,-55.396679,-14.476062,-0.56763,87.84,4.4,3.6
2019/11/7,91.49,55.69,,,,,,,,,,,,91.49,,
2019/11/14,90,55.35,,,,,,,,,,,,90,,
2019/11/21,89.65,55.92,,,,,,,,,,,,89.65,,
2019/11/28,92.51,57.87,,,,,,,,,,,,92.51,,
2019/11/29,,,,,,,0,,,,,,,,,
2019/11/30,,,2633.7,7.4,260.9,14.3,,,,4307.830966,-37.760888,24.340173,-11.076951,,-0.7,-9.7
2019/12/2,,,,,,,0,,,,,,,,,
2019/12/4,,,,,,,0,,,,,,,,,
2019/12/5,88.38,56.02,,,,,0,,,,,,,88.38,,
2019/12/6,,,,,,,45044,38922,,,,,,,,
2019/12/9,,,,,,,37796,31568,,,,,,,,
2019/12/10,,,,,,,76514,68176,,,,,,,,
2019/12/11,,,,,,,72448,66020,,,,,,,,
2019/12/12,83.61,54.57,,,,,76042,70048,,,,,,83.61,,
2019/12/13,,,,,,,74812,69386,,,,,,,,
2019/12/16,,,,,,,84816,77498,,,,,,,,
2019/12/17,,,,,,,78276,70596,,,,,,,,
2019/12/18,,,,,,,79606,71800,,,,,,,,
2019/12/19,81.81,54.21,,,,,82820,74830,,,,,,81.81,,
2019/12/20,,,,,,,92234,84124,,,,,,,,
2019/12/23,,,,,,,91826,83368,,,,,,,,
2019/12/24,,,,,,,91582,83068,,,,,,,,
2019/12/25,,,,,,,96718,88032,,,,,,,,
2019/12/26,81.44,53.39,,,,,97438,85764,,,,,,81.44,,
2019/12/27,,,,,,,97958,86076,,,,,,,,
2019/12/30,,,,,,,92434,80286,,,,,,,,
2019/12/31,,,2887.7,7.6,254.1,9.7,85558,73396,,-30.804135,-36.355475,22.676448,22.474795,,-1,-5.1
2020/1/2,80.1,55.93,,,,,40967,34862,,,,,,80.1,,
2020/1/3,,,,,,,40212,33974,,,,,,,,
2020/1/6,,,,,,,38613,33327,,,,,,,,
2020/1/7,,,,,,,37763,32570,,,,,,,,
2020/1/8,,,,,,,37574,32306,,,,,,,,
2020/1/9,83.23,58.3,,,,,34551,29476,,,,,,83.23,,
2020/1/10,,,,,,,44825,39616,,,,,,,,
2020/1/13,,,,,,,42792,37522,,,,,,,,
2020/1/14,,,,,,,41388,36145,,,,,,,,
2020/1/15,,,,,,,44440,39110,,,,,,,,
2020/1/16,82.61,57.86,,,,,41782,36492,,,,,,82.61,,
2020/1/17,,,,,,,42883,37576,,,,,,,,
2020/1/20,,,,,,,38081,33031,,,,,,,,
2020/1/21,,,,,,,37363,32381,,,,,,,,
2020/1/22,,,,,,,30690,26024,,,,,,,,
2020/1/23,77.72,54.44,,,,,26580,22223,,,,,,77.72,,
2020/1/30,79.08,55.39,,,,,,,,,,,,79.08,,
2020/1/31,,,,,,,,,,7138.916561,7138.916561,-12.697643,-30.058793,,,
2020/2/3,,,,,,,21822,18012,,,,,,,,
2020/2/4,,,,,,,22578,18788,,,,,,,,
2020/2/5,,,,,,,25425,21591,,,,,,,,
2020/2/6,75.59,52.95,,,,,23427,19533,,,,,,75.59,,
2020/2/7,,,,,,,24166,19840,,,,,,,,
2020/2/10,,,,,,,24362,20067,,,,,,,,
2020/2/11,,,,,,,24075,19745,,,,,,,,
2020/2/12,,,,,,,25308,20825,,,,,,,,
2020/2/13,68.82,48.21,,,,,25800,21245,,,,,,68.82,,
2020/2/14,,,,,,,25597,20935,,,,,,,,
2020/2/17,,,,,,,25966,21231,,,,,,,,
2020/2/18,,,,,,,25527,20735,,,,,,,,
2020/2/19,,,,,,,24984,20201,,,,,,,,
2020/2/20,70.68,49.5,,,,,26703,21448,,,,,,70.68,,
2020/2/21,,,,,,,27730,22350,,,,,,,,
2020/2/24,,,,,,,28504,23054,,,,,,,,
2020/2/25,,,,,,,32136,26495,,,,,,,,
2020/2/26,,,,,,,29486,23636,,,,,,,,
2020/2/27,73.44,51.44,,,,,29119,23227,,,,,,73.44,,
2020/2/28,,,,,,,29461,23638,,,,,,,,
2020/2/29,,,430.9,-3.4,,,,,,1979.522028,4357.603914,-24.453174,-28.842179,,-13,
2020/3/2,,,,,,,30083,24188,,,,,,,,
2020/3/3,,,,,,,32193,26232,,,,,,,,
2020/3/4,,,,,,,32040,26030,,,,,,,,
2020/3/5,75.61,52.96,,,,,36264,30653,,,,,,75.61,,
2020/3/6,,,,,,,36316,30629,,,,,,,,
2020/3/9,,,,,,,34830,28458,,,,,,,,
2020/3/10,,,,,,,34329,27834,,,,,,,,
2020/3/11,,,,,,,35667,29006,,,,,,,,
2020/3/12,80.31,56.42,,,,,34829,28249,,,,,,80.31,,
2020/3/13,,,,,,,34410,27301,,,,,,,,
2020/3/16,,,,,,,34374,26933,,,,,,,,
2020/3/17,,,,,,,34291,26308,,,,,,,,
2020/3/18,,,,,,,32706,24613,,,,,,,,
2020/3/19,79.91,56.14,,,,,25905,18124,,,,,,79.91,,
2020/3/20,,,,,,,26481,18107,,,,,,,,
2020/3/23,,,,,,,25078,17809,,,,,,,,
2020/3/24,,,,,,,24373,17939,,,,,,,,
2020/3/25,,,,,,,25577,19100,,,,,,,,
2020/3/26,80.83,56.61,,,,,26157,19349,,,,,,80.83,,
2020/3/27,,,,,,,24191,17179,,,,,,,,
2020/3/30,,,,,,,22796,15509,,,,,,,,
2020/3/31,,,660.4,-2,230.5,-1.8,21433,14244,,4550.510867,4422.020362,12.462433,134.961645,,-7.2,-3.6
2020/4/1,,,,,,,20515,13715,,,,,,,,
2020/4/2,81.91,57.37,,,,,20102,13511,,,,,,81.91,,
2020/4/3,,,,,,,18058,12316,,,,,,,,
2020/4/7,,,,,,,20948,14424,,,,,,,,
2020/4/8,,,,,,,22565,14944,,,,,,,,
2020/4/9,82.48,57.77,,,,,24628,15957,,,,,,82.48,,
2020/4/10,,,,,,,23417,14764,,,,,,,,
2020/4/13,,,,,,,24562,14757,,,,,,,,
2020/4/14,,,,,,,23689,13995,,,,,,,,
2020/4/15,,,,,,,28546,17123,,,,,,,,
2020/4/16,77.69,54.57,,,,,37893,16569,,,,,,77.69,,
2020/4/17,,,,,,,33934,17901,,,,,,,,
2020/4/20,,,,,,,34590,22265,,,,,,,,
2020/4/21,,,,,,,27562,17617,,,,,,,,
2020/4/22,,,,,,,24529,16069,,,,,,,,
2020/4/23,77.39,54.37,,,,,26195,18384,,,,,,77.39,,
2020/4/24,,,,,,,23944,16657,,,,,,,,
2020/4/27,,,,,,,24603,18012,,,,,,,,
2020/4/28,,,,,,,21918,16044,,,,,,,,
2020/4/29,,,,,,,22367,16713,,,,,,,,
2020/4/30,77.3,54.31,896.5,-1.6,235.4,-0.9,21917,17090,,75188.54283,8034.919292,-14.277697,-29.67736,77.3,-6.1,-3.2
2020/5/6,,,,,,,23339,18331,,,,,,,,
2020/5/7,,,,,,,26936,21216,,,,,,,,
2020/5/8,73.14,51.39,,,,,30930,25143,,,,,,73.14,,
2020/5/11,,,,,,,42538,36782,,,,,,,,
2020/5/12,,,,,,,43173,37320,,,,,,,,
2020/5/13,,,,,,,47608,41542,,,,,,,,
2020/5/14,69.96,49.15,,,,,49373,43160,,,,,,69.96,,
2020/5/15,,,,,,,48975,43365,,,,,,,,
2020/5/18,,,,,,,50859,45394,,,,,,,,
2020/5/19,,,,,,,50734,46682,,,,,,,,
2020/5/20,,,,,,,52909,48352,,,,,,,,
2020/5/21,69.19,48.61,,,,,52780,47827,,,,,,69.19,,
2020/5/22,,,,,,,50887,45729,,,,,,,,
2020/5/25,,,,,,,58700,53466,,,,,,,,
2020/5/26,,,,,,,69386,63692,,,,,,,,
2020/5/27,,,,,,,68524,62853,,,,,,,,
2020/5/28,66.28,46.56,,,,,69364,63681,,,,,,66.28,,
2020/5/29,,,,,,,69327,63420,,,,,,,,
2020/5/31,,,1118.5,-3.3,216.7,-11,,,,1245.44545,4708.879188,-29.00385,-29.848617,,-5.8,-4.6
2020/6/1,,,,,,,72089,65972,,,,,,,,
2020/6/2,,,,,,,71579,65245,,,,,,,,
2020/6/3,,,,,,,77331,70443,,,,,,,,
2020/6/4,62.85,44.15,,,,,73746,66454,,,,,,62.85,,
2020/6/5,,,,,,,75349,67928,,,,,,,,
2020/6/8,,,,,,,76179,68469,,,,,,,,
2020/6/9,,,,,,,85503,77795,,,,,,,,
2020/6/10,,,,,,,84480,76735,,,,,,,,
2020/6/11,,,,,,,86926,78165,,,,,,,,
2020/6/12,62.1,43.63,,,,,86884,78201,,,,,,62.1,,
2020/6/15,,,,,,,84671,75135,,,,,,,,
2020/6/16,,,,,,,82174,72362,,,,,,,,
2020/6/17,,,,,,,80459,71122,,,,,,,,
2020/6/18,68.99,48.47,,,,,83539,74366,,,,,,68.99,,
2020/6/19,,,,,,,83359,74033,,,,,,,,
2020/6/22,,,,,,,85350,75951,,,,,,,,
2020/6/23,,,,,,,90904,81595,,,,,,,,
2020/6/24,72.26,50.77,,,,,98478,88835,,,,,,72.26,,
2020/6/29,,,,,,,98802,88970,,,,,,,,
2020/6/30,,,1336.2,-3.8,218.1,-6.3,114728,104267,,-84.149803,461.95783,19.647628,43.857333,,-5.1,-1.8
2020/7/1,,,,,,,143366,131469,,,,,,,,
2020/7/2,73.88,51.91,,,,,146798,132989,,,,,,73.88,,
2020/7/3,,,,,,,150439,136119,,,,,,,,
2020/7/6,,,,,,,148649,133618,,,,,,,,
2020/7/7,,,,,,,148537,132320,,,,,,,,
2020/7/8,,,,,,,147612,130400,,,,,,,,
2020/7/9,69.37,48.74,,,,,147212,128600,,,,,,69.37,,
2020/7/10,,,,,,,143380,125166,,,,,,,,
2020/7/13,,,,,,,146722,127433,,,,,,,,
2020/7/14,,,,,,,146139,127141,,,,,,,,
2020/7/15,,,,,,,155317,135329,,,,,,,,
2020/7/16,71.21,50.03,,,,,159636,139668,,,,,,71.21,,
2020/7/17,,,,,,,167218,147726,,,,,,,,
2020/7/20,,,,,,,184272,163018,,,,,,,,
2020/7/21,,,,,,,175389,153568,,,,,,,,
2020/7/22,,,,,,,183200,160126,,,,,,,,
2020/7/23,78.07,54.85,,,,,179592,156365,,,,,,78.07,,
2020/7/24,,,,,,,170165,147568,,,,,,,,
2020/7/27,,,,,,,173130,150622,,,,,,,,
2020/7/28,,,,,,,169572,146118,,,,,,,,
2020/7/29,,,,,,,170253,144201,,,,,,,,
2020/7/30,78.27,55.49,,,,,173027,146441,,,,,,78.27,,
2020/7/31,,,1580.2,-2.9,241.8,1.6,165641,137879,,-99.766793,332.828017,60.080974,27.271127,,-5.5,-1.6
2020/8/3,,,,,,,178736,128611,,,,,,,,
2020/8/4,,,,,,,191898,136050,,,,,,,,
2020/8/5,,,,,,,168852,114919,,,,,,,,
2020/8/6,77.37,54.84,,,,,181750,117891,,,,,,77.37,,
2020/8/7,,,,,,,202201,122089,,,,,,,,
2020/8/10,,,,,,,177928,94969,,,,,,,,
2020/8/11,,,,,,,184617,100505,,,,,,,,
2020/8/12,,,,,,,182959,97038,,,,,,,,
2020/8/13,75.29,54.84,,,,,175386,93238,,,,,,75.29,,
2020/8/14,,,,,,,175820,88112,,,,,,,,
2020/8/17,,,,,,,164482,71709,,,,,,,,
2020/8/18,,,,,,,164538,63900,,,,,,,,
2020/8/19,,,,,,,166574,52656,,,,,,,,
2020/8/20,72.53,51.42,,,,,150597,80958,,,,,,72.53,,
2020/8/21,,,,,,,164367,107024,,,,,,,,
2020/8/24,,,,,,,172558,118041,,,,,,,,
2020/8/25,,,,,,,214067,155645,,,,,,,,
2020/8/26,,,,,,,217200,156257,,,,,,,,
2020/8/27,70.28,49.82,,,,,207098,142464,,,,,,70.28,,
2020/8/28,,,,,,,209978,147295,,,,,,,,
2020/8/31,,,1818.6,-2.7,238.4,-1.4,221934,162613,,-99.950601,115.628121,52.655973,30.074472,,-4,6.6
2020/9/1,,,,,,,260503,199298,,,,,,,,
2020/9/2,,,,,,,289190,222932,,,,,,,,
2020/9/3,70.77,50.17,,,,,286125,220150,,,,,,70.77,,
2020/9/4,,,,,,,253976,193678,,,,,,,,
2020/9/7,,,,,,,264140,204083,,,,,,,,
2020/9/8,,,,,,,248984,196580,,,,,,,,
2020/9/9,,,,,,,230536,177412,,,,,,,,
2020/9/10,67.24,47.67,,,,,234350,180506,,,,,,67.24,,
2020/9/11,,,,,,,266945,209848,,,,,,,,
2020/9/14,,,,,,,243701,192285,,,,,,,,
2020/9/15,,,,,,,237685,187157,,,,,,,,
2020/9/16,,,,,,,211810,164974,,,,,,,,
2020/9/17,72.01,51.05,,,,,208887,163169,,,,,,72.01,,
2020/9/18,,,,,,,205982,161583,,,,,,,,
2020/9/21,,,,,,,195587,152737,,,,,,,,
2020/9/22,,,,,,,214166,167676,,,,,,,,
2020/9/23,,,,,,,219603,172447,,,,,,,,
2020/9/24,76.21,56.38,,,,,220581,171897,,,,,,76.21,,
2020/9/25,,,,,,,211414,162065,,,,,,,,
2020/9/28,,,,,,,205180,155879,,,,,,,,
2020/9/29,,,,,,,173609,132498,,,,,,,,
2020/9/30,77.83,55.17,2032.8,-4.3,219.1,-12.1,143167,108618,,-99.803722,110.318366,-10.20285,-39.641895,77.83,-1.9,13.9
2020/10/9,,,,,,,129167,99910,,,,,,,,
2020/10/12,,,,,,,134927,107079,,,,,,,,
2020/10/13,,,,,,,142628,113375,,,,,,,,
2020/10/14,,,,,,,134851,105664,,,,,,,,
2020/10/15,78.57,55.7,,,,,152792,122705,,,,,,78.57,,
2020/10/16,,,,,,,154840,124059,,,,,,,,
2020/10/19,,,,,,,183137,150836,,,,,,,,
2020/10/20,,,,,,,166069,133614,,,,,,,,
2020/10/21,,,,,,,164900,132703,,,,,,,,
2020/10/22,81.68,57.21,,,,,163497,131714,,,,,,81.68,,
2020/10/23,,,,,,,176290,144318,,,,,,,,
2020/10/26,,,,,,,165196,133759,,,,,,,,
2020/10/27,,,,,,,172228,140656,,,,,,,,
2020/10/28,,,,,,,178818,147640,,,,,,,,
2020/10/29,80.99,56.73,,,,,195487,163958,,,,,,80.99,,
2020/10/30,,,,,,,194979,165684,,,,,,,,
2020/10/31,,,2284.9,-4.1,250.7,-1.9,,,,703.271943,147.128646,-23.28834,-15.057191,,-0.8,9
2020/11/2,,,,,,,171934,143046,,,,,,,,
2020/11/3,,,,,,,184279,153795,,,,,,,,
2020/11/4,,,,,,,193088,160226,,,,,,,,
2020/11/5,78.14,54.73,,,,,199498,166462,,,,,,78.14,,
2020/11/6,,,,,,,192040,155381,,,,,,,,
2020/11/9,,,,,,,217734,181560,,,,,,,,
2020/11/10,,,,,,,219428,182214,,,,,,,,
2020/11/11,,,,,,,246674,208698,,,,,,,,
2020/11/12,76.97,53.91,,,,,258086,220280,,,,,,76.97,,
2020/11/13,,,,,,,251863,216606,,,,,,,,
2020/11/16,,,,,,,265620,228616,,,,,,,,
2020/11/17,,,,,,,256838,217121,,,,,,,,
2020/11/18,,,,,,,262268,219027,,,,,,,,
2020/11/19,77.95,54.6,,,,,259598,215545,,,,,,77.95,,
2020/11/20,,,,,,,292028,244543,,,,,,,,
2020/11/23,,,,,,,308682,258863,,,,,,,,
2020/11/24,,,,,,,323946,270862,,,,,,,,
2020/11/25,,,,,,,353855,297370,,,,,,,,
2020/11/26,80.22,56.19,,,,,356045,298118,,,,,,80.22,,
2020/11/27,,,,,,,333979,271156,,,,,,,,
2020/11/30,,,2503.8,-5.3,245,-6.5,361887,294968,,62.789857,122.986494,-42.637918,-33.506703,,0.5,11.3
2020/12/1,,,,,,,395981,316523,,,,,,,,
2020/12/2,,,,,,,400713,310710,,,,,,,,
2020/12/3,79.25,55.5,,,,,399251,309808,,,,,,79.25,,
2020/12/4,,,,,,,386795,295276,,,,,,,,
2020/12/7,,,,,,,401346,304528,,,,,,,,
2020/12/8,,,,,,,399941,301776,,,,,,,,
2020/12/9,,,,,,,413046,299329,,,,,,,,
2020/12/10,78.52,55,,,,,367327,238401,,,,,,78.52,,
2020/12/11,,,,,,,340923,211001,,,,,,,,
2020/12/14,,,,,,,309580,183161,,,,,,,,
2020/12/15,,,,,,,307849,164039,,,,,,,,
2020/12/16,,,,,,,313729,144004,,,,,,,,
2020/12/17,75.17,52.65,,,,,299043,119987,,,,,,75.17,,
2020/12/18,,,,,,,270653,92943,,,,,,,,
2020/12/21,,,,,,,261409,154014,,,,,,,,
2020/12/22,,,,,,,241965,145775,,,,,,,,
2020/12/23,,,,,,,247721,159107,,,,,,,,
2020/12/24,66.26,46.95,,,,,234748,153827,,,,,,66.26,,
2020/12/25,,,,,,,218296,142231,,,,,,,,
2020/12/28,,,,,,,225052,155199,,,,,,,,
2020/12/29,,,,,,,222107,158982,,,,,,,,
2020/12/30,,,,,,,221854,161163,,,,,,,,
2020/12/31,64.15,45.48,2812.4,-2.9,232.6,-8.7,203710,146448,,-24.518389,90.588147,-24.847358,60.459735,64.15,0.3,3.2
2021/1/4,,,,,,,232316,175758,,,,,,,,
2021/1/5,,,,,,,230676,176301,,,,,,,,
2021/1/6,,,,,,,269274,210459,,,,,,,,
2021/1/7,69.54,49.38,,,,,275888,212951,,,,,,69.54,,
2021/1/8,,,,,,,268530,207560,,,,,,,,
2021/1/11,,,,,,,254422,200965,,,,,,,,
2021/1/12,,,,,,,215649,168567,,,,,,,,
2021/1/13,,,,,,,253212,203248,,,,,,,,
2021/1/14,72.66,51.6,,,,,235082,184047,,,,,,72.66,,
2021/1/15,,,,,,,240636,189980,,,,,,,,
2021/1/18,,,,,,,232079,179372,,,,,,,,
2021/1/19,,,,,,,222130,169153,,,,,,,,
2021/1/20,,,,,,,244719,190121,,,,,,,,
2021/1/21,74.89,53.19,,,,,234528,179100,,,,,,74.89,,
2021/1/22,,,,,,,240896,186020,,,,,,,,
2021/1/25,,,,,,,234244,177269,,,,,,,,
2021/1/26,,,,,,,235495,177929,,,,,,,,
2021/1/27,,,,,,,233157,175753,,,,,,,,
2021/1/28,74.42,52.56,,,,,254115,194993,,,,,,74.42,,
2021/1/29,,,,,,,253162,192350,,,,,,,,
2021/1/31,,,,,,,,,,-80.776973,-80.776973,-12.395699,-18.47059,,,
2021/2/1,,,,,,,239197,181081,,,,,,,,
2021/2/2,,,,,,,243037,183088,,,,,,,,
2021/2/3,,,,,,,289811,225743,,,,,,,,
2021/2/4,77.77,54.92,,,,,264091,198208,,,,,,77.77,,
2021/2/5,,,,,,,252865,185306,,,,,,,,
2021/2/8,,,,,,,265685,198042,,,,,,,,
2021/2/9,,,,,,,224535,160540,,,,,,,,
2021/2/10,80.82,,,,,,208215,149675,,,,,,80.82,,
2021/2/18,,,,,,,233481,173175,,,,,,,,
2021/2/19,,,,,,,265370,203728,,,,,,,,
2021/2/22,,,,,,,305990,236481,,,,,,,,
2021/2/23,,,,,,,295328,223086,,,,,,,,
2021/2/24,,,,,,,310575,232740,,,,,,,,
2021/2/25,82.82,58.48,,,,,305422,217560,,,,,,82.82,,
2021/2/26,,,,,,,286842,203859,,,,,,,,
2021/2/28,,,467.1,9.1,,,,,,-71.650224,-78.481727,-4.528374,-22.451834,,14.8,
2021/3/1,,,,,,,341878,235743,,,,,,,,
2021/3/2,,,,,,,349339,246654,,,,,,,,
2021/3/3,,,,,,,369035,260520,,,,,,,,
2021/3/4,82.86,58.51,,,,,378726,262718,,,,,,82.86,,
2021/3/5,,,,,,,364881,234993,,,,,,,,
2021/3/8,,,,,,,503138,339022,,,,,,,,
2021/3/9,,,,,,,531377,338114,,,,,,,,
2021/3/10,,,,,,,603242,391665,,,,,,,,
2021/3/11,81.35,57.45,,,,,536234,343179,,,,,,81.35,,
2021/3/12,,,,,,,520368,327234,,,,,,,,
2021/3/15,,,,,,,560424,347615,,,,,,,,
2021/3/16,,,,,,,529628,313262,,,,,,,,
2021/3/17,,,,,,,620775,383200,,,,,,,,
2021/3/18,82.5,58.5,,,,,613597,368473,,,,,,82.5,,
2021/3/19,,,,,,,561794,327782,,,,,,,,
2021/3/22,,,,,,,570456,327349,,,,,,,,
2021/3/23,,,,,,,553303,305694,,,,,,,,
2021/3/24,,,,,,,545426,284785,,,,,,,,
2021/3/25,84.35,59.82,,,,,532218,278061,,,,,,84.35,,
2021/3/26,,,,,,,494567,260038,,,,,,,,
2021/3/29,,,,,,,497427,266469,,,,,,,,
2021/3/30,,,,,,,444989,214530,,,,,,,,
2021/3/31,,,721.1,2.6,254,4.1,459614,231260,,-86.31058,-81.170259,-42.728601,40.948495,,13.7,11.3
2021/4/1,82.23,58.43,,,,,448470,210133,,,,,,82.23,,
2021/4/2,,,,,,,455077,215423,,,,,,,,
2021/4/6,,,,,,,446383,194351,,,,,,,,
2021/4/7,,,,,,,492435,203117,,,,,,,,
2021/4/8,83.63,59.3,,,,,461006,162985,,,,,,83.63,,
2021/4/9,,,,,,,449004,275217,,,,,,,,
2021/4/12,,,,,,,427491,283910,,,,,,,,
2021/4/13,,,,,,,400836,276808,,,,,,,,
2021/4/14,,,,,,,415725,297720,,,,,,,,
2021/4/15,82.55,58.54,,,,,427919,318803,,,,,,82.55,,
2021/4/16,,,,,,,432024,330577,,,,,,,,
2021/4/19,,,,,,,449576,356635,,,,,,,,
2021/4/20,,,,,,,437169,348289,,,,,,,,
2021/4/21,,,,,,,427178,342816,,,,,,,,
2021/4/22,84.52,59.94,,,,,435713,353036,,,,,,84.52,,
2021/4/23,,,,,,,438878,358292,,,,,,,,
2021/4/26,,,,,,,425741,347925,,,,,,,,
2021/4/27,,,,,,,444021,367472,,,,,,,,
2021/4/28,,,,,,,438211,362415,,,,,,,,
2021/4/29,84.4,59.85,,,,,421942,350018,,,,,,84.4,,
2021/4/30,,,997.6,5.3,257.3,3.9,406606,333104,,-97.223984,-88.755675,-28.335578,-12.004396,,12.2,7
2021/5/6,,,,,,,426729,346380,,,,,,,,
2021/5/7,,,,,,,425454,338393,,,,,,,,
2021/5/8,83.98,59.59,,,,,,,,,,,,83.98,,
2021/5/10,,,,,,,430575,339472,,,,,,,,
2021/5/11,,,,,,,420025,325630,,,,,,,,
2021/5/12,,,,,,,436158,339133,,,,,,,,
2021/5/13,79.91,56.36,,,,,422407,326370,,,,,,79.91,,
2021/5/14,,,,,,,446130,348650,,,,,,,,
2021/5/17,,,,,,,570204,464273,,,,,,,,
2021/5/18,,,,,,,534406,426777,,,,,,,,
2021/5/19,,,,,,,550775,444161,,,,,,,,
2021/5/20,81.23,57.29,,,,,538631,436733,,,,,,81.23,,
2021/5/21,,,,,,,551205,439276,,,,,,,,
2021/5/24,,,,,,,537319,422467,,,,,,,,
2021/5/25,,,,,,,526261,400946,,,,,,,,
2021/5/26,,,,,,,530481,392943,,,,,,,,
2021/5/27,80.49,56.77,,,,,540117,399399,,,,,,80.49,,
2021/5/28,,,,,,,537819,388461,,,,,,,,
2021/5/31,,,1235.1,4.4,247.9,8.2,529008,381466,,-92.773917,-89.306419,-26.85137,-28.395745,,11.9,11.2
2021/6/1,,,,,,,547352,399371,,,,,,,,
2021/6/2,,,,,,,550915,406493,,,,,,,,
2021/6/3,79.33,56.29,,,,,532100,393659,,,,,,79.33,,
2021/6/4,,,,,,,504020,373963,,,,,,,,
2021/6/7,,,,,,,491195,359711,,,,,,,,
2021/6/8,,,,,,,531771,391819,,,,,,,,
2021/6/9,,,,,,,520887,382900,,,,,,,,
2021/6/10,78.64,55.8,,,,,564871,427243,,,,,,78.64,,
2021/6/11,,,,,,,519690,383463,,,,,,,,
2021/6/15,,,,,,,537456,399462,,,,,,,,
2021/6/16,,,,,,,530200,387481,,,,,,,,
2021/6/17,78.6,55.77,,,,,531932,385558,,,,,,78.6,,
2021/6/18,,,,,,,510793,370044,,,,,,,,
2021/6/21,,,,,,,491350,349674,,,,,,,,
2021/6/22,,,,,,,509050,365399,,,,,,,,
2021/6/23,,,,,,,513251,367717,,,,,,,,
2021/6/24,78.16,55.46,,,,,510621,359565,,,,,,78.16,,
2021/6/25,,,,,,,535056,368881,,,,,,,,
2021/6/28,,,,,,,517442,352207,,,,,,,,
2021/6/29,,,,,,,521715,352343,,,,,,,,
2021/6/30,,,1483.3,5.6,248.1,12,528666,349137,,935.22232,-63.701746,-38.715852,20.524119,,11,6.7
2021/7/1,78.99,56.05,,,,,542618,355520,,,,,,78.99,,
2021/7/2,,,,,,,550382,346865,,,,,,,,
2021/7/5,,,,,,,561930,345969,,,,,,,,
2021/7/6,,,,,,,599018,364772,,,,,,,,
2021/7/7,,,,,,,559375,329279,,,,,,,,
2021/7/8,75.19,53.35,,,,,535049,308875,,,,,,75.19,,
2021/7/9,,,,,,,515471,291971,,,,,,,,
2021/7/12,,,,,,,526730,299507,,,,,,,,
2021/7/13,,,,,,,528435,294995,,,,,,,,
2021/7/14,,,,,,,522518,296291,,,,,,,,
2021/7/15,68.19,48.38,,,,,516044,285478,,,,,,68.19,,
2021/7/16,,,,,,,547292,313923,,,,,,,,
2021/7/19,,,,,,,516998,283966,,,,,,,,
2021/7/20,,,,,,,502063,268962,,,,,,,,
2021/7/21,,,,,,,564985,309250,,,,,,,,
2021/7/22,71.56,50.78,,,,,561095,301759,,,,,,71.56,,
2021/7/23,,,,,,,540947,283280,,,,,,,,
2021/7/26,,,,,,,531204,266649,,,,,,,,
2021/7/27,,,,,,,526969,237372,,,,,,,,
2021/7/28,,,,,,,530739,221391,,,,,,,,
2021/7/29,77.04,54.67,,,,,531323,197044,,,,,,77.04,,
2021/7/30,,,,,,,532909,291462,,,,,,,,
2021/7/31,,,1707.5,2.8,223.1,-7.9,,,,179486.6137,-41.462729,-72.61195,-43.122193,,10.1,5.2
2021/8/2,,,,,,,513017,294281,,,,,,,,
2021/8/3,,,,,,,513854,314943,,,,,,,,
2021/8/4,,,,,,,508565,317296,,,,,,,,
2021/8/5,77.14,54.73,,,,,518650,330608,,,,,,77.14,,
2021/8/6,,,,,,,563040,374892,,,,,,,,
2021/8/9,,,,,,,558421,374152,,,,,,,,
2021/8/10,,,,,,,562240,380697,,,,,,,,
2021/8/11,,,,,,,561993,382787,,,,,,,,
2021/8/12,71.67,51,,,,,548523,383212,,,,,,71.67,,
2021/8/13,,,,,,,596502,435072,,,,,,,,
2021/8/16,,,,,,,613455,454141,,,,,,,,
2021/8/17,,,,,,,594186,441866,,,,,,,,
2021/8/18,,,,,,,585337,431590,,,,,,,,
2021/8/19,77.67,55.28,,,,,570241,420334,,,,,,77.67,,
2021/8/20,,,,,,,590466,439117,,,,,,,,
2021/8/23,,,,,,,561077,410616,,,,,,,,
2021/8/24,,,,,,,550154,401660,,,,,,,,
2021/8/25,,,,,,,545289,403158,,,,,,,,
2021/8/26,77.58,55.21,,,,,544856,413076,,,,,,77.58,,
2021/8/27,,,,,,,551063,411414,,,,,,,,
2021/8/30,,,,,,,531419,392608,,,,,,,,
2021/8/31,,,1950.2,2.9,242.7,3.9,523675,392016,,23681.19705,-38.735178,-79.697258,-3.575884,,8.7,-1.1
2021/9/1,,,,,,,528816,393599,,,,,,,,
2021/9/2,77.27,54.99,,,,,514311,382585,,,,,,77.27,,
2021/9/3,,,,,,,517932,382916,,,,,,,,
2021/9/6,,,,,,,521462,381994,,,,,,,,
2021/9/7,,,,,,,569650,421265,,,,,,,,
2021/9/8,,,,,,,601236,448107,,,,,,,,
2021/9/9,76.39,54.36,,,,,591649,442294,,,,,,76.39,,
2021/9/10,,,,,,,582976,433720,,,,,,,,
2021/9/13,,,,,,,578307,429077,,,,,,,,
2021/9/14,,,,,,,536652,393275,,,,,,,,
2021/9/15,,,,,,,548061,403098,,,,,,,,
2021/9/16,79.33,56.46,,,,,568540,419020,,,,,,79.33,,
2021/9/17,,,,,,,506091,366713,,,,,,,,
2021/9/22,,,,,,,524945,389430,,,,,,,,
2021/9/23,72.55,51.63,,,,,518564,379532,,,,,,72.55,,
2021/9/24,,,,,,,491269,358898,,,,,,,,
2021/9/27,,,,,,,535611,397115,,,,,,,,
2021/9/28,,,,,,,483346,354632,,,,,,,,
2021/9/29,,,,,,,486484,361373,,,,,,,,
2021/9/30,72.86,51.85,2181.5,3.1,232.4,2.5,444581,325542,,457471.5223,-28.211707,-54.158713,36.281746,72.86,7.6,-1.4
2021/10/8,,,,,,,428656,304757,,,,,,,,
2021/10/11,,,,,,,445094,316384,,,,,,,,
2021/10/12,,,,,,,427736,292034,,,,,,,,
2021/10/13,,,,,,,433657,290003,,,,,,,,
2021/10/14,73.99,52.66,,,,,432515,284559,,,,,,73.99,,
2021/10/15,,,,,,,426833,284274,,,,,,,,
2021/10/18,,,,,,,422636,282135,,,,,,,,
2021/10/19,,,,,,,399859,264807,,,,,,,,
2021/10/20,,,,,,,418516,287845,,,,,,,,
2021/10/21,75.44,53.69,,,,,419605,281355,,,,,,75.44,,
2021/10/22,,,,,,,406169,269894,,,,,,,,
2021/10/25,,,,,,,330935,203035,,,,,,,,
2021/10/26,,,,,,,305096,189528,,,,,,,,
2021/10/27,,,,,,,327398,216009,,,,,,,,
2021/10/28,76.53,54.46,,,,,340609,236708,,,,,,76.53,,
2021/10/29,,,,,,,338599,236154,,,,,,,,
2021/10/31,,,2423.33287,2.2,242.14442,-4.6,,,,-1.459495,-22.813524,-53.741812,-14.284683,,6.6,-2.2
2021/11/1,,,,,,,441641,328263,,,,,,,,
2021/11/2,,,,,,,423699,314486,,,,,,,,
2021/11/3,,,,,,,502361,375719,,,,,,,,
2021/11/4,75.86,53.99,,,,,472432,352229,,,,,,75.86,,
2021/11/5,,,,,,,482048,354477,,,,,,,,
2021/11/8,,,,,,,513551,381167,,,,,,,,
2021/11/9,,,,,,,484704,351657,,,,,,,,
2021/11/10,,,,,,,486295,353573,,,,,,,,
2021/11/11,79.13,56.31,,,,,497642,352913,,,,,,79.13,,
2021/11/12,,,,,,,468547,335160,,,,,,,,
2021/11/15,,,,,,,479430,352825,,,,,,,,
2021/11/16,,,,,,,453018,326773,,,,,,,,
2021/11/17,,,,,,,480937,350271,,,,,,,,
2021/11/18,75.35,53.62,,,,,472079,329525,,,,,,75.35,,
2021/11/19,,,,,,,505487,356377,,,,,,,,
2021/11/22,,,,,,,468408,315922,,,,,,,,
2021/11/23,,,,,,,435673,283741,,,,,,,,
2021/11/24,,,,,,,435147,259059,,,,,,,,
2021/11/25,75.09,53.44,,,,,443675,263075,,,,,,75.09,,
2021/11/26,,,,,,,437279,249722,,,,,,,,
2021/11/29,,,,,,,438177,234062,,,,,,,,
2021/11/30,,,2666.4,3.2,247.6,1.4,421641,216715,,-73.211269,-33.345467,-5.31277,36.107062,,5.3,-4.5
2021/12/1,,,,,,,458789,208297,,,,,,,,
2021/12/2,81.91,58.29,,,,,436001,221890,,,,,,81.91,,
2021/12/3,,,,,,,414433,226611,,,,,,,,
2021/12/6,,,,,,,418728,241433,,,,,,,,
2021/12/7,,,,,,,464507,305588,,,,,,,,
2021/12/8,,,,,,,470356,331475,,,,,,,,
2021/12/9,83.19,59.2,,,,,507395,389469,,,,,,83.19,,
2021/12/10,,,,,,,493396,390385,,,,,,,,
2021/12/13,,,,,,,482215,390558,,,,,,,,
2021/12/14,,,,,,,431054,352968,,,,,,,,
2021/12/15,,,,,,,468021,393142,,,,,,,,
2021/12/16,82.54,58.74,,,,,416205,349188,,,,,,82.54,,
2021/12/17,,,,,,,421112,357562,,,,,,,,
2021/12/20,,,,,,,411750,353672,,,,,,,,
2021/12/21,,,,,,,394410,341350,,,,,,,,
2021/12/22,,,,,,,403148,353803,,,,,,,,
2021/12/23,79.65,56.68,,,,,409934,359103,,,,,,79.65,,
2021/12/24,,,,,,,447067,396662,,,,,,,,
2021/12/27,,,,,,,423730,373635,,,,,,,,
2021/12/28,,,,,,,415425,366401,,,,,,,,
2021/12/29,,,,,,,435041,386090,,,,,,,,
2021/12/30,78.99,52.86,,,,,466693,416667,,,,,,78.99,,
2021/12/31,,,2913.3,3.4,246.9,6,509168,458972,,-33.222248,-33.334748,-48.493264,-12.715187,,5,1.1
2022/1/4,,,,,,,477198,419323,,,,,,,,
2022/1/5,,,,,,,454358,392877,,,,,,,,
2022/1/6,82.38,55.14,,,,,445925,375321,,,,,,82.38,,
2022/1/7,,,,,,,442632,365808,,,,,,,,
2022/1/10,,,,,,,470436,381333,,,,,,,,
2022/1/11,,,,,,,532886,423407,,,,,,,,
2022/1/12,,,,,,,516880,397053,,,,,,,,
2022/1/13,82.81,55.42,,,,,569302,440698,,,,,,82.81,,
2022/1/14,,,,,,,577718,440895,,,,,,,,
2022/1/17,,,,,,,567353,425761,,,,,,,,
2022/1/18,,,,,,,555911,405968,,,,,,,,
2022/1/19,,,,,,,619849,451917,,,,,,,,
2022/1/20,82.06,54.92,,,,,604265,425337,,,,,,82.06,,
2022/1/21,,,,,,,707111,515217,,,,,,,,
2022/1/24,,,,,,,625282,429829,,,,,,,,
2022/1/25,,,,,,,649360,452251,,,,,,,,
2022/1/26,,,,,,,681810,478501,,,,,,,,
2022/1/27,83.24,55.71,,,,,651282,444911,,,,,,83.24,,
2022/1/28,,,,,,,583165,385914,,,,,,,,
2022/1/31,,,,,,,,,,55.079577,55.079577,-5.132851,50.164102,,,
2022/2/7,,,,,,,591270,392188,,,,,,,,
2022/2/8,,,,,,,627624,424263,,,,,,,,
2022/2/9,,,,,,,652928,446759,,,,,,,,
2022/2/10,83.52,55.9,,,,,794990,566788,,,,,,83.52,,
2022/2/11,,,,,,,760470,540516,,,,,,,,
2022/2/14,,,,,,,767571,538977,,,,,,,,
2022/2/15,,,,,,,737744,514267,,,,,,,,
2022/2/16,,,,,,,728954,494928,,,,,,,,
2022/2/17,84.99,55.8,,,,,723780,489390,,,,,,84.99,,
2022/2/18,,,,,,,698110,451614,,,,,,,,
2022/2/21,,,,,,,765463,509685,,,,,,,,
2022/2/22,,,,,,,752233,490629,,,,,,,,
2022/2/23,,,,,,,736647,470864,,,,,,,,
2022/2/24,84.77,55.65,,,,,768964,502544,,,,,,84.77,,
2022/2/25,,,,,,,738570,477566,,,,,,,,
2022/2/28,,,467.2,0.3,,,745746,492211,,1184.544659,429.300572,25.97031,2.973122,,-7.3,
2022/3/1,,,,,,,719811,461135,,,,,,,,
2022/3/2,,,,,,,729600,458183,,,,,,,,
2022/3/3,87.77,57.62,,,,,677887,404458,,,,,,87.77,,
2022/3/4,,,,,,,657244,375897,,,,,,,,
2022/3/7,,,,,,,707910,404979,,,,,,,,
2022/3/8,,,,,,,716173,425175,,,,,,,,
2022/3/9,,,,,,,728166,425442,,,,,,,,
2022/3/10,88.46,58.07,,,,,673594,382640,,,,,,88.46,,
2022/3/11,,,,,,,662428,362923,,,,,,,,
2022/3/14,,,,,,,677378,373422,,,,,,,,
2022/3/15,,,,,,,683472,353180,,,,,,,,
2022/3/16,,,,,,,716806,369113,,,,,,,,
2022/3/17,89.75,58.92,,,,,712870,358201,,,,,,89.75,,
2022/3/18,,,,,,,710091,339450,,,,,,,,
2022/3/21,,,,,,,749930,360400,,,,,,,,
2022/3/22,,,,,,,711718,318696,,,,,,,,
2022/3/23,,,,,,,745113,316507,,,,,,,,
2022/3/24,86.42,57.29,,,,,744164,285064,,,,,,86.42,,
2022/3/25,,,,,,,734500,240323,,,,,,,,
2022/3/28,,,,,,,713603,330974,,,,,,,,
2022/3/29,,,,,,,776197,401682,,,,,,,,
2022/3/30,,,,,,,807536,448293,,,,,,,,
2022/3/31,85.64,56.77,711.1,-1.5,243.9,-4.2,790322,446940,,65.656875,338.511452,52.941077,71.126153,85.64,-3.5,4.5
2022/4/1,,,,,,,915629,584642,,,,,,,,
2022/4/6,,,,,,,847220,528312,,,,,,,,
2022/4/7,86.45,57.3,,,,,881677,575040,,,,,,86.45,,
2022/4/8,,,,,,,862684,557101,,,,,,,,
2022/4/11,,,,,,,900537,601610,,,,,,,,
2022/4/12,,,,,,,1007589,710699,,,,,,,,
2022/4/13,,,,,,,946613,658636,,,,,,,,
2022/4/14,88.01,58.34,,,,,993886,702827,,,,,,88.01,,
2022/4/15,,,,,,,918800,636405,,,,,,,,
2022/4/18,,,,,,,955997,675904,,,,,,,,
2022/4/19,,,,,,,872110,598812,,,,,,,,
2022/4/20,,,,,,,866412,593385,,,,,,,,
2022/4/21,88.78,58.85,,,,,842414,572194,,,,,,88.78,,
2022/4/22,,,,,,,869293,602175,,,,,,,,
2022/4/25,,,,,,,821064,556816,,,,,,,,
2022/4/26,,,,,,,831681,564689,,,,,,,,
2022/4/27,,,,,,,838148,575633,,,,,,,,
2022/4/28,89.35,59.23,,,,,828869,576132,,,,,,89.35,,
2022/4/29,,,,,,,760694,531863,,,,,,,,
2022/4/30,,,959,-2.7,247.9,-3.5,,,,38.228251,303.482821,82.491341,4.997532,,-1.5,4.6
2022/5/5,,,,,,,843557,607661,,,,,,,,
2022/5/6,,,,,,,837324,601290,,,,,,,,
2022/5/9,,,,,,,896473,648437,,,,,,,,
2022/5/10,,,,,,,887040,632528,,,,,,,,
2022/5/11,,,,,,,855820,595254,,,,,,,,
2022/5/12,85.43,56.63,,,,,886922,613375,,,,,,85.43,,
2022/5/13,,,,,,,818162,546646,,,,,,,,
2022/5/16,,,,,,,854841,578037,,,,,,,,
2022/5/17,,,,,,,827353,544646,,,,,,,,
2022/5/18,,,,,,,863790,579644,,,,,,,,
2022/5/19,86.93,57.62,,,,,965794,674024,,,,,,86.93,,
2022/5/20,,,,,,,939980,649437,,,,,,,,
2022/5/23,,,,,,,907561,616124,,,,,,,,
2022/5/24,,,,,,,871100,581900,,,,,,,,
2022/5/25,,,,,,,966357,667975,,,,,,,,
2022/5/26,90.06,59.7,,,,,984804,688566,,,,,,90.06,,
2022/5/27,,,,,,,960229,661813,,,,,,,,
2022/5/30,,,,,,,925882,623015,,,,,,,,
2022/5/31,,,1211.3,-1.8,253.2,2.2,937660,633047,,223.45676,296.071002,227.668316,28.567446,,-0.5,5.4
2022/6/1,,,,,,,910805,607549,,,,,,,,
2022/6/2,88.66,58.77,,,,,939077,638531,,,,,,88.66,,
2022/6/6,,,,,,,957770,658283,,,,,,,,
2022/6/7,,,,,,,925610,625967,,,,,,,,
2022/6/8,,,,,,,931193,628208,,,,,,,,
2022/6/9,91.79,60.36,,,,,953900,647144,,,,,,91.79,,
2022/6/10,,,,,,,945451,631959,,,,,,,,
2022/6/13,,,,,,,914552,599910,,,,,,,,
2022/6/14,,,,,,,985591,658725,,,,,,,,
2022/6/15,,,,,,,919466,595067,,,,,,,,
2022/6/16,90.08,59.23,,,,,934013,601967,,,,,,90.08,,
2022/6/17,,,,,,,971599,643760,,,,,,,,
2022/6/20,,,,,,,968946,632870,,,,,,,,
2022/6/21,,,,,,,999248,653443,,,,,,,,
2022/6/22,,,,,,,979570,624201,,,,,,,,
2022/6/23,89.66,56.98,,,,,1008301,646178,,,,,,89.66,,
2022/6/24,,,,,,,970760,605824,,,,,,,,
2022/6/27,,,,,,,980184,619715,,,,,,,,
2022/6/28,,,,,,,950256,585586,,,,,,,,
2022/6/29,,,,,,,1008461,645022,,,,,,,,
2022/6/30,85.28,56.08,1466.89881,-1,249.29807,0.5,935396,569013,,-87.773226,22.482403,159.638468,-4.49886,85.28,2.3,7.4
2022/7/1,,,,,,,967076,609639,,,,,,,,
2022/7/4,,,,,,,894712,519074,,,,,,,,
2022/7/5,,,,,,,934826,538960,,,,,,,,
2022/7/6,,,,,,,929827,544793,,,,,,,,
2022/7/7,80.87,53.18,,,,,920981,524080,,,,,,80.87,,
2022/7/8,,,,,,,974241,546609,,,,,,,,
2022/7/11,,,,,,,1010023,577914,,,,,,,,
2022/7/12,,,,,,,979214,543931,,,,,,,,
2022/7/13,,,,,,,1002292,572028,,,,,,,,
2022/7/14,79.64,52.37,,,,,936449,508273,,,,,,79.64,,
2022/7/15,,,,,,,940077,509666,,,,,,,,
2022/7/18,,,,,,,943217,511756,,,,,,,,
2022/7/19,,,,,,,952007,520142,,,,,,,,
2022/7/20,,,,,,,927542,498202,,,,,,,,
2022/7/21,81.91,53.86,,,,,910506,479283,,,,,,81.91,,
2022/7/22,,,,,,,950331,484717,,,,,,,,
2022/7/25,,,,,,,892389,435617,,,,,,,,
2022/7/26,,,,,,,886746,421773,,,,,,,,
2022/7/27,,,,,,,879319,408775,,,,,,,,
2022/7/28,76.53,50.32,,,,,876580,411348,,,,,,76.53,,
2022/7/29,,,,,,,878673,402565,,,,,,,,
2022/7/31,,,1692.39372,-0.8,225.15599,1,,,,-83.450836,-17.771052,413.807517,12.557453,,3.1,8.8
2022/8/1,,,,,,,808964,334735,,,,,,,,
2022/8/2,,,,,,,756965,280741,,,,,,,,
2022/8/3,,,,,,,775211,262221,,,,,,,,
2022/8/4,73.48,48.32,,,,,797164,318389,,,,,,73.48,,
2022/8/5,,,,,,,808043,365276,,,,,,,,
2022/8/8,,,,,,,767763,355535,,,,,,,,
2022/8/9,,,,,,,746260,355916,,,,,,,,
2022/8/10,,,,,,,767449,391652,,,,,,,,
2022/8/11,78.78,51.8,,,,,756485,394025,,,,,,78.78,,
2022/8/12,,,,,,,734562,385573,,,,,,,,
2022/8/15,,,,,,,746740,404975,,,,,,,,
2022/8/16,,,,,,,745034,406003,,,,,,,,
2022/8/17,,,,,,,794137,451872,,,,,,,,
2022/8/18,72.05,47.38,,,,,792936,452615,,,,,,72.05,,
2022/8/19,,,,,,,829953,489353,,,,,,,,
2022/8/22,,,,,,,824395,488867,,,,,,,,
2022/8/23,,,,,,,804289,474688,,,,,,,,
2022/8/24,,,,,,,782267,462706,,,,,,,,
2022/8/25,70.23,46.18,,,,,792008,480643,,,,,,70.23,,
2022/8/26,,,,,,,809789,503389,,,,,,,,
2022/8/29,,,,,,,799918,492126,,,,,,,,
2022/8/30,,,,,,,796399,492649,,,,,,,,
2022/8/31,,,1908.2,-2.1,215.8,-11,803020,507791,,-32.560148,-18.431097,402.133645,-5.76667,,4,10.1
2022/9/1,,,,,,,806386,512850,,,,,,,,
2022/9/2,,,,,,,812265,508121,,,,,,,,
2022/9/5,,,,,,,798212,493228,,,,,,,,
2022/9/6,,,,,,,865839,548924,,,,,,,,
2022/9/7,,,,,,,879964,554338,,,,,,,,
2022/9/8,77.64,51.05,,,,,868064,543137,,,,,,77.64,,
2022/9/9,,,,,,,824054,497758,,,,,,,,
2022/9/13,,,,,,,828912,502885,,,,,,,,
2022/9/14,,,,,,,842708,515241,,,,,,,,
2022/9/15,82.35,54.15,,,,,849472,523371,,,,,,82.35,,
2022/9/16,,,,,,,878250,547264,,,,,,,,
2022/9/19,,,,,,,858857,526452,,,,,,,,
2022/9/20,,,,,,,857451,526197,,,,,,,,
2022/9/21,,,,,,,830811,495476,,,,,,,,
2022/9/22,83.05,54.61,,,,,962768,627540,,,,,,83.05,,
2022/9/23,,,,,,,932172,604816,,,,,,,,
2022/9/26,,,,,,,892198,569377,,,,,,,,
2022/9/27,,,,,,,909943,585009,,,,,,,,
2022/9/28,,,,,,,877908,559279,,,,,,,,
2022/9/29,83.71,55.04,,,,,832097,531037,,,,,,83.71,,
2022/9/30,,,2144.4,-1.6,236.2,1.8,771142,479275,,-78.243142,-27.20014,270.499894,0.555645,,4.4,7.5
2022/10/10,,,,,,,788706,493115,,,,,,,,
2022/10/11,,,,,,,813304,519263,,,,,,,,
2022/10/12,,,,,,,826887,532858,,,,,,,,
2022/10/13,89.94,59.71,,,,,825559,525213,,,,,,89.94,,
2022/10/14,,,,,,,835359,527413,,,,,,,,
2022/10/17,,,,,,,850419,533760,,,,,,,,
2022/10/18,,,,,,,832333,505684,,,,,,,,
2022/10/19,,,,,,,837092,503541,,,,,,,,
2022/10/20,87.33,57.98,,,,,833067,494329,,,,,,87.33,,
2022/10/21,,,,,,,832123,494033,,,,,,,,
2022/10/24,,,,,,,854084,514916,,,,,,,,
2022/10/25,,,,,,,861200,513264,,,,,,,,
2022/10/26,,,,,,,838620,487187,,,,,,,,
2022/10/27,82.29,59.28,,,,,826081,470216,,,,,,82.29,,
2022/10/28,,,,,,,846104,482264,,,,,,,,
2022/10/31,,,2395.4,-1.2,251.5,3.9,874064,505472,,-92.278928,-43.96504,380.968891,11.27237,,5.1,12.8
2022/11/1,,,,,,,819385,470558,,,,,,,,
2022/11/2,,,,,,,811275,457697,,,,,,,,
2022/11/3,88.67,58.87,,,,,847579,487272,,,,,,88.67,,
2022/11/4,,,,,,,865298,492648,,,,,,,,
2022/11/7,,,,,,,852961,470754,,,,,,,,
2022/11/8,,,,,,,930255,531581,,,,,,,,
2022/11/9,,,,,,,939238,530089,,,,,,,,
2022/11/10,91.55,60.79,,,,,985192,561697,,,,,,91.55,,
2022/11/11,,,,,,,970067,530745,,,,,,,,
2022/11/14,,,,,,,952873,499989,,,,,,,,
2022/11/15,,,,,,,964155,499939,,,,,,,,
2022/11/16,,,,,,,1036762,546949,,,,,,,,
2022/11/17,89.32,59.3,,,,,1099052,588766,,,,,,89.32,,
2022/11/18,,,,,,,1124562,606603,,,,,,,,
2022/11/21,,,,,,,1176857,633864,,,,,,,,
2022/11/22,,,,,,,1199599,625498,,,,,,,,
2022/11/23,,,,,,,1240394,647899,,,,,,,,
2022/11/24,90.05,59.79,,,,,1323820,677442,,,,,,90.05,,
2022/11/25,,,,,,,1315222,659673,,,,,,,,
2022/11/28,,,,,,,1315331,614900,,,,,,,,
2022/11/29,,,,,,,1305151,553532,,,,,,,,
2022/11/30,,,2662.5,-0.1,267.5,8.8,1285424,513788,,-93.247381,-48.10419,212.551458,-11.552573,,5.8,12.3
2022/12/1,91.53,61.16,,,,,1295200,482300,,,,,,91.53,,
2022/12/2,,,,,,,1296230,417568,,,,,,,,
2022/12/5,,,,,,,1259380,601046,,,,,,,,
2022/12/6,,,,,,,1252405,608835,,,,,,,,
2022/12/7,,,,,,,1263257,631350,,,,,,,,
2022/12/8,90.67,60.58,,,,,1250141,641528,,,,,,90.67,,
2022/12/9,,,,,,,1254272,671400,,,,,,,,
2022/12/12,,,,,,,1264341,688326,,,,,,,,
2022/12/13,,,,,,,1279060,710852,,,,,,,,
2022/12/14,,,,,,,1277789,718148,,,,,,,,
2022/12/15,90.87,60.71,,,,,1321525,778570,,,,,,90.87,,
2022/12/16,,,,,,,1313909,791194,,,,,,,,
2022/12/19,,,,,,,1236148,725577,,,,,,,,
2022/12/20,,,,,,,1248751,746741,,,,,,,,
2022/12/21,,,,,,,1245537,749033,,,,,,,,
2022/12/22,89.78,59.99,,,,,1223853,739806,,,,,,89.78,,
2022/12/23,,,,,,,1179519,717093,,,,,,,,
2022/12/26,,,,,,,1165808,710255,,,,,,,,
2022/12/27,,,,,,,1171103,724564,,,,,,,,
2022/12/28,,,,,,,1164625,725410,,,,,,,,
2022/12/29,91.46,61.11,,,,,1114452,694941,,,,,,91.46,,
2022/12/30,,,,,,,1066602,679233,,,,,,,,
2022/12/31,,,2920.2,0.3,257.7,4.4,,,,-93.785867,-52.084675,248.452406,-2.689293,,5.6,4.4
2023/1/3,,,,,,,1131888,743632,,,,,,,,
2023/1/4,,,,,,,1175845,773584,,,,,,,,
2023/1/5,92.29,61.67,,,,,1227783,810280,,,,,,92.29,,
2023/1/6,,,,,,,1305314,877428,,,,,,,,
2023/1/9,,,,,,,1273272,837268,,,,,,,,
2023/1/10,,,,,,,1313444,842495,,,,,,,,
2023/1/11,,,,,,,1410811,923643,,,,,,,,
2023/1/12,91.14,60.9,,,,,1455858,962717,,,,,,91.14,,
2023/1/13,,,,,,,1422450,930705,,,,,,,,
2023/1/16,,,,,,,1334369,849955,,,,,,,,
2023/1/17,,,,,,,1320367,834564,,,,,,,,
2023/1/18,,,,,,,1298796,813458,,,,,,,,
2023/1/19,90.4,60.4,,,,,1286325,814975,,,,,,90.4,,
2023/1/20,,,,,,,1233633,770865,,,,,,,,
2023/1/30,,,,,,,1260996,794542,,,,,,,,
2023/1/31,,,,,,,1306919,831152,,-86.413896,-86.413896,89.862257,-18.179657,,,
2023/2/1,,,,,,,1329544,856656,,,,,,,,
2023/2/2,91.72,61.29,,,,,1326401,838507,,,,,,91.72,,
2023/2/3,,,,,,,1339321,843668,,,,,,,,
2023/2/6,,,,,,,1299708,790823,,,,,,,,
2023/2/7,,,,,,,1274872,772786,,,,,,,,
2023/2/8,,,,,,,1315527,809225,,,,,,,,
2023/2/9,92.07,61.52,,,,,1287830,767562,,,,,,92.07,,
2023/2/10,,,,,,,1314128,761383,,,,,,,,
2023/2/13,,,,,,,1329484,769179,,,,,,,,
2023/2/14,,,,,,,1360197,794675,,,,,,,,
2023/2/15,,,,,,,1330987,752228,,,,,,,,
2023/2/16,91.04,60.83,,,,,1330243,742797,,,,,,91.04,,
2023/2/17,,,,,,,1340162,744404,,,,,,,,
2023/2/20,,,,,,,1305779,705816,,,,,,,,
2023/2/21,,,,,,,1380318,771360,,,,,,,,
2023/2/22,,,,,,,1396225,762058,,,,,,,,
2023/2/23,90.71,60.61,,,,,1361186,705823,,,,,,90.71,,
2023/2/24,,,,,,,1306010,650662,,,,,,,,
2023/2/27,,,,,,,1296266,644464,,,,,,,,
2023/2/28,,,502.86225,7.6,,,1326728,665641,,-99.888682,-97.248775,56.727131,-14.997945,,10.4,
2023/3/1,,,,,,,1373002,682765,,,,,,,,
2023/3/2,93.32,62.36,,,,,1425576,705133,,,,,,93.32,,
2023/3/3,,,,,,,1434358,698726,,,,,,,,
2023/3/6,,,,,,,1379885,638633,,,,,,,,
2023/3/7,,,,,,,1401986,643357,,,,,,,,
2023/3/8,,,,,,,1401362,632602,,,,,,,,
2023/3/9,93.28,62.33,,,,,1401775,621194,,,,,,93.28,,
2023/3/10,,,,,,,1368144,588521,,,,,,,,
2023/3/13,,,,,,,1398556,589966,,,,,,,,
2023/3/14,,,,,,,1367776,572162,,,,,,,,
2023/3/15,,,,,,,1393459,583547,,,,,,,,
2023/3/16,90.09,62.2,,,,,1395503,564125,,,,,,90.09,,
2023/3/17,,,,,,,1408882,544528,,,,,,,,
2023/3/20,,,,,,,1416301,523555,,,,,,,,
2023/3/21,,,,,,,1418011,516509,,,,,,,,
2023/3/22,,,,,,,1408432,498943,,,,,,,,
2023/3/23,92.42,61.75,,,,,1394242,471558,,,,,,92.42,,
2023/3/24,,,,,,,1419498,432391,,,,,,,,
2023/3/27,,,,,,,1454342,622296,,,,,,,,
2023/3/28,,,,,,,1446761,634433,,,,,,,,
2023/3/29,,,,,,,1435821,658672,,,,,,,,
2023/3/30,93.78,62.66,,,,,1417121,650280,,,,,,93.78,,
2023/3/31,,,769.74029,8.2,267.19254,9.6,1389303,642033,,542.090808,-36.948699,12.937165,23.313064,,6.3,-0.5
2023/4/3,,,,,,,1408197,669805,,,,,,,,
2023/4/4,,,,,,,1404504,676079,,,,,,,,
2023/4/6,91.57,61.18,,,,,1450945,730529,,,,,,91.57,,
2023/4/7,,,,,,,1442369,721824,,,,,,,,
2023/4/10,,,,,,,1479566,754293,,,,,,,,
2023/4/11,,,,,,,1491895,778395,,,,,,,,
2023/4/12,,,,,,,1505261,797167,,,,,,,,
2023/4/13,90.73,60.63,,,,,1538002,810687,,,,,,90.73,,
2023/4/14,,,,,,,1516843,788437,,,,,,,,
2023/4/17,,,,,,,1533773,795304,,,,,,,,
2023/4/18,,,,,,,1533006,791897,,,,,,,,
2023/4/19,,,,,,,1598032,848377,,,,,,,,
2023/4/20,92.94,62.1,,,,,1618399,884898,,,,,,92.94,,
2023/4/21,,,,,,,1563538,845046,,,,,,,,
2023/4/24,,,,,,,1592596,855559,,,,,,,,
2023/4/25,,,,,,,1586436,860643,,,,,,,,
2023/4/26,,,,,,,1531427,811698,,,,,,,,
2023/4/27,94.36,63.05,,,,,1506388,806287,,,,,,94.36,,
2023/4/28,,,,,,,1497793,797037,,,,,,,,
2023/4/30,,,1054.2,10.8,263.7,6.5,,,,949.676165,2.480317,17.067674,8.837661,,4,-0.6
2023/5/4,93.54,62.5,,,,,1558062,844383,,,,,,93.54,,
2023/5/5,,,,,,,1579763,858747,,,,,,,,
2023/5/8,,,,,,,1626151,886851,,,,,,,,
2023/5/9,,,,,,,1716512,944387,,,,,,,,
2023/5/10,,,,,,,1788983,975209,,,,,,,,
2023/5/11,91.19,60.93,,,,,1879884,1033394,,,,,,91.19,,
2023/5/12,,,,,,,1948600,1076176,,,,,,,,
2023/5/15,,,,,,,1993479,1060265,,,,,,,,
2023/5/16,,,,,,,2022491,1071027,,,,,,,,
2023/5/17,,,,,,,2120197,1146757,,,,,,,,
2023/5/18,87.33,58.73,,,,,2148998,1157457,,,,,,87.33,,
2023/5/19,,,,,,,2168665,1153634,,,,,,,,
2023/5/22,,,,,,,2462101,1311473,,,,,,,,
2023/5/23,,,,,,,2545957,1311785,,,,,,,,
2023/5/24,,,,,,,2651402,1325663,,,,,,,,
2023/5/25,89.22,59.99,,,,,2647877,1317045,,,,,,89.22,,
2023/5/26,,,,,,,2648735,1314678,,,,,,,,
2023/5/29,,,,,,,2584891,1219253,,,,,,,,
2023/5/30,,,,,,,2637407,1163037,,,,,,,,
2023/5/31,,,1313.9,7,263.1,1.6,2639573,1135793,,1519.458005,117.220553,-13.928978,-5.474064,,2.3,-4.7
2023/6/1,90.14,60.62,,,,,2631321,1104553,,,,,,90.14,,
2023/6/2,,,,,,,2609026,1125026,,,,,,,,
2023/6/5,,,,,,,2663043,1129130,,,,,,,,
2023/6/6,,,,,,,2591021,1082651,,,,,,,,
2023/6/7,,,,,,,2651344,1104068,,,,,,,,
2023/6/8,89.6,60.25,,,,,2751140,1141775,,,,,,89.6,,
2023/6/9,,,,,,,2727923,1098366,,,,,,,,
2023/6/12,,,,,,,2907864,1213395,,,,,,,,
2023/6/13,,,,,,,2867685,1176862,,,,,,,,
2023/6/14,,,,,,,2849170,1166696,,,,,,,,
2023/6/15,90.05,60.55,,,,,2862944,1157976,,,,,,90.05,,
2023/6/16,,,,,,,2852682,1161185,,,,,,,,
2023/6/19,,,,,,,2871697,1134062,,,,,,,,
2023/6/20,,,,,,,2881419,1135980,,,,,,,,
2023/6/21,,,,,,,2861482,1055568,,,,,,,,
2023/6/22,91.34,61.03,,,,,,,,,,,,91.34,,
2023/6/26,,,,,,,2948823,1070991,,,,,,,,
2023/6/27,,,,,,,2954052,1069216,,,,,,,,
2023/6/28,,,,,,,3194509,1221629,,,,,,,,
2023/6/29,90.3,60.34,,,,,3081129,1142914,,,,,,90.3,,
2023/6/30,,,1580.7,6.4,266.8,3.5,2986409,1111394,,217.849867,124.380432,-12.384722,-2.785412,,1.5,-2.3
2023/7/3,,,,,,,2991515,1106262,,,,,,,,
2023/7/4,,,,,,,3032500,1130495,,,,,,,,
2023/7/5,,,,,,,3035828,1140364,,,,,,,,
2023/7/6,83.84,56.02,,,,,3061640,1148047,,,,,,83.84,,
2023/7/7,,,,,,,3103786,1139657,,,,,,,,
2023/7/10,,,,,,,3207866,1204803,,,,,,,,
2023/7/11,,,,,,,3137811,1153749,,,,,,,,
2023/7/12,,,,,,,2958689,1061367,,,,,,,,
2023/7/13,84.62,56.54,,,,,2844341,996907,,,,,,84.62,,
2023/7/14,,,,,,,2855649,963162,,,,,,,,
2023/7/17,,,,,,,2860482,915646,,,,,,,,
2023/7/18,,,,,,,2880770,918378,,,,,,,,
2023/7/19,,,,,,,2916301,956960,,,,,,,,
2023/7/20,85.13,56.88,,,,,2865461,925091,,,,,,85.13,,
2023/7/21,,,,,,,2852117,915651,,,,,,,,
2023/7/24,,,,,,,3040065,937232,,,,,,,,
2023/7/25,,,,,,,3021273,899094,,,,,,,,
2023/7/26,,,,,,,2911463,874419,,,,,,,,
2023/7/27,81.9,54.72,,,,,2621202,763628,,,,,,81.9,,
2023/7/28,,,,,,,2685606,660149,,,,,,,,
2023/7/31,,,1831.4,6.6,251.3,8.7,2711725,623546,,-80.358001,108.722961,-25.940925,-4.857908,,0.9,-2.2
2023/8/1,,,,,,,2638363,572888,,,,,,,,
2023/8/2,,,,,,,2819729,548680,,,,,,,,
2023/8/3,79.42,54.1,,,,,2948303,492399,,,,,,79.42,,
2023/8/4,,,,,,,3096239,1138013,,,,,,,,
2023/8/7,,,,,,,3243138,1269900,,,,,,,,
2023/8/8,,,,,,,3233383,1278919,,,,,,,,
2023/8/9,,,,,,,3212092,1276129,,,,,,,,
2023/8/10,78.3,54.81,,,,,3177628,1265661,,,,,,78.3,,
2023/8/11,,,,,,,3078591,1242914,,,,,,,,
2023/8/14,,,,,,,3116638,1268814,,,,,,,,
2023/8/15,,,,,,,3202433,1316207,,,,,,,,
2023/8/16,,,,,,,3178132,1300628,,,,,,,,
2023/8/17,79.93,55.95,,,,,2960242,1182004,,,,,,79.93,,
2023/8/18,,,,,,,2690593,1130529,,,,,,,,
2023/8/21,,,,,,,2536286,1005584,,,,,,,,
2023/8/22,,,,,,,2367470,970591,,,,,,,,
2023/8/23,,,,,,,2177910,947910,,,,,,,,
2023/8/24,81.44,57.01,,,,,2241532,982240,,,,,,81.44,,
2023/8/25,,,,,,,2251041,994881,,,,,,,,
2023/8/28,,,,,,,2183508,965547,,,,,,,,
2023/8/29,,,,,,,2016593,962160,,,,,,,,
2023/8/30,,,,,,,1770764,907693,,,,,,,,
2023/8/31,81.32,56.92,2083.9,7.6,249.3,14,1732724,890316,,-99.00284,101.057922,-45.382582,-30.504382,81.32,0.6,-0.8
2023/9/1,,,,,,,1638215,837047,,,,,,,,
2023/9/4,,,,,,,1564787,805230,,,,,,,,
2023/9/5,,,,,,,1603153,808999,,,,,,,,
2023/9/6,,,,,,,1654174,853563,,,,,,,,
2023/9/7,78.5,55.28,,,,,1697099,881714,,,,,,78.5,,
2023/9/8,,,,,,,1750095,922556,,,,,,,,
2023/9/11,,,,,,,1754905,951055,,,,,,,,
2023/9/12,,,,,,,1772517,978984,,,,,,,,
2023/9/13,,,,,,,1754431,989085,,,,,,,,
2023/9/14,83.61,61.54,,,,,1758220,997985,,,,,,83.61,,
2023/9/15,,,,,,,1680949,946553,,,,,,,,
2023/9/18,,,,,,,1657442,935897,,,,,,,,
2023/9/19,,,,,,,1586100,894800,,,,,,,,
2023/9/20,,,,,,,1564983,881374,,,,,,,,
2023/9/21,82.32,64.09,,,,,1530405,857476,,,,,,82.32,,
2023/9/22,,,,,,,1518549,859964,,,,,,,,
2023/9/25,,,,,,,1489440,835723,,,,,,,,
2023/9/26,,,,,,,1486277,835040,,,,,,,,
2023/9/27,,,,,,,1497288,842274,,,,,,,,
2023/9/28,86.14,67.06,,,,,1462955,820169,,,,,,86.14,,
2023/9/30,,,2356.2,8.3,272.3,13.9,,,,3295.469339,241.023102,-71.713064,-47.921174,,0.8,1.6
2023/10/9,,,,,,,1495457,852497,,,,,,,,
2023/10/10,,,,,,,1518940,885091,,,,,,,,
2023/10/11,,,,,,,1553879,911439,,,,,,,,
2023/10/12,88.78,69.11,,,,,1548633,916394,,,,,,88.78,,
2023/10/13,,,,,,,1553679,923712,,,,,,,,
2023/10/16,,,,,,,1576383,940765,,,,,,,,
2023/10/17,,,,,,,1602037,963496,,,,,,,,
2023/10/18,,,,,,,1617971,979401,,,,,,,,
2023/10/19,90.02,70.08,,,,,1590600,969042,,,,,,90.02,,
2023/10/20,,,,,,,1578190,958448,,,,,,,,
2023/10/23,,,,,,,1543839,935196,,,,,,,,
2023/10/24,,,,,,,1556488,943570,,,,,,,,
2023/10/25,,,,,,,1558382,948390,,,,,,,,
2023/10/26,88.65,69.01,,,,,1618995,1002368,,,,,,88.65,,
2023/10/27,,,,,,,1567235,959293,,,,,,,,
2023/10/30,,,,,,,1537390,936580,,,,,,,,
2023/10/31,,,2665.7,9.7,309.5,21.4,1570470,966805,,3807.580459,367.621813,-74.074714,1.982344,,0.9,1.3
2023/11/1,,,,,,,1555333,951872,,,,,,,,
2023/11/2,87.14,67.83,,,,,1539865,936007,,,,,,87.14,,
2023/11/3,,,,,,,1531925,928238,,,,,,,,
2023/11/6,,,,,,,1469105,865339,,,,,,,,
2023/11/7,,,,,,,1381765,802996,,,,,,,,
2023/11/8,,,,,,,1319928,770616,,,,,,,,
2023/11/9,85.34,66.43,,,,,1317073,783861,,,,,,85.34,,
2023/11/10,,,,,,,1258041,785785,,,,,,,,
2023/11/13,,,,,,,1076631,643401,,,,,,,,
2023/11/14,,,,,,,1056943,628728,,,,,,,,
2023/11/15,,,,,,,1065734,624212,,,,,,,,
2023/11/16,84.68,65.92,,,,,1058285,613410,,,,,,84.68,,
2023/11/17,,,,,,,1030564,602724,,,,,,,,
2023/11/20,,,,,,,1140839,714974,,,,,,,,
2023/11/21,,,,,,,1089934,681260,,,,,,,,
2023/11/22,,,,,,,1183158,759002,,,,,,,,
2023/11/23,88.83,69.15,,,,,1179618,762827,,,,,,88.83,,
2023/11/24,,,,,,,1141248,722081,,,,,,,,
2023/11/27,,,,,,,1162928,707524,,,,,,,,
2023/11/28,,,,,,,1001969,573129,,,,,,,,
2023/11/29,,,,,,,1056126,612206,,,,,,,,
2023/11/30,84.73,65.96,2957.5,9.5,291.8,7.6,1090049,619904,,7807.79768,448.931626,-65.226739,18.633425,84.73,1.1,4.4
2023/12/1,,,,,,,1078189,576162,,,,,,,,
2023/12/4,,,,,,,1041965,518578,,,,,,,,
2023/12/5,,,,,,,987357,447073,,,,,,,,
2023/12/6,,,,,,,943490,383557,,,,,,,,
2023/12/7,85.04,66.21,,,,,915461,442225,,,,,,85.04,,
2023/12/8,,,,,,,912287,488067,,,,,,,,
2023/12/11,,,,,,,876962,499627,,,,,,,,
2023/12/12,,,,,,,880781,514393,,,,,,,,
2023/12/13,,,,,,,823413,473263,,,,,,,,
2023/12/14,84.36,65.68,,,,,823188,476507,,,,,,84.36,,
2023/12/15,,,,,,,800855,475940,,,,,,,,
2023/12/18,,,,,,,776336,468457,,,,,,,,
2023/12/19,,,,,,,775631,490506,,,,,,,,
2023/12/20,,,,,,,758536,481473,,,,,,,,
2023/12/21,83.11,64.7,,,,,726231,467200,,,,,,83.11,,
2023/12/22,,,,,,,719974,466961,,,,,,,,
2023/12/25,,,,,,,700310,457605,,,,,,,,
2023/12/26,,,,,,,683884,461253,,,,,,,,
2023/12/27,,,,,,,698656,477115,,,,,,,,
2023/12/28,83.54,65.04,,,,,681327,468558,,,,,,83.54,,
2023/12/29,,,,,,,641323,449616,,,,,,,,
2023/12/31,,,3262.374,10.1,300.44328,14.2,,,,5008.614673,500.458617,-55.006225,25.912148,,1.4,5.1
2024/1/2,,,,,,,669884,475649,,,,,,,,
2024/1/3,,,,,,,675485,481576,,,,,,,,
2024/1/4,85.19,66.32,,,,,700418,501091,,,,,,85.19,,
2024/1/5,,,,,,,694548,491667,,,,,,,,
2024/1/8,,,,,,,681728,479660,,,,,,,,
2024/1/9,,,,,,,691356,484141,,,,,,,,
2024/1/10,,,,,,,732444,505088,,,,,,,,
2024/1/11,88.79,69.12,,,,,749832,512361,,,,,,88.79,,
2024/1/12,,,,,,,758634,521147,,,,,,,,
2024/1/15,,,,,,,759411,523807,,,,,,,,
2024/1/16,,,,,,,691455,467617,,,,,,,,
2024/1/17,,,,,,,714167,490278,,,,,,,,
2024/1/18,89.62,69.77,,,,,702974,483595,,,,,,89.62,,
2024/1/19,,,,,,,715187,495137,,,,,,,,
2024/1/22,,,,,,,697451,457908,,,,,,,,
2024/1/23,,,,,,,648640,436256,,,,,,,,
2024/1/24,,,,,,,676747,467034,,,,,,,,
2024/1/25,87.04,67.76,,,,,695879,484409,,,,,,87.04,,
2024/1/26,,,,,,,697926,473887,,,,,,,,
2024/1/29,,,,,,,726867,504713,,,,,,,,
2024/1/30,,,,,,,694792,474801,,,,,,,,
2024/1/31,,,,,,,690152,471307,,7485.931064,7485.931064,-57.349433,-22.440737,,,
2024/2/1,88.29,68.73,,,,,705308,478406,,,,,,88.29,,
2024/2/2,,,,,,,687554,464938,,,,,,,,
2024/2/5,,,,,,,689430,466370,,,,,,,,
2024/2/6,,,,,,,683145,460886,,,,,,,,
2024/2/7,,,,,,,649891,436420,,,,,,,,
2024/2/8,88.6,70.85,,,,,595061,391158,,,,,,88.6,,
2024/2/19,,,,,,,659058,430170,,,,,,,,
2024/2/20,,,,,,,713495,464142,,,,,,,,
2024/2/21,,,,,,,733344,474379,,,,,,,,
2024/2/22,89.82,71.83,,,,,738488,480794,,,,,,89.82,,
2024/2/23,,,,,,,772488,506960,,,,,,,,
2024/2/26,,,,,,,832368,546588,,,,,,,,
2024/2/27,,,,,,,881437,580391,,,,,,,,
2024/2/28,,,,,,,917673,603080,,,,,,,,
2024/2/29,90.52,74.31,617.49954,18.6,,,907427,586334,,297690.8355,16927.50539,-60.874831,-22.024019,90.52,3.8,
2024/3/1,,,,,,,915292,588799,,,,,,,,
2024/3/4,,,,,,,921589,576994,,,,,,,,
2024/3/5,,,,,,,921146,556379,,,,,,,,
2024/3/6,,,,,,,942415,551727,,,,,,,,
2024/3/7,91.01,74.71,,,,,926655,524076,,,,,,91.01,,
2024/3/8,,,,,,,933182,520769,,,,,,,,
2024/3/11,,,,,,,963559,516629,,,,,,,,
2024/3/12,,,,,,,1008788,535642,,,,,,,,
2024/3/13,,,,,,,1022592,526787,,,,,,,,
2024/3/14,89.3,73.31,,,,,1016785,498303,,,,,,89.3,,
2024/3/15,,,,,,,1043613,505847,,,,,,,,
2024/3/18,,,,,,,1036259,479566,,,,,,,,
2024/3/19,,,,,,,1029284,458002,,,,,,,,
2024/3/20,,,,,,,1061653,463957,,,,,,,,
2024/3/21,89.22,73.24,,,,,1072758,450628,,,,,,89.22,,
2024/3/22,,,,,,,1062126,433056,,,,,,,,
2024/3/25,,,,,,,1130942,565991,,,,,,,,
2024/3/26,,,,,,,1137129,596431,,,,,,,,
2024/3/27,,,,,,,1170660,649142,,,,,,,,
2024/3/28,89.41,73.4,,,,,1161743,656796,,,,,,89.41,,
2024/3/29,,,,,,,1148348,659474,,,,,,,,
2024/3/31,,,940.3,18.7,322.9,17.4,,,,372.929468,1027.153763,-38.746457,93.056343,,2.8,0.5
2024/4/1,,,,,,,1122056,645848,,,,,,,,
2024/4/2,,,,,,,1118252,650401,,,,,,,,
2024/4/3,,,,,,,1064387,625775,,,,,,,,
2024/4/7,85.05,69.82,,,,,,,,,,,,85.05,,
2024/4/8,,,,,,,1073174,659675,,,,,,,,
2024/4/9,,,,,,,1074878,677197,,,,,,,,
2024/4/10,,,,,,,1078508,707377,,,,,,,,
2024/4/11,84.71,70.62,,,,,1093763,722580,,,,,,84.71,,
2024/4/12,,,,,,,1093985,733203,,,,,,,,
2024/4/15,,,,,,,1096090,740072,,,,,,,,
2024/4/16,,,,,,,1079785,729307,,,,,,,,
2024/4/17,,,,,,,1079388,740195,,,,,,,,
2024/4/18,85.61,71.37,,,,,1090109,763384,,,,,,85.61,,
2024/4/19,,,,,,,1065240,748266,,,,,,,,
2024/4/22,,,,,,,1099243,794376,,,,,,,,
2024/4/23,,,,,,,1067433,778706,,,,,,,,
2024/4/24,,,,,,,1104285,814856,,,,,,,,
2024/4/25,87.61,73.04,,,,,1166335,879715,,,,,,87.61,,
2024/4/26,,,,,,,1169105,883514,,,,,,,,
2024/4/29,,,,,,,1109906,831188,,,,,,,,
2024/4/30,,,,,,,993143,727270,,,,,,,,
2024/5/6,,,,,,,1044837,778826,,,,,,,,
2024/5/7,,,,,,,1070359,796070,,,,,,,,
2024/5/8,,,,,,,1072214,794282,,,,,,,,
