指标名称,中国:固定资产投资完成额:累计同比,中国:固定资产投资完成额:制造业:累计同比,中国:规模以上工业增加值:金属制品业:累计同比,中国:规模以上工业增加值:金属制品业:当月同比,中国:规模以上工业增加值:通用设备制造业:当月同比,中国:规模以上工业增加值:通用设备制造业:累计同比,中国:规模以上工业增加值:专用设备制造业:当月同比,中国:规模以上工业增加值:专用设备制造业:累计同比,中国:产量:工业锅炉:当月同比,中国:产量:工业锅炉:累计同比,中国:产量:金属切削机床:累计同比,中国:产量:金属切削机床:当月同比,中国:产量:汽车:当月同比,中国:产量:汽车:累计同比,中国:PPI:全部工业品:当月同比,中国:PPI:全部工业品:累计同比
1989-02,,,,,,,,,,0.70 ,2.00 ,,,8.00 ,,
1989-03,,,,,,,,,,-1.50 ,4.50 ,,,8.30 ,,
1989-04,,,,,,,,,,-0.40 ,8.20 ,,,6.60 ,,
1989-05,,,,,,,,,,0.70 ,7.70 ,,,5.00 ,,
1989-06,,,,,,,,,,-1.20 ,4.00 ,,,2.10 ,,
1989-07,,,,,,,,,,-3.20 ,4.00 ,,,0.80 ,,
1989-08,,,,,,,,,,-6.60 ,3.20 ,,,-0.70 ,,
1989-09,,,,,,,,,,-9.50 ,1.00 ,,,-3.80 ,,
1989-10,,,,,,,,,,-11.70 ,-3.80 ,,,-6.50 ,,
1989-11,,,,,,,,,,-13.60 ,-5.20 ,,,-8.70 ,,
1989-12,,,,,,,,,,-13.80 ,-7.10 ,,,-11.30 ,,
1990-01,,,,,,,,,,-42.50 ,-43.40 ,,,-44.70 ,,
1990-02,,,,,,,,,,-36.60 ,-36.00 ,,,-35.40 ,,
1990-03,,,,,,,,,,-41.00 ,-37.10 ,,,-34.10 ,,
1990-04,,,,,,,,,,-39.50 ,-39.70 ,,,-29.20 ,,
1990-05,,,,,,,,,,-42.50 ,-39.40 ,,,-25.50 ,,
1990-06,,,,,,,,,,-39.40 ,-37.20 ,,,-21.90 ,,
1990-07,,,,,,,,,,-35.80 ,-37.30 ,,,-22.00 ,,
1990-08,,,,,,,,,,-32.60 ,-37.30 ,,,-21.40 ,,
1990-09,,,,,,,,,,-30.60 ,-35.50 ,,,-18.90 ,,
1990-10,,,,,,,,,,-30.10 ,-33.10 ,,,-16.50 ,,
1990-11,,,,,,,,,,-29.60 ,-31.90 ,,,-14.80 ,,
1990-12,,,,,,,,,,-30.20 ,-28.70 ,,,-11.30 ,,
1991-01,,,,,,,,,,6.40 ,24.70 ,,,61.70 ,,
1991-02,,,,,,,,,,-13.60 ,11.70 ,,,39.80 ,,
1991-03,,,,,,,,,,-6.40 ,15.20 ,,,42.80 ,,
1991-04,,,,,,,,,,-3.20 ,19.90 ,,,39.90 ,,
1991-05,,,,,,,,,,4.50 ,21.90 ,,,37.50 ,,
1991-06,,,,,,,,,,5.20 ,20.90 ,,,37.00 ,,
1991-07,,,,,,,,,,7.50 ,23.00 ,,,39.80 ,,
1991-08,,,,,,,,,,6.80 ,26.00 ,,,41.00 ,,
1991-09,,,,,,,,,,9.00 ,28.30 ,,,40.90 ,,
1991-10,,,,,,,,,,12.40 ,28.60 ,,,41.20 ,,
1991-11,,,,,,,,,,13.70 ,30.50 ,,,41.90 ,,
1991-12,,,,,,,,,,13.79 ,30.00 ,,,40.76 ,,
1992-01,,,,,,,,,,24.90 ,38.60 ,,,59.90 ,,
1992-02,56.70 ,,,,,,,,,39.00 ,53.00 ,,,62.10 ,,
1992-03,,,,,,,,,,42.30 ,41.10 ,,,54.70 ,,
1992-04,,,,,,,,,,42.00 ,38.30 ,,,51.00 ,,
1992-05,,,,,,,,,,37.40 ,40.40 ,,,49.60 ,,
1992-06,31.00 ,,,,,,,,,35.90 ,40.30 ,,,48.30 ,,
1992-07,32.00 ,,,,,,,,,33.50 ,39.70 ,,,48.30 ,,
1992-08,33.00 ,,,,,,,,,34.90 ,39.50 ,,,48.10 ,,
1992-09,33.00 ,,,,,,,,,34.40 ,36.90 ,,,49.60 ,,
1992-10,33.60 ,,,,,,,,,33.80 ,38.60 ,,,50.60 ,,
1992-11,33.90 ,,,,,,,,,34.00 ,40.50 ,,,50.80 ,,
1992-12,36.80 ,,,,,,,,,33.10 ,40.30 ,,,51.80 ,,
1993-01,,,,,,,,,,-0.60 ,20.00 ,,,25.70 ,,
1993-02,64.10 ,,,,,,,,,30.30 ,33.60 ,,,45.20 ,,
1993-03,63.70 ,,,,,,,,,21.61 ,48.72 ,,,47.10 ,,
1993-04,62.50 ,,,,,,,,,22.30 ,52.50 ,,,47.50 ,,
1993-05,64.20 ,,,,,,,,,21.60 ,49.70 ,,,46.20 ,,
1993-06,63.60 ,,,,,,,,,16.90 ,47.30 ,,,44.20 ,,
1993-07,63.90 ,,,,,,,,,15.50 ,44.60 ,,,40.70 ,,
1993-08,61.60 ,,,,,,,,,14.30 ,43.60 ,,,35.80 ,,
1993-09,59.60 ,,,,,,,,,11.80 ,38.50 ,,,29.10 ,,
1993-10,58.20 ,,,,,,,,,8.00 ,33.40 ,,,23.80 ,,
1993-11,57.30 ,,,,,,,,,6.60 ,27.00 ,,,21.30 ,,
1993-12,65.50 ,,,,,,,,,4.60 ,23.70 ,,,21.10 ,,
1994-01,,,,,,,,,,6.70 ,-11.30 ,,,16.40 ,,
1994-02,39.30 ,,,,,,,,,-20.21 ,-25.68 ,,,-2.72 ,,
1994-03,30.90 ,,,,,,,,,-19.83 ,-27.50 ,,,-0.60 ,,
1994-04,35.40 ,,,,,,,,,-22.64 ,-27.80 ,,,1.08 ,,
1994-05,31.50 ,,,,,,,,,-24.10 ,-28.78 ,,,3.55 ,,
1994-06,36.60 ,,,,,,,,,-18.19 ,-28.06 ,,,3.87 ,,
1994-07,43.40 ,,,,,,,,,-18.78 ,-27.76 ,,,3.57 ,,
1994-08,41.80 ,,,,,,,,,-19.12 ,-30.53 ,,,3.98 ,,
1994-09,41.80 ,,,,,,,,,-18.80 ,-29.83 ,,,5.50 ,,
1994-10,38.40 ,,,,,,,,,-17.77 ,-29.43 ,,,7.73 ,,
1994-11,36.10 ,,,,,,,,,-17.02 ,-28.05 ,,,8.26 ,,
1994-12,32.80 ,,,,,,,,,-15.70 ,-26.74 ,,,7.05 ,,
1995-01,,,,,,,,,,0.37 ,-19.46 ,,-4.20 ,-4.22 ,,
1995-02,31.30 ,,,,,,,,,-10.33 ,-15.64 ,,13.80 ,3.74 ,,
1995-03,37.20 ,,,,,,,,,-10.17 ,-13.36 ,,16.40 ,8.18 ,,
1995-04,31.50 ,,,,,,,,,3.33 ,-12.58 ,,12.90 ,9.66 ,,
1995-05,28.10 ,,,,,,,,,10.79 ,-7.43 ,,2.20 ,7.93 ,,
1995-06,25.50 ,,,,,,,,,2.13 ,-6.49 ,,-5.20 ,5.51 ,,
1995-07,14.00 ,,,,,,,,,1.60 ,-6.12 ,,2.60 ,5.05 ,,
1995-08,16.80 ,,,,,,,,,1.50 ,-4.94 ,,5.00 ,5.06 ,,
1995-09,17.60 ,,,,,,,,,0.80 ,-4.50 ,,5.70 ,5.15 ,,
1995-10,18.00 ,,,,,,,,,1.90 ,-4.35 ,,9.00 ,4.75 ,,
1995-11,17.50 ,,,,,,,,,3.01 ,-5.85 ,,14.80 ,5.70 ,,
1995-12,21.60 ,,,,,,,,,6.21 ,-5.74 ,,25.80 ,7.19 ,,
1996-01,,,,,,,,,,-14.14 ,-7.50 ,,18.60 ,18.61 ,,
1996-02,7.00 ,,,,,,,,,19.03 ,-0.86 ,,10.20 ,14.98 ,,
1996-03,16.20 ,,,,,,,,,32.20 ,-12.44 ,,-2.10 ,7.59 ,,
1996-04,16.30 ,,,,,,,,,0.67 ,-9.30 ,,-3.30 ,4.14 ,,
1996-05,16.50 ,,,,,,,,,-6.64 ,-12.18 ,,3.30 ,4.19 ,,
1996-06,18.60 ,,,,,,,,,-2.75 ,-13.25 ,,1.40 ,3.74 ,,
1996-07,20.90 ,,,,,,,,,-1.37 ,-15.28 ,,-4.80 ,2.48 ,,
1996-08,20.20 ,,,,,,,,,-1.86 ,-12.40 ,,-1.30 ,2.06 ,,
1996-09,19.30 ,,,,,,,,,-1.70 ,-16.48 ,,8.40 ,2.75 ,,
1996-10,18.60 ,,,,,,,,,-2.84 ,-16.37 ,,13.40 ,3.64 ,0.34 ,
1996-11,19.20 ,,,,,,,,,-3.33 ,-17.84 ,,-1.20 ,3.02 ,0.04 ,
1996-12,12.30 ,,,,,,,,,-1.79 ,-16.43 ,,-1.20 ,2.63 ,0.43 ,
1997-01,,,,,,,,,2.21 ,2.21 ,-13.01 ,-13.01 ,5.70 ,5.41 ,0.12 ,
1997-02,18.10 ,,,,,,,,-21.45 ,-4.99 ,-18.45 ,-18.02 ,-0.50 ,3.83 ,0.44 ,
1997-03,13.90 ,,,,,,,,5.50 ,-0.14 ,-3.59 ,4.20 ,14.40 ,4.69 ,0.47 ,
1997-04,15.00 ,,,,,,,,7.25 ,4.00 ,-10.69 ,-19.38 ,10.60 ,8.97 ,0.06 ,
1997-05,14.00 ,,,,,,,,-3.24 ,1.76 ,-9.37 ,-10.84 ,-0.40 ,6.75 ,0.07 ,
1997-06,13.80 ,,,,,,,,5.85 ,2.67 ,-9.07 ,-6.49 ,8.50 ,7.04 ,-0.37 ,
1997-07,10.50 ,,,,,,,,13.16 ,3.27 ,-5.11 ,21.85 ,13.50 ,7.70 ,-0.65 ,
1997-08,10.80 ,,,,,,,,21.71 ,5.95 ,-3.86 ,0.77 ,4.20 ,7.41 ,-0.89 ,
1997-09,11.20 ,,,,,,,,22.36 ,7.88 ,-1.37 ,21.70 ,4.30 ,7.30 ,-0.95 ,
1997-10,12.10 ,,,,,,,,28.72 ,10.50 ,-2.10 ,-5.13 ,3.90 ,6.89 ,-0.92 ,
1997-11,12.30 ,,,,,,,,1.04 ,9.45 ,-2.77 ,-4.24 ,8.90 ,6.78 ,-0.61 ,
1997-12,9.30 ,,,,,,,,-30.49 ,5.58 ,-2.88 ,-6.67 ,9.50 ,6.90 ,-0.92 ,
1998-01,,,,,,,,,-21.70 ,-21.70 ,-18.44 ,-18.44 ,-20.10 ,-20.10 ,-1.32 ,
1998-02,10.20 ,,,,,,,,9.27 ,-7.10 ,2.75 ,20.65 ,9.20 ,-6.90 ,-2.65 ,
1998-03,10.30 ,,,,,,,,0.99 ,-1.96 ,-1.89 ,-1.88 ,2.40 ,-3.20 ,-3.20 ,
1998-04,12.20 ,,,,,,,,-24.21 ,-11.59 ,-4.59 ,-13.52 ,3.90 ,-1.10 ,-3.69 ,
1998-05,12.70 ,,,,,,,,-14.14 ,-11.19 ,-3.39 ,-0.69 ,8.50 ,1.00 ,-4.47 ,
1998-06,13.80 ,,,,,,,,-18.85 ,-14.00 ,-4.98 ,-11.96 ,8.90 ,2.40 ,-4.88 ,
1998-07,15.60 ,,,,,,,,-21.19 ,-15.10 ,-6.12 ,-12.79 ,2.70 ,2.80 ,-4.96 ,
1998-08,17.40 ,,,,,,,,-17.25 ,-15.34 ,-7.97 ,-20.13 ,-3.10 ,2.30 ,-5.54 ,
1998-09,20.00 ,,,,,,,,-22.90 ,-16.54 ,-10.14 ,-25.68 ,7.10 ,2.70 ,-4.19 ,
1998-10,21.20 ,,,,,,,,-44.24 ,-21.31 ,-10.20 ,-2.43 ,22.20 ,4.80 ,-5.38 ,
1998-11,22.30 ,,,,,,,,-21.20 ,-21.32 ,-9.14 ,-0.71 ,16.70 ,6.00 ,-5.68 ,
1998-12,19.50 ,,,,,,,,17.80 ,-21.49 ,-13.45 ,-21.31 ,6.90 ,5.40 ,-5.38 ,
1999-01,,,,,,,,,-9.31 ,-9.31 ,-2.16 ,-2.16 ,32.00 ,32.00 ,-4.92 ,
1999-02,28.30 ,,,,,,,,-27.83 ,-15.49 ,-13.59 ,-16.36 ,1.30 ,16.30 ,-4.89 ,
1999-03,22.70 ,,,,,,,,-7.41 ,-9.71 ,1.55 ,12.01 ,10.70 ,14.60 ,-4.62 ,
1999-04,18.10 ,,,,,,,,-9.85 ,-12.20 ,7.61 ,24.74 ,9.80 ,13.10 ,-3.86 ,
1999-05,17.60 ,,,,,,,,-10.09 ,-10.68 ,10.45 ,20.15 ,5.30 ,11.20 ,-3.42 ,
1999-06,15.10 ,,,,,,,,2.64 ,-7.98 ,8.48 ,19.55 ,-0.90 ,8.80 ,-3.60 ,
1999-07,12.70 ,,,,,,,,-7.84 ,-9.79 ,10.62 ,14.24 ,6.50 ,8.30 ,-2.51 ,
1999-08,10.40 ,,,,,,,,8.45 ,-7.21 ,11.58 ,19.22 ,27.00 ,10.30 ,-2.30 ,
1999-09,8.10 ,,,,,,,,17.93 ,-4.01 ,16.92 ,59.14 ,26.10 ,13.00 ,-2.10 ,
1999-10,7.00 ,,,,,,,,11.51 ,-2.36 ,13.45 ,15.15 ,4.90 ,-11.80 ,-0.74 ,
1999-11,6.80 ,,,,,,,,14.27 ,-0.96 ,13.44 ,13.26 ,3.10 ,10.90 ,-1.04 ,
1999-12,6.30 ,,,,,,,,17.36 ,0.79 ,20.11 ,30.48 ,22.70 ,13.70 ,-0.83 ,
2000-01,,,,,,,,,-17.96 ,-17.96 ,43.87 ,43.87 ,-0.20 ,-0.20 ,0.03 ,
2000-02,8.60 ,,,,,,,,34.32 ,1.67 ,50.36 ,47.93 ,0.90 ,2.40 ,1.20 ,
2000-03,8.50 ,,,,,,,,12.65 ,5.30 ,46.11 ,40.49 ,16.90 ,8.30 ,1.87 ,
2000-04,9.30 ,,,,,,,,30.35 ,13.69 ,40.90 ,35.51 ,15.50 ,10.50 ,2.59 ,
2000-05,9.50 ,,,,,,,,6.27 ,13.65 ,36.06 ,22.83 ,12.90 ,11.00 ,0.67 ,
2000-06,12.10 ,,,,,,,,15.29 ,13.65 ,36.56 ,36.98 ,18.70 ,12.70 ,2.95 ,
2000-07,12.60 ,,,,,,,,26.43 ,15.43 ,36.63 ,39.14 ,21.80 ,13.80 ,4.50 ,
2000-08,12.70 ,,,,,,,,31.10 ,18.04 ,38.76 ,53.44 ,22.20 ,14.70 ,3.92 ,
2000-09,12.90 ,,,,,,,,29.78 ,18.71 ,38.12 ,33.56 ,12.90 ,14.50 ,3.70 ,
2000-10,12.60 ,,,,,,,,32.71 ,21.43 ,36.75 ,25.64 ,-0.70 ,12.30 ,3.60 ,
2000-11,11.70 ,,,,,,,,12.99 ,20.60 ,35.72 ,27.02 ,8.40 ,11.90 ,3.50 ,
2000-12,9.70 ,,,,,,,,-2.67 ,18.20 ,34.33 ,19.90 ,9.20 ,11.60 ,2.80 ,
2001-01,,,,,,,,,-11.60 ,-11.60 ,-2.20 ,-2.20 ,3.00 ,3.00 ,1.43 ,
2001-02,16.70 ,,,,,,,,0.10 ,0.00 ,64.20 ,137.50 ,60.20 ,28.00 ,0.90 ,
2001-03,15.10 ,,,,,,,,-3.50 ,-1.60 ,41.90 ,14.60 ,15.40 ,21.10 ,0.20 ,
2001-04,16.50 ,,,,,,,,-21.00 ,-9.40 ,31.90 ,10.50 ,10.40 ,19.40 ,-0.10 ,
2001-05,17.60 ,,,,,,,,1.30 ,-6.40 ,24.30 ,-0.80 ,3.30 ,16.40 ,-0.20 ,
2001-06,17.90 ,,,,,,,,6.60 ,-3.20 ,19.40 ,-1.70 ,6.20 ,14.80 ,-0.60 ,
2001-07,18.40 ,,,,,,,,9.70 ,-1.20 ,17.50 ,2.30 ,2.20 ,13.50 ,-1.30 ,
2001-08,18.90 ,,,,,,,,-6.00 ,-1.90 ,14.20 ,-6.40 ,7.00 ,12.70 ,-2.00 ,
2001-09,18.20 ,,,,,,,,11.80 ,1.10 ,11.80 ,-4.20 ,16.40 ,12.90 ,-2.90 ,
2001-10,17.40 ,,,,,,,,-4.20 ,0.40 ,10.30 ,-3.00 ,12.70 ,12.70 ,-3.10 ,
2001-11,16.30 ,,,,,,,,13.40 ,1.60 ,3.30 ,-10.40 ,5.50 ,11.90 ,-3.70 ,
2001-12,13.70 ,,,,,,,,-16.10 ,0.60 ,2.10 ,-10.90 ,1.00 ,11.20 ,-4.00 ,
2002-01,,,,,,,,,15.50 ,15.50 ,7.10 ,7.10 ,41.30 ,41.30 ,-4.20 ,
2002-02,24.50 ,,,,,,,,-2.80 ,8.00 ,-6.40 ,-19.50 ,-5.70 ,15.80 ,-4.20 ,
2002-03,26.10 ,,,,,,,,-7.50 ,0.20 ,-4.00 ,-0.60 ,21.40 ,18.10 ,-4.00 ,
2002-04,27.10 ,,,,,,,,-4.30 ,0.60 ,2.10 ,8.60 ,35.40 ,23.10 ,-3.06 ,
2002-05,25.80 ,,,,,,,,-9.70 ,-2.40 ,4.90 ,15.20 ,53.50 ,29.40 ,-2.63 ,
2002-06,24.40 ,,,,,,,,-7.60 ,-3.80 ,6.40 ,9.70 ,33.70 ,30.30 ,-2.50 ,
2002-07,24.10 ,,,,,,,,13.30 ,6.50 ,7.10 ,11.10 ,46.40 ,32.20 ,-2.30 ,
2002-08,24.20 ,,,,,,,,0.70 ,5.40 ,9.60 ,21.70 ,35.20 ,32.70 ,-1.70 ,
2002-09,24.30 ,,,,,,,,-1.00 ,4.40 ,10.90 ,18.40 ,35.10 ,33.20 ,-1.40 ,
2002-10,24.10 ,,,,,,,,17.30 ,6.50 ,13.90 ,40.70 ,53.80 ,35.30 ,-1.00 ,
2002-11,23.40 ,,,,,,,,-1.80 ,6.90 ,16.70 ,45.00 ,49.30 ,36.60 ,-0.40 ,
2002-12,17.40 ,,,,,,,,19.10 ,6.00 ,20.70 ,45.10 ,57.80 ,38.83 ,0.40 ,
2003-01,,,,,,,,,22.00 ,22.00 ,43.10 ,43.10 ,55.50 ,55.50 ,2.40 ,2.40 
2003-02,32.80 ,,,,,,,,34.70 ,28.30 ,49.60 ,56.90 ,69.10 ,62.20 ,4.00 ,3.20 
2003-03,31.60 ,,,,,,,,30.80 ,27.80 ,45.40 ,47.80 ,41.40 ,54.00 ,4.60 ,3.60 
2003-04,30.50 ,,,,,,,,49.40 ,33.60 ,41.60 ,26.90 ,19.00 ,42.20 ,3.60 ,3.60 
2003-05,31.70 ,,,,,,,,6.40 ,25.90 ,39.40 ,34.60 ,-0.30 ,32.10 ,2.00 ,3.30 
2003-06,32.80 ,,,,,,,,32.00 ,27.80 ,39.90 ,41.30 ,31.80 ,32.20 ,1.30 ,3.00 
2003-07,32.70 ,,,,,,,,14.90 ,25.30 ,38.60 ,32.30 ,42.10 ,33.50 ,1.40 ,2.80 
2003-08,32.40 ,,,,,,,,33.20 ,27.00 ,38.00 ,30.50 ,48.80 ,35.10 ,1.40 ,2.60 
2003-09,31.40 ,,,,,,,,11.70 ,24.30 ,36.50 ,28.30 ,36.80 ,35.70 ,1.40 ,2.40 
2003-10,30.20 ,,,,,,,,11.30 ,23.00 ,35.60 ,32.70 ,21.40 ,34.20 ,1.20 ,2.30 
2003-11,29.60 ,,,,,,,,38.60 ,24.50 ,34.10 ,21.80 ,32.70 ,33.00 ,1.90 ,2.30 
2003-12,28.40 ,,,,,,,,37.30 ,25.80 ,-0.97 ,36.30 ,28.60 ,36.69 ,3.00 ,2.30 
2004-01,,,,,,,,,-3.20 ,-3.20 ,4.80 ,4.80 ,-9.30 ,-9.30 ,3.50 ,3.50 
2004-02,53.00 ,98.20 ,,,,,,,62.70 ,25.40 ,26.10 ,57.30 ,44.70 ,16.20 ,3.50 ,3.50 
2004-03,47.80 ,75.80 ,,,,,,,32.30 ,26.70 ,26.90 ,23.00 ,36.10 ,24.00 ,4.00 ,3.70 
2004-04,42.80 ,65.10 ,,,,,,,40.50 ,30.80 ,30.00 ,35.80 ,34.60 ,26.90 ,5.00 ,4.00 
2004-05,34.80 ,51.30 ,,,,,,,18.20 ,19.20 ,31.20 ,38.70 ,33.30 ,28.20 ,5.70 ,4.30 
2004-06,31.00 ,42.00 ,,,,,,,0.50 ,21.40 ,32.00 ,34.40 ,20.40 ,26.90 ,6.40 ,4.70 
2004-07,31.10 ,41.90 ,,,,,,,8.60 ,18.70 ,32.80 ,35.00 ,5.40 ,23.90 ,6.40 ,4.90 
2004-08,30.30 ,40.70 ,,,,,,,1.00 ,14.80 ,34.30 ,46.70 ,3.60 ,21.30 ,6.80 ,5.20 
2004-09,29.90 ,41.70 ,,,,,,,11.00 ,14.40 ,34.80 ,32.30 ,1.20 ,18.60 ,7.90 ,5.50 
2004-10,29.50 ,40.40 ,,,,,,,8.50 ,13.90 ,35.00 ,35.10 ,3.80 ,17.50 ,8.40 ,5.80 
2004-11,28.90 ,39.20 ,,,,,,,-16.10 ,7.60 ,36.20 ,48.20 ,5.90 ,16.30 ,8.10 ,6.00 
2004-12,27.60 ,36.30 ,,,,,,,21.00 ,9.90 ,59.15 ,28.40 ,-1.50 ,14.56 ,7.10 ,6.10 
2005-01,,,,,,,,,13.70 ,13.70 ,52.60 ,52.60 ,37.60 ,37.60 ,5.80 ,5.80 
2005-02,24.50 ,19.80 ,,,,,,,-1.90 ,6.30 ,25.70 ,4.50 ,-21.00 ,1.90 ,5.38 ,5.60 
2005-03,25.30 ,25.60 ,,,,,,,-23.20 ,-7.90 ,15.80 ,2.70 ,0.70 ,1.60 ,5.60 ,5.60 
2005-04,25.70 ,28.80 ,,,,,,,-20.00 ,-7.20 ,14.60 ,13.50 ,6.80 ,3.60 ,5.78 ,5.70 
2005-05,26.40 ,31.70 ,,,,,,,16.90 ,-0.80 ,14.70 ,15.20 ,6.10 ,4.00 ,5.90 ,5.70 
2005-06,27.10 ,35.10 ,,,,,,,13.20 ,1.30 ,14.80 ,16.30 ,19.60 ,6.50 ,5.20 ,5.60 
2005-07,27.20 ,35.10 ,,,,,,,-8.90 ,-0.70 ,15.30 ,16.20 ,27.80 ,9.00 ,5.20 ,5.60 
2005-08,27.40 ,35.70 ,,,,,,,7.90 ,1.10 ,14.60 ,9.10 ,15.80 ,9.70 ,5.30 ,5.50 
2005-09,27.70 ,36.10 ,,,,,,,20.10 ,3.50 ,14.40 ,10.70 ,16.70 ,10.00 ,4.50 ,5.40 
2005-10,27.60 ,37.10 ,,,,,,,14.40 ,4.50 ,16.50 ,-2.20 ,13.20 ,10.40 ,4.00 ,5.30 
2005-11,27.80 ,38.00 ,,,,,,,8.50 ,5.00 ,14.70 ,-2.40 ,21.60 ,11.40 ,3.20 ,5.10 
2005-12,27.20 ,39.20 ,,,,,,,35.10 ,9.60 ,12.80 ,-1.20 ,33.00 ,13.00 ,3.20 ,4.90 
2006-01,,,,,,,,,-6.60 ,-6.60 ,4.50 ,4.50 ,26.10 ,26.10 ,3.05 ,3.05 
2006-02,26.60 ,35.40 ,21.80 ,27.00 ,27.30 ,21.20 ,31.80 ,25.30 ,-38.80 ,-27.10 ,7.20 ,10.70 ,57.90 ,40.60 ,3.01 ,3.00 
2006-03,29.80 ,36.30 ,21.50 ,22.00 ,23.90 ,21.70 ,25.70 ,24.90 ,-12.20 ,-4.20 ,13.60 ,21.80 ,29.50 ,36.30 ,2.49 ,2.90 
2006-04,29.60 ,37.60 ,17.90 ,16.40 ,20.60 ,20.20 ,21.40 ,24.10 ,-2.80 ,-3.40 ,12.70 ,13.00 ,21.40 ,31.80 ,1.87 ,2.60 
2006-05,30.30 ,37.10 ,18.60 ,18.20 ,21.50 ,20.80 ,23.20 ,23.80 ,-1.60 ,-3.70 ,12.20 ,10.10 ,28.40 ,30.60 ,2.43 ,2.60 
2006-06,31.30 ,38.60 ,19.20 ,24.50 ,21.90 ,21.80 ,22.30 ,23.90 ,20.40 ,1.30 ,10.80 ,7.30 ,15.40 ,27.80 ,3.52 ,2.70 
2006-07,30.50 ,38.10 ,21.30 ,24.30 ,22.20 ,20.80 ,21.90 ,23.70 ,5.60 ,2.00 ,11.60 ,15.10 ,10.40 ,25.30 ,3.58 ,2.90 
2006-08,29.10 ,36.00 ,21.40 ,22.70 ,23.70 ,21.80 ,20.90 ,23.70 ,16.20 ,4.00 ,12.30 ,17.90 ,13.30 ,24.10 ,3.40 ,2.90 
2006-09,28.20 ,33.80 ,21.20 ,21.40 ,24.40 ,22.20 ,16.40 ,22.50 ,16.90 ,6.30 ,13.00 ,16.20 ,23.20 ,24.00 ,3.50 ,3.00 
2006-10,26.80 ,30.50 ,21.10 ,19.10 ,22.40 ,22.20 ,16.80 ,22.10 ,22.20 ,8.10 ,13.80 ,22.50 ,35.60 ,25.10 ,2.90 ,3.00 
2006-11,26.60 ,30.10 ,21.30 ,19.30 ,20.60 ,22.20 ,18.80 ,22.00 ,28.70 ,10.50 ,13.90 ,16.50 ,27.80 ,26.10 ,2.78 ,3.00 
2006-12,24.30 ,29.10 ,21.10 ,20.30 ,19.60 ,21.90 ,15.40 ,21.60 ,23.50 ,11.30 ,14.70 ,19.20 ,19.00 ,26.00 ,3.10 ,3.00 
2007-01,,,,,,,,,54.90 ,54.90 ,32.10 ,32.10 ,39.60 ,39.60 ,3.30 ,3.30 
2007-02,23.40 ,26.40 ,23.50 ,16.30 ,15.40 ,24.20 ,15.90 ,23.00 ,12.20 ,31.70 ,12.30 ,-4.80 ,3.80 ,21.50 ,2.60 ,3.00 
2007-03,25.30 ,31.70 ,23.80 ,23.40 ,22.30 ,23.80 ,18.10 ,20.50 ,46.80 ,30.40 ,8.60 ,3.00 ,17.80 ,22.30 ,2.70 ,2.90 
2007-04,25.50 ,32.40 ,24.00 ,24.20 ,19.60 ,22.30 ,22.30 ,22.00 ,58.80 ,39.50 ,8.70 ,11.10 ,18.60 ,21.40 ,2.90 ,2.90 
2007-05,25.90 ,35.50 ,24.40 ,23.80 ,20.60 ,21.80 ,22.90 ,22.70 ,37.10 ,37.30 ,9.30 ,11.90 ,25.70 ,22.00 ,2.80 ,2.80 
2007-06,26.70 ,34.70 ,24.70 ,26.70 ,25.50 ,22.80 ,25.20 ,23.70 ,21.60 ,33.60 ,10.00 ,13.60 ,27.60 ,22.90 ,2.49 ,2.80 
2007-07,26.60 ,35.10 ,24.50 ,22.40 ,23.50 ,23.00 ,20.50 ,22.80 ,10.40 ,29.30 ,10.10 ,9.60 ,32.70 ,24.30 ,2.40 ,2.70 
2007-08,26.70 ,35.70 ,24.40 ,21.80 ,22.40 ,22.90 ,19.90 ,22.40 ,6.00 ,25.60 ,10.60 ,12.70 ,21.70 ,24.00 ,2.60 ,2.70 
2007-09,26.40 ,35.60 ,24.00 ,20.30 ,23.20 ,22.80 ,24.50 ,22.80 ,2.40 ,22.20 ,11.70 ,19.90 ,19.60 ,23.60 ,2.70 ,2.70 
2007-10,26.90 ,36.50 ,23.80 ,21.00 ,23.40 ,23.00 ,21.60 ,22.70 ,4.60 ,20.10 ,11.70 ,10.60 ,24.30 ,23.70 ,3.20 ,2.80 
2007-11,26.80 ,37.20 ,23.60 ,19.10 ,24.40 ,23.30 ,17.90 ,21.30 ,9.30 ,19.60 ,11.40 ,6.50 ,21.70 ,23.50 ,4.55 ,2.90 
2007-12,25.80 ,34.70 ,23.70 ,18.50 ,26.60 ,24.20 ,21.70 ,21.60 ,18.20 ,19.80 ,11.70 ,7.40 ,23.80 ,22.90 ,5.43 ,3.10 
2008-01,,,,,,,,,-33.90 ,-33.90 ,26.75 ,26.75 ,9.78 ,9.78 ,6.10 ,6.10 
2008-02,24.30 ,35.80 ,19.90 ,20.60 ,22.90 ,21.90 ,20.20 ,20.30 ,-1.10 ,-18.90 ,22.50 ,18.40 ,16.00 ,12.50 ,6.62 ,6.40 
2008-03,25.90 ,31.90 ,19.60 ,18.50 ,21.80 ,22.50 ,25.80 ,22.50 ,1.50 ,-9.80 ,18.80 ,11.90 ,21.30 ,15.80 ,7.95 ,6.90 
2008-04,25.70 ,31.20 ,18.70 ,15.70 ,21.40 ,22.00 ,20.60 ,22.40 ,-16.60 ,-11.70 ,12.90 ,7.70 ,22.20 ,17.40 ,8.12 ,7.20 
2008-05,25.60 ,30.50 ,18.60 ,17.70 ,21.70 ,22.10 ,21.80 ,22.20 ,1.50 ,-0.20 ,16.20 ,12.50 ,21.70 ,18.10 ,8.22 ,7.40 
2008-06,26.80 ,31.40 ,19.30 ,17.20 ,20.60 ,21.80 ,21.30 ,22.40 ,18.20 ,3.50 ,8.60 ,1.40 ,14.80 ,17.60 ,8.84 ,7.60 
2008-07,27.30 ,32.20 ,18.40 ,14.60 ,18.40 ,21.30 ,20.40 ,22.20 ,15.60 ,6.10 ,6.80 ,-2.90 ,13.20 ,17.20 ,10.03 ,8.00 
2008-08,27.40 ,33.00 ,17.90 ,15.70 ,15.00 ,20.60 ,21.40 ,21.80 ,14.40 ,6.40 ,5.60 ,-3.50 ,-3.30 ,14.90 ,10.06 ,8.20 
2008-09,27.60 ,33.40 ,17.70 ,16.80 ,16.20 ,20.00 ,22.30 ,21.70 ,10.90 ,7.10 ,2.90 ,-14.50 ,3.20 ,13.60 ,9.13 ,8.30 
2008-10,27.20 ,32.80 ,16.50 ,8.30 ,11.90 ,19.20 ,17.80 ,21.40 ,15.20 ,7.80 ,1.70 ,-9.30 ,-0.70 ,12.40 ,6.59 ,8.20 
2008-11,26.80 ,32.20 ,16.00 ,8.30 ,8.00 ,18.40 ,19.40 ,21.30 ,-3.70 ,6.50 ,0.20 ,-20.20 ,-15.90 ,9.70 ,1.99 ,7.60 
2008-12,26.60 ,30.70 ,15.00 ,7.10 ,4.10 ,16.90 ,12.00 ,20.50 ,15.90 ,7.60 ,-2.40 ,-28.80 ,-18.90 ,6.50 ,-1.14 ,6.90 
2009-01,,,,,,,,,-1.36 ,-1.36 ,-33.79 ,-33.79 ,-21.62 ,-21.62 ,-3.35 ,-3.35 
2009-02,26.50 ,25.40 ,3.30 ,12.10 ,14.70 ,4.50 ,21.50 ,11.10 ,32.80 ,15.70 ,-21.40 ,-6.60 ,22.90 ,-1.70 ,-4.47 ,-3.90 
2009-03,28.60 ,27.30 ,5.30 ,9.80 ,11.40 ,6.80 ,14.40 ,11.30 ,34.00 ,21.50 ,-16.40 ,-18.30 ,10.80 ,3.70 ,-6.00 ,-4.60 
2009-04,30.50 ,29.00 ,5.80 ,7.50 ,7.10 ,6.40 ,13.60 ,11.80 ,48.50 ,30.30 ,-20.50 ,-21.00 ,17.90 ,7.60 ,-6.60 ,-5.10 
2009-05,32.90 ,29.90 ,6.20 ,7.00 ,9.30 ,7.20 ,14.80 ,12.40 ,2.60 ,23.90 ,-21.10 ,-22.70 ,29.00 ,12.00 ,-7.20 ,-5.50 
2009-06,33.60 ,29.30 ,6.90 ,10.40 ,8.30 ,7.30 ,14.00 ,12.40 ,2.30 ,19.40 ,-19.10 ,-8.50 ,38.80 ,16.40 ,-7.80 ,-5.90 
2009-07,32.90 ,28.10 ,6.60 ,9.10 ,11.30 ,7.70 ,12.10 ,12.10 ,3.00 ,16.40 ,-18.60 ,-10.60 ,51.60 ,20.70 ,-8.20 ,-6.20 
2009-08,33.00 ,27.30 ,7.00 ,8.50 ,12.00 ,8.40 ,10.40 ,11.80 ,1.20 ,13.70 ,-17.70 ,-9.20 ,90.00 ,27.10 ,-7.86 ,-6.40 
2009-09,33.30 ,27.70 ,7.70 ,13.00 ,13.70 ,8.90 ,11.60 ,11.60 ,33.40 ,17.10 ,-20.10 ,2.80 ,78.70 ,31.70 ,-6.99 ,-6.50 
2009-10,33.10 ,27.50 ,8.60 ,14.00 ,15.50 ,9.40 ,11.80 ,11.60 ,18.60 ,17.30 ,-18.90 ,-7.90 ,78.60 ,37.50 ,-5.85 ,-6.40 
2009-11,32.10 ,26.80 ,9.60 ,15.50 ,17.60 ,10.30 ,13.70 ,11.80 ,40.40 ,19.80 ,-15.90 ,24.40 ,100.80 ,43.20 ,-2.08 ,-6.00 
2009-12,30.40 ,26.60 ,10.01 ,13.58 ,18.10 ,10.97 ,20.27 ,12.96 ,3.30 ,18.40 ,-13.60 ,43.10 ,130.50 ,47.80 ,1.70 ,-5.40 
2010-01,,,,,,,,,24.43 ,24.43 ,39.62 ,39.62 ,144.30 ,144.30 ,4.32 ,4.30 
2010-02,26.60 ,23.60 ,19.60 ,10.50 ,13.80 ,22.30 ,11.00 ,19.60 ,13.90 ,18.80 ,33.80 ,15.20 ,46.70 ,89.70 ,5.39 ,4.90 
2010-03,26.40 ,25.80 ,18.90 ,17.60 ,22.30 ,22.30 ,19.60 ,19.20 ,12.10 ,15.20 ,23.50 ,18.20 ,51.50 ,73.20 ,5.91 ,5.21 
2010-04,26.10 ,24.60 ,18.90 ,18.40 ,23.30 ,22.80 ,20.00 ,19.80 ,8.50 ,13.20 ,22.80 ,31.10 ,34.60 ,61.90 ,6.81 ,5.61 
2010-05,25.90 ,24.80 ,19.00 ,18.90 ,20.00 ,21.90 ,21.10 ,20.60 ,26.40 ,16.20 ,28.20 ,31.90 ,26.60 ,53.60 ,7.13 ,5.90 
2010-06,25.50 ,24.90 ,18.80 ,16.20 ,19.70 ,21.40 ,19.40 ,20.60 ,11.30 ,16.00 ,25.70 ,32.00 ,18.40 ,46.60 ,6.41 ,6.00 
2010-07,24.90 ,25.10 ,18.80 ,17.40 ,21.00 ,21.50 ,20.60 ,20.40 ,12.40 ,15.30 ,29.00 ,34.00 ,17.10 ,42.30 ,4.84 ,5.83 
2010-08,24.80 ,24.90 ,18.90 ,19.30 ,20.10 ,21.40 ,22.10 ,20.90 ,20.60 ,16.10 ,32.20 ,58.10 ,13.10 ,38.40 ,4.32 ,5.64 
2010-09,24.50 ,25.40 ,18.50 ,16.20 ,20.20 ,21.40 ,19.10 ,20.70 ,19.50 ,17.30 ,32.30 ,32.00 ,17.80 ,35.30 ,4.33 ,5.50 
2010-10,24.40 ,25.70 ,18.50 ,15.90 ,18.80 ,21.40 ,17.00 ,20.60 ,56.30 ,21.50 ,33.20 ,43.50 ,23.00 ,33.80 ,5.04 ,5.45 
2010-11,24.90 ,26.10 ,18.50 ,17.30 ,19.00 ,21.10 ,18.80 ,20.60 ,70.70 ,26.80 ,32.30 ,44.90 ,27.60 ,33.10 ,6.06 ,5.51 
2010-12,24.50 ,26.90 ,19.00 ,21.20 ,23.90 ,21.70 ,19.20 ,20.60 ,43.10 ,28.00 ,32.70 ,44.90 ,23.90 ,31.90 ,5.93 ,5.54 
2011-01,,,,,,,,,34.61 ,34.61 ,28.52 ,28.52 ,13.26 ,13.26 ,6.60 ,6.60 
2011-02,24.90 ,29.90 ,19.50 ,20.00 ,22.70 ,22.40 ,23.00 ,24.70 ,41.50 ,38.50 ,20.50 ,22.20 ,6.20 ,10.30 ,7.23 ,6.94 
2011-03,25.00 ,29.20 ,19.70 ,19.80 ,20.30 ,21.80 ,23.80 ,24.40 ,33.70 ,36.60 ,21.80 ,24.10 ,9.90 ,10.30 ,7.31 ,7.06 
2011-04,25.40 ,29.00 ,19.20 ,17.20 ,19.90 ,21.60 ,20.40 ,23.30 ,16.00 ,30.70 ,23.40 ,30.90 ,-1.60 ,6.90 ,6.82 ,7.00 
2011-05,25.80 ,31.20 ,18.70 ,17.80 ,18.90 ,20.50 ,19.70 ,22.70 ,16.50 ,27.00 ,23.90 ,26.60 ,-1.90 ,5.20 ,6.79 ,6.96 
2011-06,25.60 ,32.40 ,19.00 ,19.30 ,18.50 ,20.20 ,18.90 ,22.10 ,37.60 ,29.90 ,24.70 ,27.30 ,3.60 ,5.00 ,7.12 ,6.98 
2011-07,25.40 ,31.80 ,19.00 ,17.90 ,15.80 ,19.70 ,17.40 ,21.50 ,23.50 ,28.80 ,23.10 ,23.50 ,-1.30 ,4.00 ,7.54 ,7.06 
2011-08,25.00 ,32.20 ,18.60 ,16.00 ,15.70 ,19.00 ,17.60 ,21.20 ,18.40 ,27.00 ,20.10 ,11.30 ,9.50 ,4.70 ,7.25 ,7.09 
2011-09,24.90 ,31.50 ,18.60 ,16.80 ,14.70 ,18.50 ,20.20 ,21.00 ,30.40 ,26.90 ,20.30 ,15.20 ,2.50 ,4.50 ,6.52 ,7.02 
2011-10,24.90 ,31.60 ,18.80 ,15.70 ,15.80 ,18.20 ,20.60 ,20.90 ,26.10 ,26.90 ,18.90 ,9.40 ,1.30 ,4.20 ,5.00 ,6.82 
2011-11,24.50 ,31.50 ,18.40 ,13.60 ,14.20 ,18.10 ,18.20 ,20.60 ,43.40 ,28.60 ,17.30 ,-1.50 ,-1.30 ,3.90 ,2.72 ,6.44 
2011-12,23.80 ,31.80 ,17.80 ,13.90 ,11.70 ,17.40 ,12.70 ,19.80 ,32.70 ,28.90 ,15.30 ,-11.00 ,-6.50 ,3.00 ,1.69 ,6.03 
2012-01,,,,,,,,,-1.54 ,-1.54 ,-29.81 ,-29.81 ,-25.71 ,-25.71 ,0.73 ,0.73 
2012-02,21.50 ,24.66 ,12.20 ,25.40 ,20.90 ,8.60 ,25.90 ,11.60 ,-5.83 ,-3.90 ,-11.90 ,10.99 ,32.79 ,-1.80 ,0.03 ,0.38 
2012-03,20.90 ,24.82 ,12.80 ,13.60 ,9.80 ,8.80 ,13.50 ,12.10 ,17.60 ,3.30 ,-3.20 ,-5.50 ,5.10 ,0.00 ,-0.32 ,0.15 
2012-04,20.20 ,24.36 ,12.00 ,10.10 ,7.40 ,9.00 ,6.80 ,10.90 ,0.60 ,-0.10 ,-9.20 ,-19.00 ,10.70 ,3.10 ,-0.70 ,-0.07 
2012-05,20.10 ,24.48 ,10.80 ,7.90 ,7.80 ,8.70 ,9.50 ,10.50 ,13.70 ,1.60 ,-12.70 ,-24.40 ,18.50 ,6.20 ,-1.40 ,-0.34 
2012-06,20.40 ,24.55 ,11.20 ,11.60 ,6.50 ,8.00 ,9.60 ,10.00 ,4.50 ,2.70 ,-9.00 ,-17.80 ,13.80 ,6.70 ,-2.08 ,-0.63 
2012-07,20.40 ,24.85 ,11.30 ,11.30 ,6.50 ,7.80 ,7.90 ,9.60 ,21.20 ,5.10 ,-16.40 ,-33.70 ,12.30 ,7.40 ,-2.87 ,-0.95 
2012-08,20.20 ,23.94 ,11.60 ,12.70 ,7.90 ,8.20 ,9.20 ,9.60 ,15.20 ,6.90 ,-16.70 ,-31.70 ,8.20 ,7.60 ,-3.48 ,-1.27 
2012-09,20.50 ,23.48 ,11.80 ,11.50 ,7.20 ,7.90 ,6.80 ,9.10 ,-4.90 ,4.50 ,-16.60 ,-12.60 ,6.30 ,7.30 ,-3.55 ,-1.53 
2012-10,20.70 ,23.11 ,12.20 ,14.00 ,7.10 ,8.00 ,6.20 ,8.90 ,-7.00 ,2.90 ,-16.90 ,-19.50 ,3.80 ,6.90 ,-2.76 ,-1.65 
2012-11,20.70 ,22.75 ,12.20 ,13.60 ,9.10 ,8.20 ,6.30 ,8.70 ,-10.30 ,1.50 ,-15.70 ,-6.80 ,3.90 ,6.50 ,-2.20 ,-1.70 
2012-12,20.60 ,22.03 ,12.20 ,12.20 ,9.60 ,8.40 ,10.40 ,8.90 ,3.80 ,-2.20 ,-13.40 ,-1.40 ,5.30 ,6.30 ,-1.94 ,-1.72 
2013-01,,,,,,,,,57.90 ,57.90 ,27.90 ,27.90 ,47.50 ,47.50 ,-1.64 ,-1.64 
2013-02,21.20 ,17.00 ,13.20 ,,,9.20 ,,6.50 ,25.00 ,39.40 ,3.50 ,-15.90 ,-16.00 ,12.40 ,-1.63 ,-1.63 
2013-03,20.90 ,18.70 ,13.40 ,12.90 ,7.80 ,8.40 ,6.60 ,7.10 ,12.50 ,24.50 ,-9.00 ,-12.30 ,12.40 ,13.50 ,-1.92 ,-1.73 
2013-04,20.60 ,18.40 ,12.90 ,12.30 ,10.50 ,9.10 ,7.30 ,6.30 ,0.90 ,9.30 ,-4.00 ,-1.50 ,18.30 ,15.40 ,-2.62 ,-1.95 
2013-05,20.40 ,17.80 ,13.00 ,12.90 ,9.40 ,9.00 ,8.70 ,7.10 ,5.61 ,8.59 ,-4.88 ,-1.77 ,15.77 ,15.35 ,-2.87 ,-2.13 
2013-06,20.10 ,17.10 ,12.70 ,11.50 ,9.90 ,9.20 ,7.60 ,7.20 ,6.69 ,7.37 ,-12.55 ,-9.07 ,13.35 ,15.11 ,-2.70 ,-2.23 
2013-07,20.10 ,17.08 ,12.50 ,11.10 ,9.20 ,9.20 ,8.50 ,7.40 ,3.09 ,6.51 ,-5.37 ,-0.75 ,15.44 ,15.15 ,-2.27 ,-2.23 
2013-08,20.30 ,17.90 ,12.40 ,11.60 ,8.00 ,9.00 ,7.60 ,7.40 ,7.58 ,7.09 ,-5.45 ,0.13 ,14.58 ,15.11 ,-1.62 ,-2.16 
2013-09,20.20 ,18.48 ,12.40 ,12.30 ,9.90 ,9.10 ,10.80 ,7.80 ,0.86 ,6.41 ,-9.36 ,-20.00 ,17.45 ,15.32 ,-1.34 ,-2.07 
2013-10,20.10 ,19.06 ,12.40 ,12.10 ,9.70 ,9.20 ,11.20 ,8.20 ,-2.84 ,5.32 ,-8.33 ,1.33 ,25.26 ,17.23 ,-1.51 ,-2.01 
2013-11,19.90 ,18.56 ,12.30 ,11.30 ,9.90 ,9.30 ,10.80 ,8.50 ,-11.73 ,3.64 ,-7.84 ,-1.96 ,25.64 ,18.11 ,-1.42 ,-1.96 
2013-12,19.60 ,18.46 ,12.40 ,12.90 ,8.20 ,9.20 ,8.90 ,8.50 ,-12.87 ,2.02 ,-1.54 ,8.33 ,22.91 ,18.40 ,-1.36 ,-1.91 
2014-01,,,,,,,,,,,,,,,-1.64 ,-1.64 
2014-02,17.90 ,15.12 ,12.50 ,,,11.00 ,,12.10 ,,-3.89 ,1.33 ,,,12.53 ,-2.00 ,-1.80 
2014-03,17.60 ,15.20 ,12.10 ,11.50 ,10.70 ,10.90 ,10.70 ,11.50 ,-6.00 ,-7.40 ,7.80 ,15.00 ,7.30 ,10.80 ,-2.30 ,-2.00 
2014-04,17.30 ,15.20 ,12.00 ,11.90 ,8.80 ,10.30 ,7.40 ,10.40 ,-12.51 ,-9.51 ,5.39 ,1.11 ,8.07 ,8.36 ,-2.00 ,-1.99 
2014-05,17.20 ,14.20 ,12.00 ,12.20 ,10.00 ,10.20 ,4.00 ,9.00 ,-4.97 ,-1.62 ,4.88 ,4.68 ,12.08 ,10.79 ,-1.45 ,-1.88 
2014-06,17.30 ,14.80 ,11.80 ,11.00 ,8.80 ,9.90 ,6.90 ,8.60 ,-23.49 ,-8.01 ,5.17 ,3.36 ,11.23 ,10.90 ,-1.11 ,-1.76 
2014-07,17.00 ,14.60 ,12.00 ,12.80 ,11.90 ,10.20 ,8.90 ,8.70 ,-15.84 ,-9.37 ,4.60 ,6.97 ,10.09 ,10.85 ,-0.87 ,-1.63 
2014-08,16.50 ,14.10 ,12.00 ,11.90 ,9.80 ,10.10 ,6.60 ,8.40 ,-15.59 ,-10.38 ,4.80 ,4.40 ,3.19 ,9.93 ,-1.20 ,-1.58 
2014-09,16.10 ,13.80 ,12.10 ,12.70 ,9.50 ,10.00 ,4.60 ,7.90 ,-16.14 ,-13.67 ,4.39 ,4.10 ,4.47 ,9.30 ,-1.80 ,-1.60 
2014-10,15.90 ,13.50 ,11.90 ,10.20 ,7.80 ,9.70 ,3.50 ,7.40 ,-17.68 ,-14.02 ,4.70 ,-1.40 ,6.80 ,9.00 ,-2.24 ,-1.67 
2014-11,15.80 ,13.50 ,11.80 ,11.40 ,6.10 ,9.30 ,5.40 ,7.20 ,-9.25 ,-13.77 ,6.30 ,0.00 ,2.60 ,8.40 ,-2.69 ,-1.76 
2014-12,15.70 ,13.50 ,11.60 ,9.90 ,7.30 ,9.10 ,3.80 ,6.90 ,1.60 ,-12.60 ,3.00 ,0.00 ,3.70 ,7.10 ,-3.32 ,-1.89 
2015-01,,,,,,,,,,,,,,,-4.32 ,-4.32 
2015-02,13.90 ,10.60 ,9.70 ,,,4.80 ,,3.10 ,-34.80 ,-32.80 ,6.10 ,-7.70 ,-2.10 ,4.60 ,-4.80 ,-4.56 
2015-03,13.50 ,10.40 ,9.10 ,8.20 ,2.40 ,3.90 ,-0.20 ,1.80 ,-9.52 ,-16.11 ,-1.60 ,-7.00 ,3.50 ,4.70 ,-4.56 ,-4.56 
2015-04,12.00 ,9.90 ,8.60 ,7.30 ,2.60 ,3.60 ,2.40 ,2.00 ,7.34 ,-10.59 ,-1.50 ,-1.40 ,-0.30 ,3.20 ,-4.57 ,-4.56 
2015-05,11.40 ,10.00 ,8.30 ,7.20 ,2.70 ,3.40 ,3.10 ,2.20 ,-11.34 ,-14.97 ,-2.70 ,-5.70 ,-1.60 ,2.20 ,-4.61 ,-4.57 
2015-06,11.40 ,9.70 ,8.30 ,8.40 ,4.00 ,3.50 ,4.90 ,2.70 ,-6.17 ,-13.53 ,-4.90 ,-10.70 ,0.70 ,2.00 ,-4.81 ,-4.61 
2015-07,11.20 ,9.20 ,8.20 ,7.70 ,4.00 ,3.60 ,4.80 ,3.00 ,-4.20 ,-12.00 ,-5.70 ,-13.00 ,-11.20 ,0.20 ,-5.37 ,-4.72 
2015-08,10.90 ,8.93 ,7.90 ,6.00 ,3.80 ,3.60 ,5.20 ,3.30 ,1.51 ,-9.90 ,-5.70 ,-7.60 ,-6.50 ,-0.50 ,-5.92 ,-4.87 
2015-09,10.30 ,8.32 ,7.60 ,5.80 ,2.20 ,3.40 ,3.80 ,3.40 ,-8.02 ,-9.67 ,-7.60 ,-15.50 ,-4.70 ,-0.90 ,-5.95 ,-4.99 
2015-10,10.20 ,8.34 ,7.50 ,6.70 ,1.70 ,3.20 ,4.60 ,3.50 ,-5.55 ,-8.92 ,-8.06 ,-13.23 ,5.01 ,-0.35 ,-5.90 ,-5.10 
2015-11,10.20 ,8.43 ,7.50 ,7.20 ,2.50 ,3.10 ,2.20 ,3.40 ,-1.40 ,-8.30 ,-9.10 ,-20.00 ,16.00 ,1.40 ,-5.90 ,-5.20 
2015-12,10.00 ,8.10 ,7.40 ,6.20 ,1.20 ,2.90 ,3.20 ,3.40 ,12.10 ,-7.30 ,-9.30 ,-11.30 ,16.30 ,2.70 ,-5.90 ,-5.20 
2016-01,,,,,,,,,,,,,,,-5.30 ,-5.30 
2016-02,10.20 ,7.50 ,8.20 ,,,3.90 ,,3.50 ,,15.60 ,-12.90 ,,,5.30 ,-4.90 ,-5.10 
2016-03,10.70 ,6.40 ,8.30 ,8.20 ,6.00 ,4.80 ,4.10 ,3.80 ,15.10 ,15.80 ,-7.60 ,-1.50 ,8.90 ,6.50 ,-4.30 ,-4.80 
2016-04,10.50 ,6.00 ,8.60 ,9.30 ,3.80 ,4.50 ,5.00 ,4.10 ,14.80 ,16.10 ,-7.10 ,-4.30 ,4.30 ,5.50 ,-3.40 ,-4.50 
2016-05,9.60 ,4.60 ,8.60 ,8.60 ,4.20 ,4.40 ,5.70 ,4.50 ,8.90 ,5.80 ,-8.20 ,-9.00 ,4.10 ,5.60 ,-2.80 ,-4.10 
2016-06,9.00 ,3.30 ,8.70 ,8.90 ,4.90 ,4.50 ,6.90 ,4.90 ,0.20 ,6.20 ,-6.70 ,-1.40 ,8.10 ,6.00 ,-2.60 ,-3.90 
2016-07,8.10 ,3.00 ,8.80 ,9.70 ,3.60 ,4.40 ,5.60 ,5.00 ,4.00 ,4.60 ,-6.00 ,-1.60 ,25.40 ,8.10 ,-1.70 ,-3.60 
2016-08,8.10 ,2.80 ,9.00 ,9.80 ,5.70 ,4.60 ,7.50 ,5.40 ,3.80 ,4.00 ,-2.90 ,10.90 ,24.70 ,10.00 ,-0.80 ,-3.20 
2016-09,8.20 ,3.10 ,8.80 ,7.90 ,7.00 ,4.90 ,7.80 ,5.70 ,3.00 ,3.60 ,-2.40 ,14.10 ,31.50 ,12.30 ,0.10 ,-2.90 
2016-10,8.30 ,3.10 ,8.70 ,7.60 ,8.20 ,5.30 ,8.30 ,6.00 ,4.60 ,3.50 ,-0.50 ,16.90 ,18.00 ,12.70 ,1.20 ,-2.50 
2016-11,8.30 ,3.60 ,8.50 ,6.60 ,8.60 ,5.70 ,10.70 ,6.50 ,6.20 ,3.80 ,1.40 ,20.30 ,17.80 ,13.30 ,3.30 ,-2.00 
2016-12,8.10 ,4.20 ,8.20 ,4.70 ,8.40 ,5.90 ,8.00 ,6.70 ,9.20 ,4.70 ,2.20 ,4.60 ,12.70 ,13.10 ,5.50 ,-1.40 
2017-01,,,,,,,,,,,,,,,6.90 ,6.90 
2017-02,8.90 ,4.30 ,8.40 ,,,10.60 ,,11.50 ,,1.20 ,3.10 ,,,11.10 ,7.80 ,7.30 
2017-03,9.20 ,5.80 ,8.70 ,9.10 ,10.60 ,10.60 ,13.50 ,12.40 ,9.00 ,4.30 ,3.40 ,1.50 ,4.80 ,9.00 ,7.60 ,7.40 
2017-04,8.90 ,4.90 ,8.30 ,7.20 ,10.80 ,10.70 ,12.00 ,12.20 ,10.10 ,5.30 ,5.80 ,12.50 ,0.30 ,6.90 ,6.40 ,7.20 
2017-05,8.60 ,5.10 ,8.10 ,7.40 ,11.50 ,10.80 ,11.10 ,12.00 ,1.80 ,4.00 ,10.10 ,16.70 ,4.10 ,6.40 ,5.50 ,6.80 
2017-06,8.60 ,5.50 ,8.30 ,9.20 ,12.30 ,11.20 ,12.00 ,12.00 ,-1.00 ,3.90 ,8.70 ,7.20 ,6.20 ,6.30 ,5.50 ,6.60 
2017-07,8.30 ,4.80 ,7.90 ,5.40 ,11.50 ,11.20 ,11.90 ,12.10 ,2.80 ,3.60 ,5.20 ,6.80 ,4.30 ,6.00 ,5.50 ,6.40 
2017-08,7.80 ,4.50 ,7.40 ,4.40 ,10.70 ,11.10 ,12.10 ,12.10 ,7.80 ,2.30 ,7.80 ,7.90 ,4.70 ,5.90 ,6.30 ,6.40 
2017-09,7.50 ,4.20 ,7.20 ,5.20 ,10.60 ,11.10 ,11.30 ,12.00 ,4.60 ,4.30 ,7.40 ,3.00 ,3.10 ,4.90 ,6.90 ,6.50 
2017-10,7.30 ,4.10 ,6.90 ,4.40 ,9.60 ,10.90 ,12.30 ,12.10 ,-2.50 ,0.70 ,7.30 ,6.30 ,0.60 ,5.30 ,6.90 ,6.50 
2017-11,7.20 ,4.10 ,6.60 ,4.40 ,8.90 ,10.70 ,10.10 ,11.90 ,-12.80 ,-1.10 ,7.30 ,10.50 ,1.80 ,4.10 ,5.80 ,6.40 
2017-12,7.20 ,4.80 ,6.60 ,5.70 ,8.50 ,10.50 ,10.70 ,11.80 ,-6.80 ,-0.80 ,6.80 ,11.50 ,0.40 ,3.20 ,4.90 ,6.30 
2018-01,,,,,,,,,,,,,,,4.30 ,4.30 
2018-02,7.90 ,4.30 ,5.50 ,,,9.10 ,,10.30 ,,4.60 ,6.10 ,,,-5.00 ,3.70 ,4.00 
2018-03,7.50 ,3.80 ,4.50 ,2.80 ,6.80 ,8.20 ,11.40 ,10.70 ,-14.40 ,-3.10 ,3.10 ,-2.00 ,0.90 ,-2.60 ,3.10 ,3.70 
2018-04,7.00 ,4.80 ,4.70 ,5.40 ,9.70 ,8.60 ,13.20 ,11.40 ,-6.40 ,-4.20 ,6.30 ,12.00 ,10.80 ,0.40 ,3.40 ,3.60 
2018-05,6.10 ,5.20 ,4.20 ,2.50 ,6.60 ,8.20 ,9.60 ,11.00 ,-14.80 ,-9.50 ,5.50 ,6.10 ,9.50 ,2.00 ,4.10 ,3.70 
2018-06,6.00 ,6.80 ,3.70 ,1.40 ,6.80 ,7.90 ,11.50 ,11.10 ,-4.80 ,-8.20 ,6.10 ,-2.10 ,5.30 ,3.50 ,4.70 ,3.90 
2018-07,5.50 ,7.30 ,3.60 ,2.50 ,6.90 ,7.80 ,11.20 ,11.10 ,-8.60 ,-2.70 ,7.10 ,2.40 ,-0.50 ,3.20 ,4.60 ,4.00 
2018-08,5.30 ,7.50 ,3.70 ,4.40 ,5.90 ,7.60 ,9.80 ,10.90 ,-10.30 ,-6.70 ,5.00 ,-2.30 ,-4.40 ,2.20 ,4.10 ,4.00 
2018-09,5.40 ,8.70 ,3.70 ,3.70 ,6.10 ,7.40 ,9.70 ,10.80 ,-16.20 ,-8.20 ,4.60 ,0.00 ,-10.60 ,0.60 ,3.60 ,4.00 
2018-10,5.70 ,9.10 ,3.70 ,3.10 ,6.80 ,7.40 ,8.10 ,10.50 ,-13.10 ,-8.70 ,0.70 ,-9.80 ,-9.20 ,-0.40 ,3.30 ,3.90 
2018-11,5.90 ,9.50 ,3.70 ,3.90 ,6.70 ,7.30 ,12.40 ,10.70 ,-9.40 ,-9.00 ,0.20 ,-15.60 ,-16.70 ,-2.30 ,2.70 ,3.80 
2018-12,5.90 ,9.50 ,3.80 ,4.00 ,6.50 ,7.20 ,11.70 ,10.90 ,0.30 ,-14.70 ,0.40 ,-17.40 ,-14.90 ,-3.80 ,0.90 ,3.50 
2019-01,,,,,,,,,,,,,,,0.10 ,0.10 
2019-02,6.10 ,5.90 ,8.50 ,,,4.40 ,,10.00 ,,0.90 ,0.00 ,,,-15.10 ,0.10 ,0.10 
2019-03,6.30 ,4.60 ,11.00 ,14.60 ,14.10 ,8.40 ,16.40 ,12.60 ,10.80 ,3.70 ,-6.90 ,-5.70 ,-2.60 ,-10.40 ,0.40 ,0.20 
2019-04,6.10 ,2.50 ,8.90 ,3.30 ,2.00 ,6.70 ,2.80 ,10.10 ,-1.90 ,-40.80 ,-7.10 ,-25.00 ,-15.80 ,-11.80 ,0.90 ,0.30 
2019-05,5.60 ,2.70 ,8.40 ,6.50 ,2.50 ,5.70 ,4.90 ,9.00 ,-3.10 ,-30.10 ,-9.00 ,-17.40 ,-21.50 ,-14.10 ,0.60 ,0.40 
2019-06,5.80 ,3.00 ,7.90 ,5.70 ,2.60 ,5.10 ,5.30 ,8.30 ,-2.90 ,-23.70 ,-10.50 ,-14.00 ,-15.20 ,-14.20 ,0.00 ,0.30 
2019-07,5.70 ,3.30 ,7.30 ,4.20 ,0.70 ,4.50 ,4.00 ,7.70 ,-11.40 ,-18.90 ,-11.70 ,-17.40 ,-11.50 ,-12.80 ,-0.30 ,0.20 
2019-08,5.50 ,2.60 ,6.40 ,0.90 ,0.00 ,3.90 ,3.30 ,7.10 ,-15.00 ,-20.50 ,-16.70 ,-21.30 ,-0.60 ,-12.50 ,-0.80 ,0.10 
2019-09,5.40 ,2.50 ,6.00 ,2.60 ,3.50 ,3.90 ,7.00 ,7.10 ,-16.50 ,-1.80 ,-16.20 ,-17.80 ,-6.90 ,-12.00 ,-1.20 ,0.00 
2019-10,5.20 ,2.60 ,5.70 ,3.10 ,3.10 ,3.90 ,5.00 ,6.90 ,-2.80 ,-2.80 ,-16.90 ,-13.50 ,-2.10 ,-11.10 ,-1.60 ,-0.20 
2019-11,5.20 ,2.50 ,5.70 ,6.00 ,6.20 ,4.10 ,7.00 ,7.00 ,2.40 ,-2.50 ,-17.70 ,-13.20 ,3.70 ,-9.60 ,-1.40 ,-0.30 
2019-12,5.40 ,3.10 ,5.80 ,6.30 ,4.90 ,4.30 ,6.50 ,6.90 ,-1.10 ,-5.70 ,-18.80 ,-14.30 ,8.10 ,-8.00 ,-0.50 ,-0.30 
2020-01,,,,,,,,,,,,,,,0.10 ,0.10 
2020-02,-24.50 ,-31.50 ,-26.90 ,,,-28.20 ,,-24.40 ,,-31.50 ,-44.60 ,,,-45.80 ,-0.40 ,-0.20 
2020-03,-16.10 ,-25.20 ,-15.00 ,-1.60 ,-5.40 ,-17.20 ,-2.20 ,-13.50 ,-16.20 ,-21.30 ,-29.40 ,-21.70 ,-43.00 ,-44.60 ,-1.50 ,-0.60 
2020-04,-10.30 ,-18.80 ,-7.30 ,8.90 ,7.50 ,-9.00 ,14.30 ,-4.20 ,-5.80 ,-16.40 ,-19.90 ,11.40 ,5.10 ,-32.30 ,-3.10 ,-1.20 
2020-05,-6.30 ,-14.80 ,-4.70 ,3.60 ,7.30 ,-4.90 ,16.40 ,1.00 ,-9.80 ,-18.90 ,-14.80 ,17.10 ,19.00 ,-23.60 ,-3.70 ,-1.70 
2020-06,-3.10 ,-11.70 ,-3.10 ,2.60 ,7.40 ,-2.30 ,9.60 ,2.90 ,-18.20 ,-25.60 ,-7.70 ,15.40 ,20.40 ,-16.50 ,-3.00 ,-1.90 
2020-07,-1.60 ,-10.20 ,-1.20 ,7.80 ,9.60 ,-0.30 ,10.20 ,4.10 ,-17.30 ,-24.80 ,-9.10 ,14.70 ,26.80 ,-9.70 ,-2.40 ,-2.00 
2020-08,-0.30 ,-8.10 ,0.20 ,9.90 ,10.90 ,1.20 ,8.00 ,4.60 ,-17.40 ,-23.30 ,-6.70 ,11.80 ,7.60 ,-9.00 ,-2.00 ,-2.00 
2020-09,0.80 ,-6.50 ,1.80 ,12.60 ,12.50 ,2.60 ,8.00 ,5.10 ,-9.00 ,-20.00 ,-2.70 ,20.60 ,13.80 ,-6.10 ,-2.10 ,-2.00 
2020-10,1.80 ,-5.30 ,3.10 ,14.10 ,13.10 ,3.70 ,8.00 ,5.40 ,-7.10 ,-18.10 ,0.60 ,29.00 ,11.10 ,-4.10 ,-2.10 ,-2.00 
2020-11,2.60 ,-3.50 ,4.30 ,13.80 ,10.20 ,4.40 ,10.50 ,6.00 ,50.90 ,21.00 ,4.10 ,25.70 ,8.10 ,-2.70 ,-1.50 ,-2.00 
2020-12,2.90 ,-2.20 ,5.20 ,13.00 ,11.10 ,5.10 ,8.70 ,6.30 ,13.40 ,-1.20 ,5.90 ,32.40 ,6.50 ,-1.40 ,-0.40 ,-1.80 
2021-01,,,,,,,,,,,,,,,0.30 ,0.30 
2021-02,35.00 ,37.30 ,59.50 ,,,62.40 ,,59.20 ,,59.00 ,85.40 ,,,89.90 ,1.70 ,1.00 
2021-03,25.60 ,29.80 ,40.20 ,22.50 ,20.20 ,39.90 ,17.90 ,37.20 ,62.30 ,63.20 ,67.40 ,42.90 ,69.80 ,81.70 ,4.40 ,2.10 
2021-04,19.90 ,23.80 ,33.90 ,21.00 ,14.90 ,31.60 ,10.20 ,28.20 ,19.10 ,32.20 ,57.70 ,37.20 ,6.80 ,53.40 ,6.80 ,3.30 
2021-05,15.40 ,20.40 ,30.50 ,19.20 ,13.80 ,27.20 ,5.90 ,22.60 ,11.90 ,27.40 ,48.80 ,31.80 ,-4.00 ,38.40 ,9.00 ,4.40 
2021-06,12.60 ,19.20 ,28.20 ,19.70 ,13.90 ,24.30 ,10.50 ,20.10 ,0.60 ,22.00 ,45.60 ,29.50 ,-13.10 ,26.40 ,8.80 ,5.10 
2021-07,10.30 ,17.30 ,25.50 ,12.70 ,7.60 ,21.50 ,5.30 ,17.80 ,-2.00 ,18.20 ,44.20 ,27.50 ,-15.80 ,18.90 ,9.00 ,5.70 
2021-08,8.90 ,15.70 ,23.50 ,11.80 ,6.70 ,19.40 ,8.70 ,16.50 ,-7.70 ,14.50 ,40.60 ,23.10 ,-19.10 ,13.50 ,9.50 ,6.20 
2021-09,7.30 ,14.80 ,21.20 ,6.80 ,3.00 ,17.10 ,8.80 ,15.50 ,-0.70 ,12.50 ,38.40 ,2.10 ,-13.70 ,9.40 ,10.70 ,6.70 
2021-10,6.10 ,14.20 ,19.40 ,6.70 ,1.00 ,15.20 ,7.20 ,14.60 ,-6.70 ,10.00 ,31.90 ,4.80 ,-8.30 ,7.10 ,13.50 ,7.30 
2021-11,5.20 ,13.70 ,17.50 ,3.50 ,2.80 ,13.80 ,4.00 ,13.30 ,5.20 ,14.80 ,29.90 ,2.10 ,-7.10 ,5.30 ,12.90 ,7.90 
2021-12,4.90 ,13.50 ,16.00 ,4.60 ,1.50 ,12.40 ,7.40 ,12.60 ,5.90 ,10.20 ,29.20 ,5.80 ,3.40 ,4.80 ,10.30 ,8.10 
2022-01,,,,,,,,,,,,,,,9.10 ,9.10 
2022-02,12.20 ,20.90 ,6.80 ,,,5.00 ,,8.80 ,,-5.90 ,7.20 ,,,11.10 ,8.80 ,8.90 
2022-03,9.30 ,15.60 ,4.90 ,2.10 ,-0.70 ,2.60 ,7.60 ,8.20 ,-6.50 ,-6.20 ,1.50 ,3.60 ,-4.90 ,4.90 ,8.30 ,8.70 
2022-04,6.80 ,12.20 ,1.50 ,-6.60 ,-15.80 ,-2.70 ,-5.50 ,4.30 ,-10.00 ,-7.40 ,-5.20 ,-19.00 ,-43.50 ,-7.80 ,8.00 ,8.50 
2022-05,6.20 ,10.60 ,0.60 ,-2.30 ,-6.80 ,-3.60 ,1.10 ,3.60 ,6.90 ,-5.40 ,-8.70 ,-18.00 ,-4.80 ,-7.20 ,6.40 ,8.10 
2022-06,6.10 ,10.40 ,0.50 ,0.10 ,1.10 ,-2.70 ,6.00 ,4.10 ,21.90 ,-1.00 ,-7.30 ,-11.70 ,26.80 ,-2.10 ,6.10 ,7.70 
2022-07,5.70 ,9.90 ,0.10 ,-2.30 ,-0.40 ,-2.20 ,4.00 ,4.10 ,30.30 ,-0.30 ,-10.10 ,-14.80 ,31.50 ,2.90 ,4.20 ,7.20 
2022-08,5.80 ,10.00 ,-0.20 ,-2.30 ,0.80 ,-1.90 ,4.50 ,4.30 ,8.00 ,2.90 ,-10.50 ,-13.50 ,39.00 ,6.10 ,2.30 ,6.60 
2022-09,5.90 ,10.10 ,-0.10 ,1.30 ,2.30 ,-1.40 ,4.90 ,4.40 ,16.40 ,4.60 ,-11.10 ,-12.00 ,25.40 ,8.10 ,0.90 ,5.90 
2022-10,5.80 ,9.70 ,-0.40 ,-3.10 ,2.00 ,-1.00 ,3.00 ,4.20 ,9.40 ,4.90 ,-12.50 ,-8.50 ,8.60 ,8.10 ,-1.30 ,5.20 
2022-11,5.30 ,9.30 ,-0.40 ,-0.30 ,-0.90 ,-1.00 ,2.30 ,4.00 ,-15.20 ,1.50 ,-12.50 ,-13.20 ,-9.90 ,5.60 ,-1.30 ,4.60 
2022-12,5.10 ,9.10 ,-0.40 ,-1.20 ,-3.40 ,-1.20 ,-0.50 ,3.60 ,-13.70 ,-1.10 ,-13.10 ,-11.70 ,-16.70 ,3.40 ,-0.70 ,4.10 
2023-01,,,,,,,,,,,,,,,-0.80 ,-0.80 
2023-02,5.50 ,8.10 ,-0.80 ,,,-1.30 ,,3.90 ,,23.20 ,-11.80 ,,,-14.00 ,-1.40 ,-1.10 
2023-03,5.10 ,7.00 ,1.60 ,4.80 ,4.60 ,1.10 ,7.30 ,5.50 ,-2.60 ,-4.10 ,-6.80 ,0.00 ,11.20 ,-5.10 ,-2.50 ,-1.60 
2023-04,4.70 ,6.40 ,1.80 ,2.70 ,13.50 ,4.00 ,9.10 ,6.40 ,-10.60 ,4.30 ,-3.00 ,-1.90 ,59.80 ,4.30 ,-3.60 ,-2.10 
2023-05,4.00 ,6.00 ,1.30 ,-0.10 ,6.10 ,4.50 ,3.90 ,5.90 ,3.90 ,-1.20 ,-2.00 ,1.90 ,17.30 ,7.10 ,-4.60 ,-2.60 
2023-06,3.80 ,6.00 ,1.50 ,2.40 ,-0.20 ,3.60 ,3.40 ,5.50 ,-0.70 ,-1.20 ,-2.90 ,0.00 ,0.80 ,6.10 ,-5.40 ,-3.10 
2023-07,3.40 ,5.70 ,1.60 ,1.40 ,-1.40 ,2.80 ,1.50 ,4.90 ,-15.80 ,-3.20 ,-1.70 ,-2.10 ,-3.80 ,4.50 ,-4.40 ,-3.20 
2023-08,3.20 ,5.90 ,1.60 ,1.40 ,-0.80 ,2.40 ,-0.50 ,4.20 ,-3.30 ,-2.40 ,-1.00 ,0.00 ,4.50 ,4.80 ,-3.00 ,-3.20 
2023-09,3.10 ,6.20 ,1.90 ,3.70 ,0.00 ,2.10 ,1.60 ,3.90 ,-7.20 ,-3.60 ,1.60 ,12.50 ,3.40 ,4.60 ,-2.50 ,-3.10 
2023-10,2.90 ,6.20 ,2.30 ,5.50 ,-0.10 ,1.80 ,2.70 ,3.80 ,-6.30 ,-3.50 ,3.70 ,23.30 ,8.50 ,4.90 ,-2.60 ,-3.10 
