date,epu_index,epu_index_smooth,epu_count,total_count,epu_ratio,avg_confidence,Volatility,TurnoverRate,Interest,EPU_Baker,EPU_Deepseek
2020-01-01,100.0,,1,1,1.0,0.3215989927156254,0.030438971230727176,0.7016400424282954,0.0034052780038177953,128.05061236631067,5.595
2020-02-01,0.0,66.66666666666667,0,1,0.0,0.9180616266615889,0.019957462929263203,0.3678925748441564,0.004618561732285646,138.7855497685365,0.0
2020-03-01,100.0,33.333333333333336,1,1,1.0,0.3876195191064244,0.030589945615816634,0.6996866104109287,0.003259774593606738,83.14560721251551,5.595
2020-04-01,0.0,33.333333333333336,0,1,0.0,0.9898711578908407,0.021618757086842414,0.5056883623387981,0.004370740529508128,75.7171652226889,0.0
2020-05-01,0.0,0.0,0,1,0.0,0.7745811993147023,0.01986157385571105,0.4765043903498339,0.0037803487251704946,130.98911058372414,0.0
2020-06-01,0.0,33.333333333333336,0,1,0.0,0.8394399264580203,0.01986159027348521,0.6053642192645166,0.004277711434813022,124.24040381221278,0.0
2020-07-01,100.0,33.333333333333336,1,1,1.0,0.49416109524503204,0.03152146989322333,0.7703781657210443,0.003085860607022123,127.76891404923427,5.595
2020-08-01,0.0,33.333333333333336,0,1,0.0,0.9103703017646602,0.020863161959587297,0.6373246022920497,0.004086895461584892,125.72430990012647,0.0
2020-09-01,0.0,0.0,0,1,0.0,0.9153865746633427,0.019626252844499436,0.46027483805816594,0.004407391240362697,94.93012196786248,0.0
2020-10-01,0.0,0.0,0,1,0.0,0.8284324595811517,0.020638287274020353,0.5132753527953083,0.004690059524602971,122.2984745300473,0.0
2020-11-01,0.0,0.0,0,1,0.0,0.8844295217018555,0.019632309537621927,0.5773229335207861,0.005431127046800967,124.12303781417764,0.0
2020-12-01,0.0,33.333333333333336,0,1,0.0,0.7734011999567916,0.01962999747686413,0.6417511030926657,0.004575323002611621,93.90032107442616,0.0
2021-01-01,100.0,66.66666666666667,1,1,1.0,0.35797684981408734,0.030184219349281977,0.6193607896869202,0.0033859930606468893,176.22736387320066,5.595
2021-02-01,100.0,66.66666666666667,1,1,1.0,0.3844031234935118,0.028028976833058144,0.6487123158050675,0.003219994907402424,134.4691161662116,5.595
2021-03-01,0.0,66.66666666666667,0,1,0.0,0.7336618443689404,0.018370809397921354,0.433563092979827,0.003528648488546181,79.59175869913774,0.0
2021-04-01,100.0,33.333333333333336,1,1,1.0,0.36726368026516215,0.02937996954847497,0.5476575510633821,0.003243960927560899,139.95073679787285,5.595
2021-05-01,0.0,33.333333333333336,0,1,0.0,1.0,0.019082896110099962,0.6254491726198496,0.004518149201166215,86.09041350839755,0.0
2021-06-01,0.0,0.0,0,1,0.0,0.9213687648625202,0.020409974563029662,0.6798205932375121,0.005719655152438345,138.94340172749077,0.0
2021-07-01,0.0,33.333333333333336,0,1,0.0,0.7609635949851614,0.019187703154913176,0.5369955782223964,0.004391853613805141,150.08873098543933,0.0
2021-08-01,100.0,66.66666666666667,1,1,1.0,0.32954844848015175,0.02852995337638065,0.7676315032606517,0.0034079915364523135,95.63365898830665,5.595
2021-09-01,100.0,66.66666666666667,1,1,1.0,0.3391099022457888,0.031407905846637496,0.7034418159762126,0.003239861980432886,149.15541241618763,5.595
2021-10-01,0.0,66.66666666666667,0,1,0.0,0.9093145447560093,0.019869950929947852,0.4796846149199173,0.0039036950773859358,127.71429142331215,0.0
2021-11-01,100.0,33.333333333333336,1,1,1.0,0.5235737322897315,0.030009785282403865,0.7034177740222907,0.0038286292725430177,144.91593333869267,5.595
2021-12-01,0.0,33.333333333333336,0,1,0.0,0.7665497128942577,0.01867097904422093,0.6980002470270267,0.004864000612539089,172.2346530948356,0.0
2022-01-01,0.0,0.0,0,1,0.0,0.9926674254189229,0.019551344505909205,0.5406139864694346,0.0048835500697172254,107.96922013513108,0.0
2022-02-01,0.0,0.0,0,1,0.0,0.7344672898394283,0.020206649820144255,0.7006609559618304,0.004033340368798332,92.7187786844925,0.0
2022-03-01,0.0,33.333333333333336,0,1,0.0,0.8861040616398208,0.018944733653012084,0.2822220799714553,0.005189431251663751,88.6454307264515,0.0
2022-04-01,100.0,66.66666666666667,1,1,1.0,0.3621562112096577,0.030317955096061614,0.7494684639089716,0.002556292333889367,95.77981998989482,5.595
2022-05-01,100.0,66.66666666666667,1,1,1.0,0.3173546990787269,0.029341618387797135,0.6759829202952664,0.0035506464121856426,117.94107725643485,5.595
2022-06-01,0.0,,0,1,0.0,0.8629376454526899,0.019804033480641112,0.514295855333843,0.005583261909100691,125.5654228597165,0.0
2022-07-01,48.83945459011139,,16,26,0.6153846153846154,0.799035382022254,0.02430301209166983,0.6134850614522905,0.0033916419994472527,126.03608333185018,2.732567484316732
2022-08-01,41.36651045766952,52.30404801921956,16,37,0.43243243243243246,0.7068777042230436,0.0260211712139366,0.3963542714077564,0.003695739506520156,142.18294398579454,2.3144562601066094
2022-09-01,66.70617900987777,66.27612831031252,19,23,0.8260869565217391,0.8818640804157565,0.02665047383188513,0.6043324494240372,0.0037168293004659378,119.00504228464875,3.7322107156026614
2022-10-01,90.75569546339025,67.91118473910633,18,44,0.4090909090909091,0.7517559963200033,0.027974302943389158,0.6916114305554878,0.003119260438898768,163.40502925089203,5.077781161176684
2022-11-01,46.27167974405098,59.46577051103083,18,47,0.3829787234042553,0.8325044568707964,0.02547442689937409,0.7489379293150378,0.0031431830360580714,109.66923599649678,2.588900481679652
2022-12-01,41.36993632565127,55.51295739187908,19,33,0.5757575757575758,0.7623422152178821,0.022948386708569992,0.5432883576543979,0.004013127692585387,198.97269017695908,2.3146479374201885
2023-01-01,78.89725610593499,57.4529139871585,18,37,0.4864864864864865,0.8040136042355621,0.028073232696596197,0.5604552534805742,0.0029858020054380173,137.98520498374592,4.4143014791270625
2023-02-01,52.091549529889235,50.32960187860808,7,45,0.15555555555555556,0.8093420558686559,0.02326526707892661,0.5581360106766261,0.004083679064966793,92.18074190891471,2.9145221961973027
2023-03-01,20.0,37.44954995203035,16,28,0.5714285714285714,0.7369708911051054,0.02073684715099227,0.6603531267688412,0.003782158732896761,84.18874165811198,1.119
2023-04-01,40.25710032620182,26.752366775400606,11,45,0.24444444444444444,0.8939169255529117,0.024256515865573054,0.6266207938372675,0.004767510373795779,131.78699977214754,2.252384763250992
2023-05-01,20.0,28.160296796775725,8,40,0.2,0.8550265646722229,0.02280349977988611,0.5158368946219298,0.0038502442038455442,109.61163304016983,1.119
2023-06-01,24.223790064125346,31.29298637653838,13,21,0.6190476190476191,0.8878997883128379,0.022652298230431286,0.6253383676768519,0.004028852998241998,137.94347979738342,1.3553210540878131
2023-07-01,49.65516906548979,31.29298637653838,7,39,0.1794871794871795,0.8789654700855298,0.024869389990797717,0.6150207333496285,0.00428362882453659,131.97264787379933,2.778206709214153
2023-08-01,20.0,29.88505635516326,9,47,0.19148936170212766,0.8195799957622171,0.02176392950430141,0.6656774140519226,0.003626438691796685,114.13064922023918,1.119
2023-09-01,20.0,28.90347531840153,7,34,0.20588235294117646,0.8843748470046234,0.020586511209523272,0.4986076056108985,0.0043556008173157275,90.9117050578932,1.119
2023-10-01,46.71042595520458,33.65272167534082,11,47,0.23404255319148937,0.7176985004103839,0.023975239055511247,0.5689223261390476,0.004566685969152969,72.18512489137704,2.613448332193696
2023-11-01,34.2477390708179,47.60865783679117,9,26,0.34615384615384615,0.739196572483829,0.02300730230910179,0.5471384481875539,0.0032627657477116885,103.62152197802017,1.9161610010122614
2023-12-01,61.86780848435101,,13,31,0.41935483870967744,0.7090454577821076,0.027244681684923916,0.4739929984206006,0.0038188719969280273,144.06874355905668,3.4615038846994386
