date,news_title,news_content,source
2020-01-15,央行宣布降准支持实体经济,中国人民银行决定于2020年1月6日下调金融机构存款准备金率0.5个百分点，释放长期资金约8000多亿元。此次降准是全面降准，体现了逆周期调节，释放长期资金约8000多亿元。,财经日报
2020-02-03,疫情影响下股市大幅波动,受新型冠状病毒疫情影响，A股市场今日大幅低开，上证指数下跌7.72%，深证成指下跌8.45%，创业板指下跌6.85%。政府已出台多项稳定市场措施。,证券时报
2020-03-12,美联储紧急降息应对疫情,美国联邦储备委员会宣布将联邦基金利率目标区间下调1个百分点到0至0.25%之间，并启动7000亿美元量化宽松计划。全球金融市场剧烈震荡。,国际财经
2020-04-20,原油期货价格历史性跌至负值,WTI原油期货5月合约价格暴跌至每桶负37.63美元，这是原油期货1983年在纽约商品交易所开始交易以来首次跌入负值。市场担忧原油储存空间不足。,能源观察
2020-05-25,两会政府工作报告未设GDP增速目标,2020年政府工作报告未提出全年经济增速具体目标，这是改革开放以来首次。报告强调要优先稳就业保民生，坚决打赢脱贫攻坚战，努力实现全面建成小康社会目标任务。,人民日报
2020-06-18,北京疫情反弹引发市场担忧,北京新发地批发市场相关疫情引发关注，多地采取防控措施。A股市场出现调整，医药、食品等板块逆势上涨。专家表示不会影响经济复苏大局。,健康时报
2020-07-23,中美关系紧张加剧市场不确定性,美国突然要求中国关闭驻休斯敦总领馆，中美关系骤然紧张。外交部宣布对等反制措施。市场担忧贸易摩擦升级，避险情绪升温。,环球时报
2020-08-24,央行推出数字货币试点,中国人民银行数字货币研究所与多家商业银行合作，在深圳、苏州等地开展数字人民币试点。这标志着数字货币从理论走向实践。,金融科技周刊
2020-09-15,科创板公司数量突破100家,科创板上市公司数量突破100家，总市值超过1.6万亿元。科创板运行一年多来，为科技创新企业提供了重要融资渠道。,上海证券报
2020-10-29,中共十九届五中全会通过"十四五"规划建议,"十四五"规划和2035年远景目标的建议获得通过，提出到2035年基本实现社会主义现代化远景目标。强调科技自立自强，构建新发展格局。,新华社
2020-11-15,RCEP正式签署成为全球最大自贸区,区域全面经济伙伴关系协定(RCEP)正式签署，涵盖15个成员国，人口、经济体量、贸易总额均占全球总量约30%，成为全球最大的自由贸易区。,商务部网站
2020-12-16,中央经济工作会议定调2021年经济工作,中央经济工作会议强调要扎实做好"六稳"工作、全面落实"六保"任务，科学精准实施宏观政策。会议提出要增强产业链供应链自主可控能力。,经济日报
2021-01-04,央行公开市场操作维持流动性稳定,人民银行以利率招标方式开展了20亿元逆回购操作，利率持平。专家认为，货币政策将保持连续性、稳定性、可持续性，不急转弯。,中国证券报
2021-02-22,房地产贷款集中度管理正式实施,央行、银保监会房地产贷款集中度管理制度正式实施，分档设置房地产贷款余额占比和个人住房贷款余额占比上限。旨在防范房地产金融风险。,21世纪经济报道
2021-03-05,2021年政府工作报告设定GDP增长目标6%以上,李克强总理作政府工作报告，提出2021年GDP增长目标为6%以上。报告强调要保持宏观政策连续性稳定性可持续性，促进经济运行在合理区间。,中国政府网
2021-04-12,央行货币政策委员会强调稳健货币政策,人民银行货币政策委员会召开会议，强调稳健的货币政策要灵活精准、合理适度，把服务实体经济放到更加突出的位置。,金融时报
2021-05-11,第七次人口普查数据公布,全国人口共141178万人，与2010年相比增加7206万人。数据显示人口老龄化程度加深，生育政策将进一步优化。,国家统计局
2021-06-10,猪肉价格持续下跌CPI涨幅回落,5月CPI同比上涨1.3%，涨幅比上月回落0.2个百分点。其中，猪肉价格下降23.8%。专家预计全年物价将保持温和上涨态势。,统计局网站
2021-07-15,央行全面降准释放1万亿流动性,人民银行决定于7月15日下调金融机构存款准备金率0.5个百分点，释放长期资金约1万亿元。此次降准旨在支持实体经济发展，促进综合融资成本稳中有降。,央行网站
2021-08-20,教育"双减"政策引发市场震荡,《关于进一步减轻义务教育阶段学生作业负担和校外培训负担的意见》发布，教育培训行业面临重大调整。相关上市公司股价大幅下跌。,教育部网站
2021-09-16,恒大债务危机引发市场担忧,中国恒大集团流动性危机持续发酵，债务规模超过1.9万亿元。市场担心可能引发系统性金融风险。监管部门表示将维护房地产市场平稳健康发展。,财新网
2021-10-13,煤炭价格暴涨能源供应紧张,动力煤期货价格突破2000元/吨，多地出现电力供应紧张。国家发改委等部门密集出台保供稳价措施，加大煤炭产量释放。,能源局
2021-11-24,央行下调支农支小再贷款利率,人民银行下调支农、支小再贷款利率0.25个百分点，此举旨在降低"三农"、小微企业融资成本。市场解读为货币政策边际宽松信号。,第一财经
2021-12-06,中央政治局会议定调2022年经济工作,会议提出继续实施积极的财政政策和稳健的货币政策。强调稳字当头、稳中求进，要继续做好"六稳"、"六保"工作。,新华社
2022-01-17,央行开展7000亿元MLF操作,人民银行开展7000亿元中期借贷便利(MLF)操作，中标利率2.85%，较上次下降10个基点。这是自2020年4月以来首次下调MLF利率。,路透社
2022-02-21,地缘政治风险升温影响市场,俄乌局势紧张，国际油价突破95美元/桶。全球金融市场避险情绪升温，黄金、美元等避险资产受到追捧。A股市场震荡调整。,国际财经观察
2022-03-16,美联储加息25个基点启动紧缩周期,美联储宣布加息25个基点，将联邦基金利率目标区间上调至0.25%-0.5%，这是自2018年12月以来首次加息。预计年内将多次加息以应对通胀。,美联储官网
2022-04-11,上海疫情防控对经济产生影响,上海疫情防控进入关键阶段，对经济运行和产业链供应链产生一定影响。政府出台多项纾困政策支持企业渡过难关。,上海日报
2022-05-15,央行和银保监会出台支持房地产政策,针对首套住房商业性个人住房贷款利率下限调整，多地下调房贷利率。旨在支持刚性和改善性住房需求。,银保监会
2022-06-01,上海全面恢复正常生产生活秩序,上海宣布全面恢复正常生产生活秩序，企业复工复产加速推进。市场预期经济将逐步回归正常轨道。,解放日报

